date,stock_id,close,volume,open,high,low,ret1,mom3,mom5,mom10,mom20,mom60,ma5,ma10,ma20,ma60,vol20,vol_ma5,vol_ma20,volume_ratio,vol_dry_ratio,high_20,low_20,high_60,low_60,range_20,ma_max,ma_min,ma_converge_pct,ma20_slope,kd_k,kd_d,kd_cross,macd_diff,macd_signal,macd_hist,macd_cross,obv_proxy,obv_mom5,obv_up_count_3,low_non_down_count_3,obv_up_count_5,low_non_down_count_5,obv_up_count_10,low_non_down_count_10,price_tier,alpha_reversal_score,alpha_structure_score,alpha_volume_score,alpha_confirm_score,alpha_raw_score,alpha_penalty,entry_score,strategy_type,action,action_label,action_sub,note
2026-10-06,2881,154.5,16607313,154.5,154.5,154.5,0.016447368421052655,0.02657807308970095,0.01980198019801982,0.02657807308970095,0.0,0.0,151.7,152.2,151.225,151.225,0.01485964464917569,13587033.0,15482860.65,1.072625619736492,0.8775531413182356,154.5,147.0,154.5,147.0,0.048543689320074156,152.2,151.225,0.006310679611609603,0.0,53.61667177687859,41.71844546522543,1,0.655020868276722,0.5654883395459858,0.08953252873073625,1,-30760813,0.06482777800547668,2.0,3.0,2.0,3.0,4.0,6.0,100-300,31.0,22.0,16.0,16.0,85.0,0.0,85.0,ALPHA,TEST,試單,小倉試單,短線轉強｜靠近MA20｜均線收斂｜量能回溫｜低點不破
2026-10-06,1312,14.85,21589004,14.85,14.85,14.85,0.024137931034482696,0.017123287671232834,0.02768166089965396,0.010204081632653184,0.0,0.0,14.739999999999998,14.665000000000001,14.592500000000001,14.592500000000001,0.023351825735224884,12101774.2,15095235.85,1.430186597581382,0.8016949400628277,15.0,13.9,15.0,13.9,0.0740740740690859,14.739999999999998,14.592500000000001,0.009932659931990885,0.0,48.78226073673465,47.3695613810021,1,0.12818992643931182,0.1320575172011238,-0.0038675907618119787,0,54679427,1.0436566333835184,2.0,2.0,3.0,3.0,4.0,5.0,50以下,31.0,22.0,20.0,11.0,84.0,0.0,84.0,ALPHA,BUY,買進,反轉確認,短線轉強｜靠近MA20｜均線收斂｜量能回溫｜低點不破
2026-10-06,1315,69.0,48145,69.0,69.0,69.0,0.004366812227074135,0.004366812227074135,0.013215859030837107,0.011730205278592365,0.0,0.0,68.75999999999999,68.49000000000001,67.455,67.455,0.0060392217910317505,40191.8,46162.4,1.0429483735680762,0.8706609708333868,69.0,65.8,69.0,65.8,0.04637681159353081,68.75999999999999,67.455,0.018913043477986658,0.0,90.90592147524018,89.75973723745756,1,0.7185504737089303,0.5889084383481381,0.12964203536079222,0,508388,0.3557338709462361,2.0,2.0,3.0,3.0,5.0,5.0,50-100,31.0,22.0,20.0,11.0,84.0,0.0,84.0,ALPHA,TEST,試單,小倉試單,短線轉強｜靠近MA20｜均線收斂｜量能回溫｜低點不破
2026-10-06,2414,53.9,155267,53.9,53.9,53.9,0.015065913370998052,0.013157894736842035,0.015065913370998052,0.011257035647279645,0.0,0.0,53.260000000000005,53.14,52.839999999999996,52.839999999999996,0.008585834436564107,105929.6,122376.35,1.2687663915454148,0.8656051598204975,53.9,51.7,53.9,51.7,0.04081632652985491,53.260000000000005,52.839999999999996,0.007792207792063389,0.0,71.95869524021725,69.4737453068941,1,0.2930585596244626,0.2370867686202297,0.055971791004232885,0,408459,1.4727366286285073,2.0,2.0,3.0,3.0,5.0,6.0,50-100,31.0,22.0,20.0,11.0,84.0,0.0,84.0,ALPHA,TEST,試單,小倉試單,短線轉強｜靠近MA20｜均線收斂｜量能回溫｜低點不破
2026-10-06,6668,51.5,8358122,51.5,51.5,51.5,0.06735751295336789,0.09341825902335454,0.08079748163693612,0.045685279187817285,0.0,0.0,48.25,48.31,45.427499999999995,45.427499999999995,0.03833813697324603,4025267.8,4223222.0,1.979086583655796,0.9531272095097059,51.5,39.3,51.5,39.3,0.23689320387889534,48.31,45.427499999999995,0.055970873785321104,0.0,61.14209920292261,56.550053731658046,1,2.0307566129360595,1.7093232927857887,0.3214333201502708,0,54471490,0.44150831790001877,3.0,3.0,4.0,4.0,7.0,7.0,50-100,31.0,22.0,20.0,11.0,84.0,0.0,84.0,ALPHA,BUY,買進,反轉確認,短線轉強｜靠近MA20｜均線收斂｜量能回溫｜低點不破
2026-10-06,1443,23.55,26006,23.55,23.55,23.55,0.021691973969631295,0.008565310492505418,0.023913043478260843,0.0021276595744681437,0.0,0.0,23.25,23.259999999999998,23.37,23.37,0.012354794251849316,14992.6,13168.2,1.9749092510744082,1.1385458908581934,23.85,22.85,23.85,22.85,0.042462845008812616,23.37,23.25,0.005095541401057556,0.0,48.48399809893405,33.94068451989492,1,-0.1293331998893379,-0.13716617297004072,0.007832973080702826,1,-53535,-0.39422228257179714,2.0,2.0,3.0,3.0,4.0,4.0,50以下,31.0,22.0,20.0,10.0,83.0,0.0,83.0,ALPHA,TEST,試單,小倉試單,短線轉強｜靠近MA20｜均線收斂｜量能回溫｜低點不破
2026-10-06,2910,24.0,25545,24.0,24.0,24.0,0.027837259100642386,0.016949152542372836,0.03896103896103886,0.014799154334038223,0.0,0.0,23.55,23.57,23.580000000000002,23.580000000000002,0.013040826279668434,15180.4,13747.45,1.8581627865530073,1.1042338761005783,24.05,23.1,24.05,23.1,0.039583333331684,23.580000000000002,23.55,0.001249999999947964,0.0,58.672802952032924,48.356945957780816,1,-0.038617066687308466,-0.058233271630549914,0.01961620494324145,1,14457,-1.3576429260569478,2.0,2.0,3.0,4.0,4.0,5.0,50以下,31.0,22.0,20.0,10.0,83.0,0.0,83.0,ALPHA,BUY,買進,反轉確認,短線轉強｜靠近MA20｜均線收斂｜量能回溫｜低點不破
2026-10-06,4555,42.65,388152,42.65,42.65,42.65,0.030193236714975757,0.008274231678486954,0.02524038461538458,-0.004667444574095736,0.0,0.0,42.14,42.160000000000004,42.405,42.405,0.01717555738058639,178000.8,140626.6,2.7601605955060937,1.2657690650275177,44.9,41.4,44.9,41.4,0.08206330597697391,42.405,42.14,0.006213364595399467,0.0,47.17084926608505,33.28875871534211,1,-0.5596604889023311,-0.6248987100582205,0.0652382211558894,1,-10204,-0.9491457847417419,1.0,1.0,3.0,3.0,4.0,4.0,50以下,31.0,22.0,20.0,10.0,83.0,0.0,83.0,ALPHA,BUY,買進,反轉確認,短線轉強｜靠近MA20｜均線收斂｜量能回溫｜低點不破
2026-10-06,6614,35.9,48000,35.9,35.9,35.9,0.016997167138810276,0.016997167138810276,0.021337126600284417,0.001394700139469851,0.0,0.0,35.44,35.485,35.572500000000005,35.572500000000005,0.0066111612211597285,35467.4,27480.9,1.7466676855560863,1.2906200306394153,35.9,35.15,35.9,35.15,0.020891364901925034,35.572500000000005,35.44,0.0036908077993402953,0.0,51.04763790170246,36.22502834665735,1,-0.07919091829573688,-0.0924584705169346,0.013267552221197715,1,-31490,-0.5632030849042209,2.0,2.0,3.0,4.0,5.0,6.0,50以下,31.0,22.0,20.0,10.0,83.0,0.0,83.0,ALPHA,TEST,試單,小倉試單,短線轉強｜靠近MA20｜均線收斂｜量能回溫｜低點不破
2026-10-06,2605,36.95,18807859,36.95,36.95,36.95,0.051209103840683,0.043785310734463456,0.043785310734463456,0.023545706371191244,0.0,0.0,35.760000000000005,36.214999999999996,36.260000000000005,36.260000000000005,0.02287115393292686,9401764.8,10601248.7,1.7741173263862773,0.8868544702663187,37.3,35.05,37.3,35.05,0.06089309878049004,36.260000000000005,35.760000000000005,0.013531799728997786,0.0,41.26421045798148,34.364077268136796,1,-0.11545381533851895,-0.07867503469329583,-0.03677878064522312,0,27134895,46.6454521989686,2.0,2.0,3.0,3.0,4.0,4.0,50以下,31.0,22.0,20.0,8.0,81.0,0.0,81.0,ALPHA,BUY,買進,反轉確認,短線轉強｜靠近MA20｜均線收斂｜量能回溫｜低點不破
2026-10-06,2637,100.0,3342915,100.0,100.0,100.0,0.023541453428863823,0.04931794333683115,0.05263157894736836,-0.019607843137254943,0.0,0.0,97.64000000000001,98.72,99.545,99.545,0.025300237344458725,2048411.8,3042959.7,1.0985735368102307,0.6731642880449581,102.5,95.0,102.5,95.0,0.07499999999925,99.545,97.64000000000001,0.01904999999980937,0.0,53.748801439846204,45.03683804771162,1,-0.40501917892822803,-0.20354711331676362,-0.2014720656114644,0,5890738,1.2424223044721394,2.0,2.0,3.0,3.0,4.0,6.0,100-300,31.0,22.0,20.0,8.0,81.0,0.0,81.0,ALPHA,TEST,試單,小倉試單,短線轉強｜靠近MA20｜均線收斂｜量能回溫｜低點不破
2026-10-06,3356,67.5,371891,67.5,67.5,67.5,0.0014836795252224366,0.02739726027397249,0.028963414634146423,0.13636363636363646,0.0,0.0,66.67999999999999,66.51,67.5,67.5,0.047184219122377385,267035.2,364593.3846153846,1.0200157646642787,0.7324192134799675,68.6,59.4,68.6,59.4,0.13629629629427703,66.67999999999999,66.51,0.0025185185184810215,0.0,80.39301442292273,74.87987672327594,1,1.78603536268389,1.3604580350060689,0.4255773276778212,0,-644832,-0.585521215915504,3.0,3.0,4.0,4.0,6.0,6.0,50-100,31.0,22.0,20.0,8.0,81.0,0.0,81.0,ALPHA,TEST,試單,小倉試單,短線轉強｜靠近MA20｜均線收斂｜量能回溫｜低點不破
2026-10-06,9906,40.8,154794,40.8,40.8,40.8,0.05019305019305009,0.013664596273291751,0.03816793893129766,-0.01330108827085863,0.0,0.0,39.78,39.945,39.795,39.795,0.032719960017428336,71472.8,92049.75,1.681634116333812,0.7764583825594228,42.55,36.95,42.55,36.95,0.1372549019574201,39.945,39.78,0.004044117646959683,0.0,52.25714323844326,46.32202472186029,1,-0.48249997841127623,-0.6277674528809769,0.14526747446970067,0,174925,0.6571301357534649,1.0,1.0,3.0,3.0,4.0,4.0,50以下,31.0,22.0,20.0,8.0,81.0,0.0,81.0,ALPHA,BUY,買進,反轉確認,短線轉強｜靠近MA20｜均線收斂｜量能回溫｜低點不破
2026-10-06,3005,118.5,2273822,118.5,118.5,118.5,0.012820512820512775,0.008510638297872353,0.012820512820512775,0.0,0.0,0.0,117.4,117.55,116.475,116.475,0.010054664803152579,1292760.4,1712529.65,1.3277562814751844,0.754883513987626,119.0,112.5,119.0,112.5,0.054852320674642595,117.55,116.475,0.009071729957729376,0.0,58.21366182396832,52.686233156510085,1,1.035873565654697,1.0363016973032526,-0.0004281316485557074,0,8865405,0.090650507323079,1.0,2.0,2.0,3.0,4.0,5.0,100-300,31.0,22.0,16.0,11.0,80.0,0.0,80.0,ALPHA,TEST,試單,小倉試單,短線轉強｜靠近MA20｜均線收斂｜量能回溫｜低點不破
2026-10-06,8213,34.3,489258,34.3,34.3,34.3,0.01329394387001459,0.008823529411764675,0.0457317073170731,0.039393939393939315,0.0,0.0,34.18,33.64,33.1225,33.1225,0.015986991625942634,514003.4,361582.6,1.3531016149560258,1.4215379832989714,34.5,32.25,34.5,32.25,0.0655976676365715,34.18,33.1225,0.030830903789188534,0.0,79.34509262634016,77.9256806843201,1,0.331702646624521,0.1777577989522991,0.15394484767222189,0,1443117,6.193500952077123,2.0,2.0,3.0,3.0,5.0,5.0,50以下,31.0,22.0,16.0,11.0,80.0,0.0,80.0,ALPHA,BUY,買進,反轉確認,短線轉強｜靠近MA20｜均線收斂｜量能回溫｜低點不破
2026-10-06,1303,293.0,115482642,293.0,293.0,293.0,0.02447552447552437,0.15354330708661412,0.18623481781376516,0.23109243697478998,0.0,0.0,269.7,253.2,243.3,243.3,0.03566810851206061,85858917.8,70154270.8,1.646124187210567,1.2238587447480105,293.0,221.5,293.0,221.5,0.24402730375343337,269.7,243.3,0.09010238907819071,0.0,96.0943519778049,88.22220547202255,0,11.222847860003952,5.291938602160048,5.930909257843904,0,641631962,0.9644944380924567,3.0,3.0,4.0,4.0,7.0,7.0,100-300,31.0,22.0,20.0,6.0,79.0,0.0,79.0,ALPHA,BUY,買進,反轉確認,短線轉強｜靠近MA20｜均線收斂｜量能回溫｜低點不破
2026-10-06,1445,10.35,144400,10.35,10.35,10.35,0.03707414829659306,0.03499999999999992,0.03499999999999992,0.014705882352941124,0.0,0.0,10.086,10.083,10.1615,10.1615,0.01254892173948026,80954.4,76902.15,1.8777108312316122,1.0526935852898645,10.4,9.98,10.4,9.98,0.04057971014100679,10.1615,10.083,0.007584541062069128,0.0,38.105866771016075,21.85202113394321,1,-0.06692268527081069,-0.079493439317191,0.012570754046380306,1,-314029,-0.1583586829797784,1.0,2.0,2.0,3.0,3.0,6.0,50以下,31.0,22.0,16.0,10.0,79.0,0.0,79.0,ALPHA,BUY,買進,反轉確認,短線轉強｜靠近MA20｜均線收斂｜量能回溫｜低點不破
2026-10-06,1514,103.5,1070656,103.5,103.5,103.5,0.014705882352941124,0.014705882352941124,0.014705882352941124,0.019704433497536922,0.0,0.0,102.5,102.6,101.92,101.92,0.01288361292644664,828286.6,932465.95,1.1481984945402015,0.8882754378323402,105.0,99.6,105.0,99.6,0.05217391304297422,102.6,101.92,0.006570048309115194,0.0,34.144115628044375,37.938920162794844,0,0.14527139565318237,-0.007111895338490645,0.15238329099167303,0,906517,58.04109678259737,2.0,2.0,3.0,3.0,5.0,6.0,100-300,31.0,22.0,20.0,6.0,79.0,0.0,79.0,ALPHA,TEST,試單,小倉試單,短線轉強｜靠近MA20｜均線收斂｜量能回溫｜低點不破
2026-10-06,2243,57.3,619459,57.3,57.3,57.3,0.05137614678899083,0.09770114942528729,0.13465346534653455,0.1670061099796334,0.0,0.0,53.879999999999995,52.8,50.410000000000004,50.410000000000004,0.03989032407368624,460584.0,398667.4,1.5538240648721175,1.1553089116391229,57.3,45.25,57.3,45.25,0.21029668411500352,53.879999999999995,50.410000000000004,0.06055846422232868,0.0,85.69867919806038,75.50505673571814,0,2.1837595027955103,1.6543774118268437,0.5293820909686666,0,3077942,1.925711385205013,3.0,3.0,4.0,4.0,6.0,6.0,50-100,31.0,22.0,20.0,6.0,79.0,0.0,79.0,ALPHA,BUY,買進,反轉確認,短線轉強｜靠近MA20｜均線收斂｜量能回溫｜低點不破
2026-10-06,2308,2050.0,15043571,2050.0,2050.0,2050.0,0.02244389027431426,0.07611548556430447,0.11716621253406001,0.18155619596541794,0.0,0.0,1947.0,1915.5,1816.0,1816.0,0.0349560030070924,11232240.4,12137661.75,1.239412607621892,0.9254039724743522,2050.0,1620.0,2050.0,1620.0,0.2097560975608733,1947.0,1816.0,0.06390243902435908,0.0,94.57894873035744,88.71991285777658,0,43.19635488613176,14.678533732759899,28.51782115337186,0,51349747,6.017520792668069,2.0,2.0,4.0,4.0,7.0,8.0,1000以上,31.0,22.0,20.0,6.0,79.0,0.0,79.0,ALPHA,TEST,試單,小倉試單,短線轉強｜靠近MA20｜均線收斂｜量能回溫｜低點不破
2026-10-06,2328,48.1,1999099,48.1,48.1,48.1,-0.0041407867494822614,0.00732984293193728,0.023404255319148914,0.036637931034482873,0.0,0.0,47.93,47.55,46.735,46.735,0.010861646882660142,1741995.0,1527054.75,1.309120710963375,1.1407547764741237,48.3,44.9,48.3,44.9,0.07068607068460109,47.93,46.735,0.024844074843558342,0.0,90.88613967314052,87.69492200025789,0,0.5346988181164676,0.35828524787909544,0.17641357023737214,0,6784619,2.2730999275390986,2.0,2.0,4.0,4.0,6.0,7.0,50以下,31.0,22.0,20.0,6.0,79.0,0.0,79.0,ALPHA,TEST,試單,小倉試單,短線轉強｜靠近MA20｜均線收斂｜量能回溫｜低點不破
2026-10-06,2376,380.0,6692268,380.0,380.0,380.0,-0.02187902187902191,0.031207598371777445,0.04972375690607733,0.0674157303370786,0.0,0.0,373.8,369.2,360.575,360.575,0.01840250047996528,7273198.6,5827885.25,1.1483184230506251,1.2479996238772886,388.5,343.0,388.5,343.0,0.11973684210494806,373.8,360.575,0.034802631578855846,0.0,84.05531344176806,81.99559346338825,0,4.268398697960549,1.1616745814817409,3.1067241164788086,0,19668339,2.061621305079981,2.0,2.0,3.0,3.0,5.0,5.0,300-500,31.0,22.0,20.0,6.0,79.0,0.0,79.0,ALPHA,TEST,試單,小倉試單,短線轉強｜靠近MA20｜均線收斂｜量能回溫｜低點不破
2026-10-06,2476,131.5,2587243,131.5,131.5,131.5,0.023346303501945442,0.06910569105691056,0.05622489959839361,0.06048387096774199,0.0,0.0,126.5,124.95,122.275,122.275,0.01618129314209497,1401035.8,1077936.95,2.4001802702838955,1.299738171142569,131.5,117.0,131.5,117.0,0.11026615969497898,126.5,122.275,0.03212927756629556,0.0,93.59741376186747,86.1074312249792,0,1.7015557385365412,0.6963383569941792,1.005217381542362,0,6349942,1.816047448393796,3.0,3.0,3.0,3.0,6.0,6.0,100-300,31.0,22.0,20.0,6.0,79.0,0.0,79.0,ALPHA,BUY,買進,反轉確認,短線轉強｜靠近MA20｜均線收斂｜量能回溫｜低點不破
2026-10-06,2480,168.0,472563,168.0,168.0,168.0,0.009009009009008917,0.050000000000000044,0.053291536050156685,0.018181818181818077,0.0,0.0,163.2,162.45,160.6,160.6,0.011951450770986926,318304.6,267697.25,1.7652889598230772,1.189046955095724,168.0,155.5,168.0,155.5,0.07440476190431902,163.2,160.6,0.015476190476098323,0.0,68.14224636207777,51.92686608408908,0,1.720383272798216,1.149673685103561,0.5707095876946551,0,2051869,2.7460022747645363,3.0,3.0,4.0,5.0,4.0,6.0,100-300,31.0,22.0,20.0,6.0,79.0,0.0,79.0,ALPHA,BUY,買進,反轉確認,短線轉強｜靠近MA20｜均線收斂｜量能回溫｜低點不破
2026-10-06,3014,145.0,1916248,145.0,145.0,145.0,-0.010238907849829393,0.021126760563380254,0.010452961672473782,0.07011070110701101,0.0,0.0,143.5,142.3,137.025,137.025,0.014863878570475716,2308657.6,1869766.0,1.0248597952898915,1.2347307631008366,146.5,130.0,146.5,130.0,0.11379310344749109,143.5,137.025,0.0446551724134851,0.0,87.75994289575192,88.31764897955215,0,3.34898596411486,2.450516105918851,0.8984698581960089,0,14350602,0.3971363314199372,2.0,2.0,3.0,3.0,6.0,6.0,100-300,31.0,22.0,20.0,6.0,79.0,0.0,79.0,ALPHA,TEST,試單,小倉試單,短線轉強｜靠近MA20｜均線收斂｜量能回溫｜低點不破
2026-10-06,3017,3685.0,3260797,3685.0,3685.0,3685.0,0.02789400278940035,0.049857549857549754,0.08382352941176463,0.07434402332361523,0.0,0.0,3531.0,3488.5,3400.75,3400.75,0.03333741472882467,3619786.6,2983530.55,1.0929323314621326,1.2132560868196907,3685.0,3115.0,3685.0,3115.0,0.15468113975572464,3531.0,3400.75,0.0353459972862862,0.0,83.51446813226882,76.02015451267333,0,46.82525396606843,14.789558992882762,32.03569497318567,0,12106983,20.695624670721347,2.0,2.0,4.0,4.0,6.0,6.0,1000以上,31.0,22.0,20.0,6.0,79.0,0.0,79.0,ALPHA,TEST,試單,小倉試單,短線轉強｜靠近MA20｜均線收斂｜量能回溫｜低點不破
2026-10-06,3044,579.0,3954803,579.0,579.0,579.0,0.039497307001795434,0.09451795841209831,0.1113243761996161,0.11776061776061786,0.0,0.0,546.4,539.7,520.925,520.925,0.023786711745641675,2516298.8,2842872.2,1.3911293655761234,0.885125543103907,579.0,484.0,579.0,484.0,0.16407599309125376,546.4,520.925,0.043998272884207296,0.0,90.7106373956756,84.37827691469607,0,15.365717745331722,10.41772278626232,4.947994959069401,0,24309753,1.0727503545070074,3.0,3.0,5.0,5.0,8.0,8.0,500-1000,31.0,22.0,20.0,6.0,79.0,0.0,79.0,ALPHA,BUY,買進,反轉確認,短線轉強｜靠近MA20｜均線收斂｜量能回溫｜低點不破
2026-10-06,3058,8.16,437019,8.16,8.16,8.16,0.0049261083743843415,0.0012269938650306678,0.0012269938650306678,0.0012269938650306678,0.0,0.0,8.162,8.2,8.115,8.115,0.009346818554545958,396574.2,427572.5,1.022093329201478,0.9275016517666573,8.32,7.94,8.32,7.94,0.04656862744527344,8.2,8.115,0.010416666665390002,0.0,27.482942395980295,41.98060608718037,0,0.041274494217615754,0.04347906499014747,-0.002204570772531715,0,1433295,0.522349394903038,2.0,2.0,3.0,3.0,5.0,5.0,50以下,31.0,22.0,20.0,6.0,79.0,0.0,79.0,ALPHA,TEST,試單,小倉試單,短線轉強｜靠近MA20｜均線收斂｜量能回溫｜低點不破
2026-10-06,3338,70.7,1176175,70.7,70.7,70.7,0.00855920114122699,0.04123711340206171,0.04123711340206171,0.03970588235294126,0.0,0.0,69.14000000000001,68.29,67.405,67.405,0.01421307107968981,681848.8,526650.8,2.2333109529122477,1.294688624796542,70.7,64.7,70.7,64.7,0.0848656294188845,69.14000000000001,67.405,0.024540311173627625,0.0,96.9385640450021,90.5774228212493,0,0.8779028763030112,0.5034011901122173,0.37450168619079394,0,4293319,1.741948957427907,3.0,3.0,4.0,4.0,7.0,7.0,50-100,31.0,22.0,20.0,6.0,79.0,0.0,79.0,ALPHA,BUY,買進,反轉確認,短線轉強｜靠近MA20｜均線收斂｜量能回溫｜低點不破
2026-10-06,3715,133.0,12113936,133.0,133.0,133.0,0.0,0.03100775193798455,0.06827309236947787,0.1223628691983123,0.0,0.0,130.2,127.1,125.125,125.125,0.03692852870300616,7964387.0,6755917.05,1.7930853665528648,1.178875782674093,135.0,118.5,135.0,118.5,0.12406015037500707,130.2,125.125,0.03815789473655512,0.0,92.25651366469228,79.20590309181426,0,2.622012934728957,1.5943677748401237,1.0276451598888334,0,43900213,1.7111927374477633,2.0,3.0,4.0,5.0,6.0,8.0,100-300,31.0,22.0,20.0,6.0,79.0,0.0,79.0,ALPHA,BUY,買進,反轉確認,短線轉強｜靠近MA20｜均線收斂｜量能回溫｜低點不破
