date,stock_id,name,market,open,high,low,close,volume,ret1,mom3,mom5,mom10,mom20,mom60,ma5,ma10,ma20,ma60,vol20,vol_ma5,vol_ma20,volume_ratio,vol_dry_ratio,high_20,low_20,high_60,low_60,range_20,ma_max,ma_min,ma_converge_pct,ma20_slope,kd_k,kd_d,kd_cross,macd_diff,macd_signal,macd_hist,macd_cross,obv_proxy,obv_mom5,obv_up_count_3,low_non_down_count_3,obv_up_count_5,low_non_down_count_5,obv_up_count_10,low_non_down_count_10,history_count,has_60d_history,turnover,liquidity_score,liquidity_level,liquidity_tag,strategy_type,strategy_name,entry_score,action,action_label,action_sub,note,engine
2026-05-01,6761,穩得,TPEX,207.5,223.5,205.5,218.0,2818164.0,0.0,0.0,0.0234741784037557,0.1150895140664962,0.371069182389937,0.4779661016949152,218.0,212.0,198.225,171.30833333333334,0.0350908344853578,2805931.2,2388082.65,1.1800948346574185,1.1749723988824252,233.5,157.5,233.5,136.0,0.34862385320941,218.0,198.225,0.0907110091738958,0.0723559642949832,62.512468332921415,63.80597110457418,0,13.378037348910029,12.298342594501335,1.079694754408692,0,81970988.0,0.0356040865958238,0.0,3.0,1.0,4.0,4.0,8.0,1533,True,614359752000.0,90.99,HIGH,高流動性,CORE,CORE Early Entry,96.0,BUY,買進,早期卡位,CORE早期卡位｜剛轉強｜靠近MA20｜量能回溫｜高流動性,CORE
2026-05-01,5289,宜鼎,TPEX,1350.0,1360.0,1245.0,1245.0,5248881.0,0.0,0.0,0.1474654377880184,0.2388059701492537,0.3372717508055853,0.6711409395973154,1245.0,1172.0,1126.75,968.25,0.0541806082943199,5198904.8,4246432.3,1.2360684520980116,1.224299466636969,1360.0,946.0,1400.0,711.0,0.3325301204816606,1245.0,1126.75,0.0949799196786385,0.0779717770867467,65.43035243096087,62.550431197122,0,65.94486161101781,55.55060127926106,10.394260331756756,0,380824542.0,0.0139755621704145,0.0,3.0,1.0,5.0,4.0,7.0,2752,True,6534856845000.0,97.06,HIGH,高流動性,CORE,CORE Early Entry,96.0,BUY,買進,早期卡位,CORE早期卡位｜剛轉強｜靠近MA20｜量能回溫｜高流動性,CORE
2026-05-01,3088,艾訊,TPEX,105.0,109.5,104.5,108.0,3588158.0,0.0,0.0,0.1099691327095893,0.1042944440691291,0.3251533742331287,0.2661195326624832,108.0,104.17000045776368,96.78000068664552,87.0500005086263,0.0340982430927636,3575726.4,2274328.8,1.5776777746471833,1.5722117224211376,109.5,80.5,109.5,75.80000305175781,0.2685185185160322,108.0,96.78000068664552,0.1038888825300981,0.0713455429677405,86.51318869877396,82.25366048887884,0,6.178088410226451,5.214220505061263,0.9638679051651876,0,207627973.0,0.0175855775991562,0.0,3.0,1.0,5.0,4.0,9.0,2752,True,387521064000.0,90.82,HIGH,高流動性,CORE,CORE Early Entry,96.0,BUY,買進,早期卡位,CORE早期卡位｜剛轉強｜靠近MA20｜量能回溫｜高流動性,CORE
2026-05-01,5443,均豪,TPEX,125.5,132.5,122.0,129.5,25241271.0,0.0,0.0,0.1068376068376069,0.1359649122807018,0.2821782178217822,0.410675334367762,129.5,123.3,117.56500015258788,102.22000020345052,0.0394007944645863,25181016.8,14277368.65,1.7679217801804112,1.7637015207280506,132.5,99.8000030517578,132.5,83.0,0.2525096289420053,129.5,117.56500015258788,0.0921621609831656,0.0620624244229358,83.01642636319139,76.03267281525112,0,6.95716898985674,6.01204452244532,0.9451244674114196,0,2329564031.0,0.0109538782666018,0.0,3.0,1.0,5.0,4.0,9.0,2752,True,3268744594500.0,98.44,HIGH,高流動性,CORE,CORE Early Entry,96.0,BUY,買進,早期卡位,CORE早期卡位｜剛轉強｜靠近MA20｜量能回溫｜高流動性,CORE
2026-05-01,6207,雷科,TPEX,59.2,64.6,58.7,64.5,14952808.0,0.0,0.0,0.1159169697470083,0.1295972280845638,0.2721893299683742,0.1791590329135841,64.5,60.95,57.497500038146974,54.91249987284343,0.0369286110426879,14919846.4,5513157.35,2.7122041056927206,2.706225390066184,64.6,49.5,64.6,48.59999847412109,0.2341085271281532,64.5,57.497500038146974,0.108565890879759,0.06059487822539,93.90045105328956,86.11452876138387,0,2.933641991747173,2.048172143022089,0.885469848725084,0,577943912.0,0.0265595813037926,0.0,3.0,1.0,5.0,4.0,8.0,2752,True,964456116000.0,96.07,HIGH,高流動性,CORE,CORE Early Entry,96.0,BUY,買進,早期卡位,CORE早期卡位｜剛轉強｜靠近MA20｜量能回溫｜高流動性,CORE
2026-05-01,6651,全宇昕,TPEX,111.5,113.5,106.0,107.0,590172.0,0.0,0.0,0.1239496158615756,0.1505376344086022,0.2588235294117647,0.2753277479619105,107.0,100.92000045776368,96.2050006866455,94.58333371480306,0.0286628469776702,587137.6,223100.85,2.6453148878634813,2.6317138639319277,113.5,82.5999984741211,113.5,79.19999694824219,0.2887850609868235,107.0,96.2050006866455,0.1008878440490991,0.0563272015446113,70.85861007079421,73.65282653155184,0,3.9239488884441016,2.2792563925510763,1.6446924958930254,0,57738728.0,0.0103269800902756,0.0,3.0,1.0,5.0,4.0,8.0,2082,True,63148404000.0,75.17,HIGH,高流動性,CORE,CORE Early Entry,96.0,BUY,買進,早期卡位,CORE早期卡位｜剛轉強｜靠近MA20｜量能回溫｜高流動性,CORE
2026-05-01,5483,中美晶,TPEX,133.0,136.5,132.5,134.0,17887131.0,0.0,0.0,0.0307692307692306,0.0763052208835342,0.2523364485981307,0.0850202429149797,134.0,132.5,124.85,118.93333333333334,0.0279509973379976,17846504.8,13706346.1,1.3050254874273164,1.3020614443699186,141.0,105.5,141.0,104.5,0.2649253731323513,134.0,124.85,0.0682835820890427,0.0465213746852764,61.13615304123096,61.87574138744409,0,4.986600975985013,4.258853171149815,0.7277478048351975,0,3402466981.0,0.0052848896444266,0.0,3.0,1.0,5.0,4.0,9.0,2752,True,2396875554000.0,97.81,HIGH,高流動性,CORE,CORE Early Entry,96.0,BUY,買進,早期卡位,CORE早期卡位｜剛轉強｜靠近MA20｜量能回溫｜高流動性,CORE
2026-05-01,6261,久元,TPEX,95.8,96.5,88.9,91.5,13088173.0,0.0,0.0,-0.0378548741522928,0.1685823299332023,0.2248996484350345,0.2923728256495923,91.5,91.76999969482422,85.35999946594238,76.07333297729492,0.0401384513861221,13061738.4,6512210.3,2.009789671565121,2.005730435333146,99.0,70.69999694824219,99.0,65.0,0.3092896508355029,91.76999969482422,85.35999946594238,0.0700546473094184,0.0548690038038555,59.319349556620416,67.56667188318073,0,5.005552112717439,4.737620444522649,0.2679316681947901,0,286343225.0,-0.0437100888130642,0.0,3.0,0.0,4.0,4.0,8.0,2752,True,1197567829500.0,96.48,HIGH,高流動性,CORE,CORE Early Entry,96.0,BUY,買進,早期卡位,CORE早期卡位｜剛轉強｜靠近MA20｜量能回溫｜高流動性,CORE
2026-05-01,3577,泓格,TPEX,84.0,89.5,83.5,87.3,544829.0,0.0,0.0,0.0505415355354894,0.0885287197247632,0.2175732735807356,0.3748031496062991,87.3,84.81999969482422,80.74500045776367,69.19166692097981,0.0182119584489406,542863.2,315927.75,1.7245367018250164,1.7183143930851223,89.5,70.80000305175781,89.5,56.59999847412109,0.2142038596566779,87.3,80.74500045776367,0.0750859054084907,0.0531498574914827,77.42969564064558,77.38106062196402,0,4.933061021360714,4.626131941532196,0.3069290798285182,0,25883677.0,0.0215017273082027,0.0,3.0,1.0,5.0,5.0,9.0,2752,True,47563571699.99999,73.44,HIGH,高流動性,CORE,CORE Early Entry,96.0,BUY,買進,早期卡位,CORE早期卡位｜剛轉強｜靠近MA20｜量能回溫｜高流動性,CORE
2026-05-01,4749,新應材,TPEX,1030.0,1065.0,1005.0,1005.0,3107582.0,0.0,0.0,0.0255102040816326,0.1229050279329608,0.213768115942029,0.1618497109826588,1005.0,1001.1,939.8,901.8,0.0326191879006421,3066065.6,2576901.8,1.2059373003658886,1.1898263255510937,1080.0,801.0,1080.0,797.0,0.2776119402982312,1005.0,939.8,0.0648756218904827,0.0460237074961922,55.4432872293262,61.82248538024325,0,33.85690285634985,27.41826374465341,6.438639111696435,0,102324261.0,0.0313211652649652,0.0,3.0,1.0,5.0,4.0,9.0,1020,True,3123119910000.0,94.11,HIGH,高流動性,CORE,CORE Early Entry,96.0,BUY,買進,早期卡位,CORE早期卡位｜剛轉強｜靠近MA20｜量能回溫｜高流動性,CORE
2026-05-01,4542,科嶠,TPEX,204.5,205.5,194.0,199.0,1441226.0,0.0,0.0,0.1404011461318051,0.1740412979351031,0.2097264437689969,0.9605911330049262,199.0,185.6,177.775,159.96666666666667,0.0491703892341823,1435580.8,1095971.95,1.3150208816931843,1.309870019939834,205.5,152.0,209.0,97.0999984741211,0.2688442211041766,199.0,177.775,0.1066582914567504,0.0408372365337187,77.96332253905061,67.2446821386244,0,8.607743213743163,6.332665947090159,2.275077266653004,0,92169855.0,0.0158850190494999,0.0,3.0,1.0,5.0,4.0,8.0,2752,True,286803974000.0,86.32,HIGH,高流動性,CORE,CORE Early Entry,96.0,BUY,買進,早期卡位,CORE早期卡位｜剛轉強｜靠近MA20｜量能回溫｜高流動性,CORE
2026-05-01,3498,陽程,TPEX,82.0,87.7,81.3,87.7,6222870.0,0.0,0.0,0.1200510419141185,0.0366430447020302,0.2046702791708525,0.7504990553103712,87.7,85.65999984741211,83.15499954223633,68.34250017801921,0.0511850415762686,6208096.0,4906195.35,1.268369796975165,1.265358502286298,91.9000015258789,72.0999984741211,91.9000015258789,46.900001525878906,0.2257697041223721,87.7,83.15499954223633,0.0518244065873643,0.0455802794160969,71.93403467437615,62.21075671558123,0,4.2087028425851685,4.449398213227536,-0.2406953706423671,0,269682549.0,0.0236198192589462,0.0,3.0,1.0,5.0,3.0,7.0,2752,True,545745699000.0,93.59,HIGH,高流動性,CORE,CORE Early Entry,96.0,BUY,買進,早期卡位,CORE早期卡位｜剛轉強｜靠近MA20｜量能回溫｜高流動性,CORE
2026-05-01,5864,致和證,TPEX,27.65,28.75,27.4,28.5,5221805.0,0.0,0.0,0.0754716981132075,0.1680328051462765,0.19496853434615,0.3073394952945358,28.5,26.99499988555908,25.617499923706056,24.699166679382323,0.0260899494904672,5212044.0,3510098.65,1.4876519211219317,1.4848710875974949,28.75,23.049999237060547,28.75,22.200000762939453,0.2000000267627878,28.5,25.617499923706056,0.1011403535506246,0.0449724684144383,92.33114451627436,88.99151211500612,0,1.138833648814522,0.7629863809876032,0.3758472678269189,0,261067049.0,0.0204100139535914,0.0,3.0,1.0,5.0,5.0,9.0,2752,True,148821442500.0,88.74,HIGH,高流動性,CORE,CORE Early Entry,96.0,BUY,買進,早期卡位,CORE早期卡位｜剛轉強｜靠近MA20｜量能回溫｜高流動性,CORE
2026-05-01,3526,凡甲,TPEX,330.0,334.5,319.0,330.0,1849947.0,0.0,0.0,0.2244897959183673,0.206581352833638,0.1702127659574468,0.284046692607004,330.0,301.0,293.525,283.625,0.0557396586369011,1838357.6,970636.4,1.9059114205896237,1.8939714191637549,334.5,263.0,334.5,246.0,0.2166666666660101,330.0,293.525,0.1105303030299681,0.0442942275191877,84.69142660914275,70.73747455801066,0,11.023539748513144,5.022645189424793,6.000894559088351,0,385521130.0,0.00482169910582,0.0,3.0,1.0,5.0,3.0,8.0,2752,True,610482510000.0,89.43,HIGH,高流動性,CORE,CORE Early Entry,96.0,BUY,買進,早期卡位,CORE早期卡位｜剛轉強｜靠近MA20｜量能回溫｜高流動性,CORE
2026-05-01,5464,霖宏,TPEX,31.85,33.2,31.5,33.0,867894.0,0.0,0.0,0.0662358380137839,0.1,0.168141592920354,0.2716762631902893,33.0,32.44500026702881,30.78750009536743,28.260833326975508,0.0238733513855443,866915.2,484789.5,1.7902491700005845,1.788230149374106,33.2,27.850000381469727,33.2,24.64999961853028,0.1621212005566107,33.0,30.78750009536743,0.0670454516535007,0.0422308746001445,90.88629391761968,86.56244585976738,0,1.3274726945249284,1.1696358862500378,0.1578368082748906,0,173416144.0,0.0050298626616034,0.0,3.0,1.0,5.0,4.0,8.0,2752,True,28640502000.0,74.08,HIGH,高流動性,CORE,CORE Early Entry,96.0,BUY,買進,早期卡位,CORE早期卡位｜剛轉強｜靠近MA20｜量能回溫｜高流動性,CORE
2026-05-01,4543,萬在,TPEX,37.9,40.45,37.9,38.5,1433964.0,0.0,0.0,0.0239362117660286,0.0266666666666666,0.1544228414245716,0.1407407407407408,38.5,38.24999961853028,36.3399998664856,33.06166661580404,0.0330737342951828,1430571.2,1170976.1,1.22458861457548,1.2216912027495683,40.45,30.14999961853028,40.45,26.600000381469727,0.2675324774338231,38.5,36.3399998664856,0.0561038995703453,0.0378409311142916,58.642177082300215,62.337357145845424,0,1.5838017451942008,1.5545540691464732,0.0292476760477276,0,616665158.0,0.0023307725843302,0.0,3.0,1.0,5.0,3.0,9.0,2751,True,55207614000.0,80.25,HIGH,高流動性,CORE,CORE Early Entry,96.0,BUY,買進,早期卡位,CORE早期卡位｜剛轉強｜靠近MA20｜量能回溫｜高流動性,CORE
2026-05-01,6922,宸曜,TPEX,170.0,184.5,170.0,176.5,1050355.0,0.0,0.0,0.0762195121951219,0.06006006006006,0.1387096774193548,0.1031249999999999,176.5,171.35,166.45,162.13333333333333,0.0241241664743652,1046884.0,310764.4,3.379907737179666,3.3687385041529745,184.5,150.5,184.5,145.0,0.1926345609054242,176.5,166.45,0.0569405099146916,0.029693782864029,61.85345899391839,59.63611577131311,0,4.163224298948279,2.923967899793188,1.2392563991550911,0,2911120.0,0.5644748262139496,0.0,3.0,1.0,5.0,3.0,7.0,769,True,185387657500.0,82.33,HIGH,高流動性,CORE,CORE Early Entry,96.0,BUY,買進,早期卡位,CORE早期卡位｜剛轉強｜靠近MA20｜量能回溫｜高流動性,CORE
2026-05-01,5904,寶雅,TPEX,557.0,590.0,552.0,575.0,848877.0,0.0,0.0,0.0648148148148148,0.1274509803921568,0.1386138613861385,0.4357053682896379,575.0,555.6,529.875,492.675,0.0210412826059721,833301.6,438443.85,1.9361133700472664,1.9005890948179525,590.0,497.5,590.0,392.5,0.1608695652171115,575.0,529.875,0.0784782608694287,0.0349121093749318,80.84437854245523,80.62286575185807,0,20.538123460367277,15.47402816867864,5.064095291688634,0,33485148.0,0.0260102326028608,0.0,3.0,1.0,5.0,5.0,9.0,2752,True,488104275000.0,84.06,HIGH,高流動性,CORE,CORE Early Entry,96.0,BUY,買進,早期卡位,CORE早期卡位｜剛轉強｜靠近MA20｜量能回溫｜高流動性,CORE
2026-05-01,8455,大拓-KY,TPEX,24.2,24.2,23.0,23.7,28110.0,0.0,0.0,0.058035732303955,0.144927494033316,0.1366906266852248,0.144927494033316,23.7,22.304999923706056,21.45250005722046,21.40916659037272,0.0285671734388164,28088.0,14074.55,1.997221936047547,1.9956588310104413,24.2,19.5,24.2,19.5,0.1983122362785522,23.7,21.45250005722046,0.0948312212103253,0.0359773066253376,85.49979625533376,79.5068976313032,0,0.6431172281917412,0.2481485636909261,0.3949686645008151,0,10360979.0,0.0027204448251496,0.0,3.0,1.0,5.0,4.0,8.0,2501,True,666207000.0,19.28,HIGH,高流動性,CORE,CORE Early Entry,96.0,BUY,買進,早期卡位,CORE早期卡位｜剛轉強｜靠近MA20｜量能回溫｜高流動性,CORE
2026-05-01,6233,旺玖,TPEX,28.0,29.5,28.0,28.25,1059367.0,0.0,0.0,-0.017391304347826,0.0886319525795658,0.1166008241857241,0.1299999999999999,28.25,28.044999885559083,26.91250009536743,26.28750006357829,0.0280913662628895,1057893.6,870334.5,1.217195227811834,1.2155023154890434,29.5,24.700000762939453,31.0,22.700000762939453,0.1699114774120579,28.25,26.91250009536743,0.0473451293658486,0.022608533327258,64.61144722253772,66.79700020222116,0,0.577585475860058,0.433996169824195,0.143589306035863,0,1018178234.0,-0.0010393719766231,0.0,3.0,0.0,5.0,3.0,9.0,2752,True,29927117750.0,75.52,HIGH,高流動性,CORE,CORE Early Entry,96.0,BUY,買進,早期卡位,CORE早期卡位｜剛轉強｜靠近MA20｜量能回溫｜高流動性,CORE
2026-05-01,6859,伯特光,TPEX,121.0,126.5,121.0,125.0,146615.0,0.0,0.0,0.037344398340249,0.0460251046025104,0.0683760683760683,0.1520737327188939,125.0,123.6,119.3,117.725,0.0169423819224255,146092.0,77314.35,1.8963491253563936,1.8895845337896275,126.5,109.5,134.5,104.0,0.135999999998912,125.0,119.3,0.0455999999996352,0.0155352202594974,83.49778176564486,80.72733246761331,0,1.8993657573611813,1.1962481587641882,0.7031175985969931,0,17030501.0,0.0086837236403989,0.0,3.0,1.0,5.0,3.0,9.0,1062,True,18326875000.0,57.79,HIGH,高流動性,CORE,CORE Early Entry,96.0,BUY,買進,早期卡位,CORE早期卡位｜剛轉強｜靠近MA20｜量能回溫｜高流動性,CORE
2026-05-01,9960,邁達康,TPEX,34.3,34.3,34.3,34.3,405463.0,0.0,0.0,0.2293906978127355,0.2472727272727271,0.3858585858585857,0.4658119897078157,34.3,30.98000011444092,28.4399998664856,24.864166577657063,0.051371694671188,404570.4,196767.7,2.06061767251433,2.056081358881554,34.3,24.549999237060547,34.3,21.799999237060547,0.2842565820016092,34.3,28.4399998664856,0.1708454849371299,0.0982815212232346,98.25743290150515,95.32703318475583,0,2.6279093354038,1.90292799680512,0.7249813385986796,0,25184596.0,0.0163630825985718,0.0,3.0,1.0,5.0,4.0,8.0,2752,True,13907380899.999998,63.45,HIGH,高流動性,CORE,CORE Early Entry,90.0,BUY,買進,早期卡位,CORE早期卡位｜剛轉強｜靠近MA20｜量能回溫｜高流動性,CORE
2026-05-01,6953,家碩,TPEX,264.0,288.0,264.0,277.5,1067777.0,0.0,0.0,0.0903732809430255,0.15625,0.3028169014084507,0.1122244488977954,277.5,268.85,242.15,230.70833333333331,0.047231344587703,1062421.6,440378.45,2.4246804084078084,2.4125195045307,288.0,196.0,288.0,196.0,0.3315315315303368,277.5,242.15,0.1273873873869283,0.0690949227370018,77.85543562780977,78.08300962398043,0,15.714482711687111,11.39347293323754,4.321009778449572,0,5762373.0,0.2274481126810486,0.0,3.0,1.0,5.0,4.0,9.0,691,True,296308117500.0,84.47,HIGH,高流動性,CORE,CORE Early Entry,90.0,BUY,買進,早期卡位,CORE早期卡位｜剛轉強｜靠近MA20｜量能回溫｜高流動性,CORE
2026-05-01,3122,笙泉,TPEX,34.9,35.0,32.65,32.7,1141830.0,0.0,0.0,-0.009090909090909,0.2625482811437816,0.3027888248217334,0.3710691604603198,32.7,30.95499992370605,28.107499980926512,26.756666787465413,0.0322726340708447,1139464.0,547103.45,2.087045877703747,2.0827212842470613,35.0,24.5,35.0,23.600000381469727,0.3211009174213731,32.7,28.107499980926512,0.1404434256554448,0.0673058644444548,75.69184993999826,78.32600528197963,0,1.8980756526034384,1.2812860387191725,0.6167896138842659,0,552068077.0,-0.002064008589781,0.0,3.0,0.0,5.0,4.0,9.0,2752,True,37337841000.0,77.48,HIGH,高流動性,CORE,CORE Early Entry,90.0,BUY,買進,早期卡位,CORE早期卡位｜剛轉強｜靠近MA20｜量能回溫｜高流動性,CORE
2026-05-01,4933,友輝,TPEX,77.2,77.7,72.2,73.6,3603444.0,0.0,0.0,0.0903703703703702,0.2185430155736905,0.275563241366074,0.2432432272209574,73.6,68.07999992370605,63.640000343322754,59.92999998728434,0.0263955871760819,3594555.2,1206757.25,2.986055397636929,2.978689541745034,77.7,56.5,77.7,54.400001525878906,0.288043478256956,73.6,63.640000343322754,0.1353260822899716,0.066890191722876,78.25013629678581,79.58201031549531,0,3.90214813032874,2.4892734369047,1.4128746934240404,0,159396083.0,0.0231297449168956,0.0,3.0,1.0,5.0,6.0,9.0,2752,True,265213478399.99997,89.49,HIGH,高流動性,CORE,CORE Early Entry,90.0,BUY,買進,早期卡位,CORE早期卡位｜剛轉強｜靠近MA20｜量能回溫｜高流動性,CORE
2026-05-01,8027,鈦昇,TPEX,181.5,193.5,181.0,193.5,13762372.0,0.0,0.0,0.2364217252396165,0.303030303030303,0.2730263157894737,0.775229357798165,193.5,171.5,159.85,125.77000007629394,0.0731280824086228,13728697.6,12441448.3,1.1061712164169824,1.103464586192911,193.5,128.0,193.5,85.80000305175781,0.3385012919879147,193.5,159.85,0.173901808784631,0.0916851630521311,94.1879221261324,84.510298013751,0,17.23602574060436,13.612511023705808,3.623514716898555,0,369846683.0,0.0386491950778478,0.0,3.0,1.0,5.0,3.0,8.0,2751,True,2663018982000.0,97.69,HIGH,高流動性,CORE,CORE Early Entry,90.0,BUY,買進,早期卡位,CORE早期卡位｜剛轉強｜靠近MA20｜量能回溫｜高流動性,CORE
2026-05-01,3224,三顧,TPEX,52.5,53.0,50.1,50.6,1850728.0,0.0,0.0,0.1605504993316406,0.219277108433735,0.2222221771748058,0.1035987281124979,50.6,47.98499984741211,43.8899995803833,43.92833315531413,0.0546770807827593,1848182.4,682410.55,2.7120448240432347,2.708314518291074,53.0,36.79999923706055,53.0,36.79999923706055,0.320158117838326,50.6,43.8899995803833,0.1326087039423733,0.0501884323998619,76.22586098567307,73.44925374216166,0,2.131454352366923,1.1316587851990534,0.9997955671678695,0,115318746.0,0.0163105695562604,0.0,3.0,1.0,5.0,4.0,7.0,2752,True,93646836800.0,83.14,HIGH,高流動性,CORE,CORE Early Entry,90.0,BUY,買進,早期卡位,CORE早期卡位｜剛轉強｜靠近MA20｜量能回溫｜高流動性,CORE
2026-05-01,5386,青雲,TPEX,388.0,396.5,378.0,379.0,3775378.0,0.0,0.0,0.1147058823529412,0.0767045454545454,0.3205574912891986,3.511904761904762,379.0,365.8,350.975,271.0266666412353,0.0657850017774975,3757302.4,2383809.5,1.58375826591848,1.5761756130261242,412.5,270.0,445.0,83.30000305175781,0.3759894459092981,379.0,350.975,0.0739445910288285,0.0782642089091298,64.864043567746,57.23410322841927,0,22.11775886183534,22.679803211668304,-0.5620443498329628,0,609491932.0,0.0062329120362789,0.0,3.0,1.0,5.0,3.0,7.0,2752,True,1430868262000.0,93.82,HIGH,高流動性,CORE,CORE Early Entry,88.0,BUY,買進,早期卡位,CORE早期卡位｜剛轉強｜靠近MA20｜量能回溫｜高流動性,CORE
2026-05-01,3438,類比科,TPEX,55.7,56.9,54.5,54.9,438998.0,0.0,0.0,0.0497132084295912,0.1793770332930884,0.237880538643874,0.0358490566037734,54.9,51.96999969482422,48.5774995803833,47.60833320617676,0.0352220012230023,436998.4,236735.6,1.8543810056451084,1.845934451768125,56.9,43.04999923706055,56.9,42.95000076293945,0.2522768809232636,54.9,48.5774995803833,0.1151639420674231,0.0548287329492392,81.2767940664537,79.6671414257913,0,2.341537723171797,1.4035363883851026,0.9380013347866942,0,186895392.0,0.0023544271697113,0.0,3.0,1.0,5.0,4.0,8.0,2752,True,24100990200.0,67.84,HIGH,高流動性,CORE,CORE Early Entry,88.0,BUY,買進,早期卡位,CORE早期卡位｜剛轉強｜靠近MA20｜量能回溫｜高流動性,CORE
2026-05-01,8032,光菱,TPEX,41.35,43.8,41.3,41.5,1599291.0,0.0,0.0,0.1369863013698631,0.1231393543467571,0.2223858340911229,0.0668380044250487,41.5,39.27000007629395,37.36499996185303,36.57083339691162,0.03882250401703,1596032.8,487827.6,3.278393842414814,3.2717148435225822,43.8,33.25,43.8,33.25,0.2542168674637537,41.5,37.36499996185303,0.0996385551336706,0.0501686352423937,68.00884712921291,65.59156512852527,0,1.5341870074227302,0.94963992566188,0.5845470817608502,0,194486152.0,0.0082913423532773,0.0,3.0,1.0,5.0,3.0,8.0,2752,True,66370576500.0,81.41,HIGH,高流動性,CORE,CORE Early Entry,88.0,BUY,買進,早期卡位,CORE早期卡位｜剛轉強｜靠近MA20｜量能回溫｜高流動性,CORE
2026-05-01,5276,達輝-KY,TPEX,18.85,19.35,18.4,18.4,82828.0,0.0,0.0,-0.0891089452947883,0.1870967741935483,0.2185430155736905,0.1757188784984766,18.4,17.770000076293947,16.637500047683716,15.95166670481364,0.0450802876438002,82462.4,49079.35,1.6876344124361533,1.680185251027129,20.200000762939453,15.050000190734863,20.200000762939453,15.0,0.2798913354306901,18.4,16.637500047683716,0.0957880408815486,0.0521739097099395,66.58121233448017,66.65564852515367,0,0.8338334817615056,0.58220880180027,0.2516246799612356,0,8240186.0,-0.0099516833685489,0.0,3.0,0.0,4.0,4.0,8.0,2752,True,1524035200.0,33.95,HIGH,高流動性,CORE,CORE Early Entry,88.0,TEST,試單,低量試單,CORE早期卡位｜剛轉強｜靠近MA20｜量能回溫｜高流動性,CORE
2026-05-01,5474,聰泰,TPEX,140.5,154.0,140.0,154.0,1447904.0,0.0,0.0,0.136531365313653,0.0440677966101694,0.1846153846153846,-0.0374999999999999,154.0,147.65,143.55,144.29166666666666,0.0409514967571066,1441323.2,534439.1,2.7092029756056344,2.696889505277584,154.0,126.0,167.5,125.5,0.1818181818170011,154.0,143.55,0.0678571428567021,0.0413492927091669,92.22221520950038,81.7760581605182,0,3.50111448939748,1.8699196516830416,1.6311948377144383,0,262979092.0,0.0055362574959894,0.0,3.0,1.0,5.0,2.0,7.0,2752,True,222977216000.0,85.28,HIGH,高流動性,CORE,CORE Early Entry,88.0,BUY,買進,早期卡位,CORE早期卡位｜剛轉強｜靠近MA20｜量能回溫｜高流動性,CORE
2026-05-01,3511,矽瑪,TPEX,23.2,23.75,22.45,22.85,2285936.0,0.0,0.0,0.0752941176470589,0.0727699914769273,0.1839378706359022,0.0578703516877077,22.85,21.924999809265135,20.6774998664856,20.04416669209798,0.0324797223984264,2283148.8,891680.5,2.563626769902445,2.5605009866202044,23.75,18.950000762939453,23.75,18.049999237060547,0.2100656121159947,22.85,20.6774998664856,0.0950765922721806,0.0512201315067091,77.89801271757302,76.19046744435443,0,0.9183797940024832,0.6255878269870052,0.2927919670154779,0,398511927.0,0.0057692732226644,0.0,3.0,1.0,5.0,4.0,8.0,2752,True,52233637600.0,81.93,HIGH,高流動性,CORE,CORE Early Entry,88.0,BUY,買進,早期卡位,CORE早期卡位｜剛轉強｜靠近MA20｜量能回溫｜高流動性,CORE
2026-05-01,3260,威剛,TPEX,468.0,471.0,433.0,436.0,38088261.0,0.0,0.0,0.09,0.1831750339213025,0.1831750339213025,0.3863275039745628,436.0,415.05,392.05,362.60833333333335,0.0441923790717117,37854208.8,30400589.85,1.2528790128063914,1.2451800766622294,471.0,346.0,525.0,253.0,0.2866972477057644,436.0,392.05,0.1008027522933467,0.046024546424637,68.36527220612206,66.27244958693694,0,18.5644224708924,13.52935674363713,5.035065727255265,0,3350837883.0,0.0114974765213331,0.0,3.0,1.0,5.0,4.0,8.0,2752,True,16606481796000.0,99.65,HIGH,高流動性,CORE,CORE Early Entry,88.0,BUY,買進,早期卡位,CORE早期卡位｜剛轉強｜靠近MA20｜量能回溫｜高流動性,CORE
2026-05-01,6016,康和證,TPEX,19.4,19.7,19.35,19.45,7190901.0,0.0,0.0,0.0291005498714653,0.1308139033289219,0.1543026444907111,0.193251589593786,19.45,18.75999984741211,17.820000076293944,17.16749997138977,0.0182921401015598,7182120.8,6366041.25,1.1295718512662791,1.128192626775706,19.7,16.399999618530273,19.7,15.449999809265137,0.1696658293727537,19.45,17.820000076293944,0.0838046233224807,0.0381590397812576,89.47898424516977,88.64963981944604,0,0.6788323335942792,0.4691613403789259,0.2096709932153533,0,779450089.0,0.009311512393427,0.0,3.0,1.0,5.0,5.0,9.0,2752,True,139863024450.0,89.26,HIGH,高流動性,CORE,CORE Early Entry,88.0,TEST,試單,低量試單,CORE早期卡位｜剛轉強｜靠近MA20｜量能回溫｜高流動性,CORE
2026-05-01,8255,朋程,TPEX,136.0,138.5,134.0,136.0,700827.0,0.0,0.0,0.05019305019305,0.0342205323193915,0.1525423728813559,0.0187265917602996,136.0,134.45,128.9,127.45,0.0213084180034668,697261.6,551430.3,1.270925808755882,1.2644600777287691,141.0,117.0,141.0,114.0,0.1764705882339965,136.0,128.9,0.0522058823525572,0.0246422893479758,64.17447237117061,66.30762071771947,0,2.943058613078392,2.1318159448916782,0.811242668186714,0,335801228.0,0.0020913940953475,0.0,3.0,1.0,5.0,4.0,9.0,2752,True,95312472000.0,77.25,HIGH,高流動性,CORE,CORE Early Entry,88.0,BUY,買進,早期卡位,CORE早期卡位｜剛轉強｜靠近MA20｜量能回溫｜高流動性,CORE
2026-05-01,3567,逸昌,TPEX,28.2,28.65,27.7,28.05,202943.0,0.0,0.0,0.0312499710742173,0.0788461538461537,0.1153081680101906,-0.0327586206896551,28.05,27.65500011444092,26.92750015258789,26.889166736602785,0.0183342359997845,202354.4,167807.75,1.209377993567036,1.20587040824991,29.89999961853028,25.0,29.950000762939453,24.850000381469727,0.1746880434351369,28.05,26.92750015258789,0.0400178198706628,0.0251261040252306,52.3128727392246,52.18297778365298,0,0.4811585628014754,0.3137170897854833,0.167441473015992,0,156808496.0,0.0012958863597896,0.0,3.0,1.0,5.0,4.0,9.0,2752,True,5692551150.0,51.85,HIGH,高流動性,CORE,CORE Early Entry,88.0,BUY,買進,早期卡位,CORE早期卡位｜剛轉強｜靠近MA20｜量能回溫｜高流動性,CORE
2026-05-01,6237,驊訊,TPEX,38.8,40.8,38.8,39.6,364542.0,0.0,0.0,0.0038022619558846,0.0325945652050658,0.1139240745388643,-0.0210136154983272,39.6,39.65499992370606,38.18249988555908,38.243333180745445,0.0209135682256322,363033.6,346646.35,1.0516250928359667,1.047273683972149,42.79999923706055,34.70000076293945,43.900001525878906,34.70000076293945,0.2045454160079936,39.65499992370606,38.18249988555908,0.0371843443967119,0.0226998805835811,36.485860442857856,46.33248883891035,0,0.6505258683535615,0.4895790590876827,0.1609468092658788,0,1058023171.0,0.0003446688657422,0.0,3.0,1.0,4.0,5.0,8.0,2752,True,14435863200.000002,63.16,HIGH,高流動性,CORE,CORE Early Entry,88.0,BUY,買進,早期卡位,CORE早期卡位｜剛轉強｜靠近MA20｜量能回溫｜高流動性,CORE
2026-05-01,6021,美好證,TPEX,33.05,33.9,32.75,33.05,302859.0,0.0,0.0,0.0609951975838696,0.1475694748446536,0.1127945842089261,0.0925619834710742,33.05,31.344999885559083,30.589999961853028,31.250833257039396,0.0265822260777384,302287.2,272320.75,1.1121407384490491,1.1100410086267716,33.9,28.049999237060547,35.900001525878906,28.049999237060547,0.1770045616569575,33.05,30.589999961853028,0.074432678912936,0.025649621519778,80.36147802374737,73.50736080218236,0,0.5877921274365931,0.128728814947622,0.4590633124889711,0,71918728.0,0.0042289370251165,0.0,3.0,1.0,5.0,5.0,10.0,2752,True,10009489950.0,59.06,HIGH,高流動性,CORE,CORE Early Entry,88.0,BUY,買進,早期卡位,CORE早期卡位｜剛轉強｜靠近MA20｜量能回溫｜高流動性,CORE
2026-05-01,5543,桓鼎-KY,TPEX,30.3,31.2,29.75,29.75,147096.0,0.0,0.0,0.0084745762711864,0.1142321778991877,0.0917431192660549,-0.0495207436051717,29.75,28.975,27.999999904632567,27.78500003814697,0.0276016039249466,146876.8,53935.8,2.7272423881725545,2.723178297160648,31.2,25.5,31.299999237060547,23.600000381469727,0.1915966386490219,29.75,27.999999904632567,0.0588235326154154,0.0166106919189324,71.34591288354747,69.73193997649891,0,0.6483952522428709,0.3766179966297042,0.2717772556131667,0,16071654.0,0.0092370538635986,0.0,3.0,1.0,5.0,4.0,9.0,2423,True,4376106000.0,48.27,HIGH,高流動性,CORE,CORE Early Entry,88.0,BUY,買進,早期卡位,CORE早期卡位｜剛轉強｜靠近MA20｜量能回溫｜高流動性,CORE
2026-05-01,3303,岱稜,TPEX,49.4,49.4,48.75,49.0,294507.0,0.0,0.0,0.0229644768075174,0.053763440860215,0.0876803735812268,0.0392364456893112,49.0,48.089999771118165,46.95750007629395,46.680000178019206,0.0129909202538941,294005.6,249802.85,1.1789577260627684,1.1769505431983611,49.4,44.79999923706055,49.4,44.04999923706055,0.0938775665886852,49.0,46.95750007629395,0.0416836719115177,0.0179384339861738,85.72101317052521,81.67262789112901,0,0.7244109880833065,0.4262972674370728,0.2981137206462336,0,98251515.0,0.0030064923991961,0.0,3.0,1.0,5.0,4.0,8.0,2752,True,14430843000.0,61.37,HIGH,高流動性,CORE,CORE Early Entry,88.0,BUY,買進,早期卡位,CORE早期卡位｜剛轉強｜靠近MA20｜量能回溫｜高流動性,CORE
2026-05-01,6015,宏遠證,TPEX,14.2,14.4,14.15,14.2,2383184.0,0.0,0.0,0.0402930693655907,0.0923076923076922,0.0597015227047799,0.088122589460313,14.2,13.775,13.550000047683715,13.568333387374878,0.0172027999998611,2379147.2,1912114.2,1.2463607037696802,1.2442495327946412,14.4,12.949999809265137,15.5,12.399999618530272,0.1021126894811796,14.2,13.550000047683715,0.0457746445260922,0.0146012714292153,81.55367310342831,73.30688205253125,0,0.1898005064187735,0.0820278520699669,0.1077726543488066,0,898982431.0,0.0026580258771955,0.0,3.0,1.0,5.0,5.0,9.0,2752,True,33841212799.999996,80.43,HIGH,高流動性,CORE,CORE Early Entry,88.0,TEST,試單,低量試單,CORE早期卡位｜剛轉強｜靠近MA20｜量能回溫｜高流動性,CORE
2026-05-01,1591,駿吉-KY,TPEX,63.2,67.7,61.5,64.9,2667862.0,0.0,0.0,0.0944350899660659,0.1247833473458996,0.6024691358024692,0.3244897959183674,64.9,63.72000045776368,57.93000049591065,50.28416684468587,0.0504096465810462,2663489.6,1611666.8,1.6553433997647642,1.6526304320471197,69.69999694824219,40.20000076293945,69.69999694824219,38.0,0.4545453957603727,64.9,57.93000049591065,0.1073959861938669,0.1207738786839741,64.01268608412464,63.84272199358544,1,4.869134946102342,4.468528306963489,0.4006066391388527,0,95259934.0,0.0288130715986136,0.0,3.0,1.0,5.0,3.0,7.0,2752,True,173144243800.0,86.89,HIGH,高流動性,CORE,CORE Early Entry,86.0,BUY,買進,早期卡位,CORE早期卡位｜剛轉強｜靠近MA20｜量能回溫｜高流動性,CORE
2026-05-01,6664,群翊,TPEX,455.0,497.5,447.0,464.5,5136771.0,0.0,0.0,0.1192771084337349,0.0592930444697834,0.4403100775193798,0.6326889279437611,464.5,440.7,417.85,328.3666666666667,0.0471152098992553,5106016.8,3555522.35,1.4447303361769048,1.4360806366468202,497.5,345.0,497.5,247.0,0.3283100107635558,464.5,417.85,0.100430570505704,0.1090909090906196,68.16051224635288,65.51387179487756,0,37.65257438275381,35.93624494999889,1.7163294327549252,0,143206466.0,0.0372041887975489,0.0,3.0,1.0,5.0,2.0,6.0,2066,True,2386030129500.0,95.5,HIGH,高流動性,CORE,CORE Early Entry,86.0,BUY,買進,早期卡位,CORE早期卡位｜剛轉強｜靠近MA20｜量能回溫｜高流動性,CORE
2026-05-01,6903,巨漢,TPEX,400.0,425.0,387.5,412.5,2105219.0,0.0,0.0,0.07421875,0.0469543147208122,0.4372822299651568,0.5165441176470589,412.5,399.65,380.025,316.31666666666666,0.0427765579264165,2092575.2,1789795.25,1.176234544146879,1.169170160665025,425.0,279.0,425.0,228.0,0.3539393939385359,412.5,380.025,0.0787272727270819,0.08788377585318,73.90131750697478,68.56919650381649,0,26.21794103943381,25.663519373131024,0.5544216663027868,0,46376388.0,0.0475528215665594,0.0,3.0,1.0,5.0,3.0,8.0,916,True,868402837500.0,90.53,HIGH,高流動性,CORE,CORE Early Entry,86.0,BUY,買進,早期卡位,CORE早期卡位｜剛轉強｜靠近MA20｜量能回溫｜高流動性,CORE
2026-05-01,6488,環球晶,TPEX,559.0,589.0,558.0,580.0,9477916.0,0.0,0.0,-0.0034364261168384,0.1485148514851484,0.4026602176541718,0.0984848484848484,580.0,580.2,527.95,482.10833333333335,0.0413395652642954,9418132.8,7914325.4,1.1975646086020166,1.190010812545059,619.0,407.0,619.0,407.0,0.3655172413786801,580.2,527.95,0.0900862068963964,0.0739422294546909,58.29153147193003,67.31809923573886,0,34.14494108228314,31.10212341989985,3.042817662383285,0,604753027.0,-0.0154305414079407,0.0,3.0,0.0,4.0,4.0,8.0,2751,True,5497191280000.0,98.21,HIGH,高流動性,CORE,CORE Early Entry,86.0,BUY,買進,早期卡位,CORE早期卡位｜剛轉強｜靠近MA20｜量能回溫｜高流動性,CORE
2026-05-01,8040,九暘,TPEX,70.3,71.0,67.6,67.7,1451695.0,0.0,0.0,-0.013119511576383,0.084935870905757,0.387295103656192,0.3145631067961165,67.7,66.88000030517578,59.86500015258789,52.514166577657065,0.0557698251989386,1448556.0,1748677.6,0.8301673218665345,0.8283722511227908,76.0999984741211,47.09999847412109,76.0999984741211,44.650001525878906,0.4283604135830375,67.7,59.86500015258789,0.1157311646572582,0.0849039512204709,53.69696387583048,61.32543387904114,0,4.873971717412879,4.3618875567296405,0.512084160683238,0,663498986.0,-0.0021831619118231,0.0,3.0,0.0,5.0,3.0,8.0,2752,True,98279751500.0,82.22,HIGH,高流動性,CORE,CORE Early Entry,86.0,BUY,買進,早期卡位,CORE早期卡位｜剛轉強｜靠近MA20｜量能回溫｜高流動性,CORE
2026-05-01,3095,及成,TPEX,41.0,41.2,40.75,41.2,12281.0,0.0,0.0,-0.0528735632183907,0.201166207475717,0.3247588261943606,0.3333333497937314,41.2,40.79000015258789,36.69499998092652,33.07750002543131,0.0353984565851141,12024.8,41886.9,0.2931942922488822,0.2870778214668479,45.0,31.0,45.0,30.0,0.3398058252344707,41.2,36.69499998092652,0.1093446606544694,0.07570538602714,66.82931733045623,72.33526999734258,0,2.696352549919496,2.2902337595104147,0.406118790409081,0,6044064.0,-0.0020277906889386,0.0,3.0,0.0,4.0,4.0,8.0,2752,True,505977200.0,12.47,HIGH,高流動性,CORE,CORE Early Entry,86.0,BUY,買進,早期卡位,CORE早期卡位｜剛轉強｜靠近MA20｜量能回溫｜高流動性,CORE
2026-05-01,5236,凌陽創新,TPEX,157.5,163.5,157.5,163.5,541852.0,0.0,0.0,-0.0120845921450151,0.0651465798045602,0.2924901185770752,0.3132530120481926,163.5,162.35,150.775,134.475,0.0332043863348326,538481.6,561700.75,0.9646631235582274,0.9586627755081312,178.5,126.0,178.5,116.5,0.3211009174292287,163.5,150.775,0.0778287461768939,0.0632933709445465,53.360932578173774,62.039663911671816,0,9.041241422743184,8.343934321991117,0.6973071007520666,0,14913684.0,-0.0350587647041163,0.0,3.0,0.0,4.0,3.0,9.0,1357,True,88592802000.0,75.52,HIGH,高流動性,CORE,CORE Early Entry,86.0,BUY,買進,早期卡位,CORE早期卡位｜剛轉強｜靠近MA20｜量能回溫｜高流動性,CORE
2026-05-01,6532,瑞耘,TPEX,95.3,98.5,94.9,96.4,1523053.0,0.0,0.0,-0.090566037735849,0.1544910179640719,0.283621863630513,0.6765217391304348,96.4,96.51999969482422,87.28500022888184,71.0900000890096,0.0505036293108508,1519242.4,2136267.4,0.7129505416784432,0.7111667762191191,106.0,72.4000015258789,106.0,52.79999923706055,0.3485477020100886,96.51999969482422,87.28500022888184,0.0957987496457114,0.068359850933495,64.49976903417439,71.32203939813601,0,7.18628506152055,6.951297733165322,0.2349873283552286,0,158859158.0,-0.0094963960809842,0.0,3.0,0.0,5.0,4.0,9.0,2661,True,146822309200.00003,83.78,HIGH,高流動性,CORE,CORE Early Entry,86.0,BUY,買進,早期卡位,CORE早期卡位｜剛轉強｜靠近MA20｜量能回溫｜高流動性,CORE
2026-05-01,6435,大中,TPEX,191.0,194.0,189.0,193.0,839757.0,0.0,0.0,0.0575342465753425,0.0812324929971988,0.2781456953642385,0.2866666666666666,193.0,186.9,174.625,158.35833333333332,0.0356507332968987,836805.6,1002272.7,0.8378528119143613,0.8349081043512401,198.5,149.0,198.5,124.5,0.256476683936495,193.0,174.625,0.095207253885517,0.0613888466794627,79.4543474921634,77.39377730389927,0,9.71014596278212,8.014929915956511,1.6952160468256103,0,414980048.0,0.0020277114259332,0.0,3.0,1.0,5.0,4.0,9.0,2752,True,162073101000.0,80.2,HIGH,高流動性,CORE,CORE Early Entry,86.0,BUY,買進,早期卡位,CORE早期卡位｜剛轉強｜靠近MA20｜量能回溫｜高流動性,CORE
2026-05-01,3709,鑫聯大投控,TPEX,78.6,84.4,78.6,82.5,4674485.0,0.0,0.0,0.0223048713733193,0.1570826994230552,0.265337482538398,0.3436481750774527,82.5,79.83000030517579,74.31000022888183,69.17666657765706,0.0375441988517096,4666388.0,4820129.45,0.9697841206318636,0.9681042902281388,87.0,63.20000076293945,87.0,58.79999923706055,0.2884848392336007,82.5,74.31000022888183,0.0992727244971987,0.0602839465022193,72.67488272703031,71.68997624322421,0,4.071794679837851,3.1645255170464752,0.9072691627913754,0,264072731.0,0.0180204957900911,0.0,3.0,1.0,5.0,5.0,9.0,2102,True,385645012500.0,91.97,HIGH,高流動性,CORE,CORE Early Entry,86.0,BUY,買進,早期卡位,CORE早期卡位｜剛轉強｜靠近MA20｜量能回溫｜高流動性,CORE
2026-05-01,6190,萬泰科,TPEX,71.1,71.9,69.3,69.8,9555758.0,0.0,0.0,-0.0630872483221477,0.1132376260074496,0.2622061656959653,0.3474903673369414,69.8,68.63000106811523,64.96000061035156,55.53833344777425,0.0427648562947681,9526406.4,15301847.15,0.6244839532330578,0.6225657795830224,75.0,52.59999847412109,75.0,43.75,0.3209169273002578,69.8,64.96000061035156,0.0693409654667492,0.0647434840258804,63.91722556295922,67.66937651752963,0,4.134152966827507,3.98987064933251,0.1442823174949974,0,1124269859.0,-0.0084278903710816,0.0,3.0,0.0,5.0,5.0,8.0,2752,True,666991908400.0,95.21,HIGH,高流動性,CORE,CORE Early Entry,86.0,BUY,買進,早期卡位,CORE早期卡位｜剛轉強｜靠近MA20｜量能回溫｜高流動性,CORE
2026-05-01,3374,精材,TPEX,203.0,207.5,199.0,200.5,8815574.0,0.0,0.0,0.0100755667506298,0.0867208672086721,0.2570532915360501,0.1327683615819208,200.5,197.45,183.55,174.95833333333334,0.0406686054405557,8762659.2,9051173.85,0.9739702436496674,0.9681240627148044,207.5,153.0,207.5,153.0,0.2718204488764498,200.5,183.55,0.0845386533661618,0.0608293599187353,76.12000727517565,76.75401750781197,0,8.889977254018305,7.206076800971727,1.6839004530465775,0,2450337906.0,0.0036106874323686,0.0,3.0,1.0,5.0,4.0,9.0,2752,True,1767522587000.0,96.59,HIGH,高流動性,CORE,CORE Early Entry,86.0,BUY,買進,早期卡位,CORE早期卡位｜剛轉強｜靠近MA20｜量能回溫｜高流動性,CORE
2026-05-01,6913,鴻呈,TPEX,134.0,136.0,131.5,132.0,374718.0,0.0,0.0,-0.0185873605947954,0.0517928286852589,0.2394366197183097,0.1092436974789916,132.0,130.75,126.5,118.44166666666666,0.0232869233313335,372774.4,509820.45,0.7349999396846464,0.7311876171306962,138.0,106.5,138.0,100.5,0.2386363636345558,132.0,126.5,0.041666666666351,0.0480530240261138,68.83008041201742,67.28208987025701,0,4.497095889782756,4.2389907841517855,0.2581051056309702,0,46926118.0,-0.0079220164311684,0.0,3.0,0.0,5.0,3.0,8.0,848,True,49462776000.0,70.03,HIGH,高流動性,CORE,CORE Early Entry,86.0,BUY,買進,早期卡位,CORE早期卡位｜剛轉強｜靠近MA20｜量能回溫｜高流動性,CORE
2026-05-01,3324,雙鴻,TPEX,1160.0,1175.0,1130.0,1140.0,3079706.0,0.0,0.0,-0.0617283950617284,0.1014492753623188,0.2391304347826086,0.2258064516129032,1140.0,1126.5,1051.7,1023.8,0.0466836567998092,3044364.8,5016860.85,0.6138711222177907,0.6068266374180977,1215.0,898.0,1215.0,875.0,0.2780701754383525,1140.0,1051.7,0.0774561403508092,0.0481885682961597,65.95555708450999,70.7662715268439,0,42.17699355753393,31.38998469579997,10.78700886173396,0,1624410681.0,-0.0018923036502088,0.0,3.0,0.0,4.0,4.0,8.0,2752,True,3510864840000.0,94.17,HIGH,高流動性,CORE,CORE Early Entry,86.0,BUY,買進,早期卡位,CORE早期卡位｜剛轉強｜靠近MA20｜量能回溫｜高流動性,CORE
2026-05-01,3580,友威科,TPEX,85.4,87.3,83.3,85.9,2698165.0,0.0,0.0,0.0791457493297203,0.0226190476190477,0.2324247311486629,0.2449275362318841,85.9,83.45999984741212,81.44500007629395,73.18500035603842,0.0341016219034502,2690732.0,1884250.5,1.4319566320932375,1.428011827514441,89.0999984741211,69.30000305175781,89.0999984741211,61.79999923706055,0.2305005287791941,85.9,81.44500007629395,0.0518626300774643,0.044836434589469,76.64139744752393,67.60468382743727,0,3.282096833645852,3.146110887262952,0.1359859463828998,0,387372899.0,0.0070141466582518,0.0,3.0,1.0,5.0,2.0,8.0,2752,True,231772373500.00003,87.99,HIGH,高流動性,CORE,CORE Early Entry,86.0,BUY,買進,早期卡位,CORE早期卡位｜剛轉強｜靠近MA20｜量能回溫｜高流動性,CORE
2026-05-01,8091,翔名,TPEX,183.5,195.0,183.5,192.0,1689532.0,0.0,0.0,0.0549450549450549,0.0578512396694215,0.2190476190476191,0.4065934065934067,192.0,188.3,182.55,153.55,0.0337193293170461,1682425.6,1702404.5,0.992438636058586,0.9882643049874452,199.5,156.0,199.5,126.0,0.22656249999882,192.0,182.55,0.0492187499997435,0.0604124310191088,74.22322098304946,66.06009414986121,0,10.301634577051914,10.684537490172506,-0.3829029131205921,0,128386304.0,0.0133352410904359,0.0,3.0,1.0,5.0,3.0,9.0,2752,True,324390144000.0,87.53,HIGH,高流動性,CORE,CORE Early Entry,86.0,BUY,買進,早期卡位,CORE早期卡位｜剛轉強｜靠近MA20｜量能回溫｜高流動性,CORE
2026-05-01,5299,杰力,TPEX,89.8,90.4,88.2,88.9,269798.0,0.0,0.0,0.0289351670135362,0.0520710059171598,0.186915863670362,0.1397435897435899,88.9,87.12999954223633,83.67999954223633,78.34499982198079,0.0192146421576546,268838.4,299531.45,0.9007334622123956,0.8975297919467192,90.5,73.80000305175781,90.5,70.0999984741211,0.1878514842300825,88.9,83.67999954223633,0.0587176654410006,0.0390513404202388,79.84208083822254,77.0706099233334,0,3.088361754882129,2.635059047793129,0.4533027070890001,0,237764198.0,0.0011360183650646,0.0,3.0,1.0,5.0,4.0,9.0,2752,True,23985042200.000004,63.8,HIGH,高流動性,CORE,CORE Early Entry,86.0,BUY,買進,早期卡位,CORE早期卡位｜剛轉強｜靠近MA20｜量能回溫｜高流動性,CORE
2026-05-01,3490,單井,TPEX,30.3,30.7,29.95,30.5,1091487.0,0.0,0.0,0.0217755313307728,0.0517241379310344,0.1821705775939757,0.196078431372549,30.5,30.309999847412115,29.032499885559083,26.247499942779545,0.0266200583557704,1090189.6,2457731.95,0.4441033530934891,0.4435754680244929,31.799999237060547,25.64999961853028,31.799999237060547,22.799999237060547,0.2016393317484795,30.5,29.032499885559083,0.0481147578489443,0.0389157310249905,66.41476631506222,66.20218161425682,1,1.1958930802288066,1.1701917524701624,0.0257013277586442,0,375380127.0,0.0029161638461696,0.0,3.0,1.0,5.0,4.0,8.0,2752,True,33290353500.0,76.56,HIGH,高流動性,CORE,CORE Early Entry,86.0,BUY,買進,早期卡位,CORE早期卡位｜剛轉強｜靠近MA20｜量能回溫｜高流動性,CORE
2026-05-01,6207,雷科,TPEX,59.2,64.6,58.7,64.5,14952808.0,0.0,0.0,0.1159169697470083,0.1295972280845638,0.2721893299683742,0.1791590329135841,64.5,60.95,57.497500038146974,54.91249987284343,0.0369286110426879,14919846.4,5513157.35,2.7122041056927206,2.706225390066184,64.6,49.5,64.6,48.59999847412109,0.2341085271281532,64.5,57.497500038146974,0.108565890879759,0.06059487822539,93.90045105328956,86.11452876138387,0,2.933641991747173,2.048172143022089,0.885469848725084,0,577943912.0,0.0265595813037926,0.0,3.0,1.0,5.0,4.0,8.0,2752,True,964456116000.0,96.07,HIGH,高流動性,ALPHA,ALPHA Trend Momentum,128.0,BUY,買進,高流動性強勢買進,ALPHA高流動性強勢延續｜成交量/成交金額優先｜突破/趨勢確認｜高流動性,ALPHA
2026-05-01,9960,邁達康,TPEX,34.3,34.3,34.3,34.3,405463.0,0.0,0.0,0.2293906978127355,0.2472727272727271,0.3858585858585857,0.4658119897078157,34.3,30.98000011444092,28.4399998664856,24.864166577657063,0.051371694671188,404570.4,196767.7,2.06061767251433,2.056081358881554,34.3,24.549999237060547,34.3,21.799999237060547,0.2842565820016092,34.3,28.4399998664856,0.1708454849371299,0.0982815212232346,98.25743290150515,95.32703318475583,0,2.6279093354038,1.90292799680512,0.7249813385986796,0,25184596.0,0.0163630825985718,0.0,3.0,1.0,5.0,4.0,8.0,2752,True,13907380899.999998,63.45,HIGH,高流動性,ALPHA,ALPHA Trend Momentum,128.0,BUY,買進,高流動性強勢買進,ALPHA高流動性強勢延續｜成交量/成交金額優先｜突破/趨勢確認｜高流動性,ALPHA
2026-05-01,8291,尚茂,TPEX,22.05,22.05,20.1,22.05,113632.0,0.0,0.0,0.4602648637717323,0.6333333333333333,0.5312500405642735,0.2894736554447275,22.05,17.75,15.539999961853027,15.49833337465922,0.1112209393787796,112905.6,33753.75,3.3665000185163616,3.344979446728043,22.05,12.149999618530272,22.05,12.149999618530272,0.4489796091165872,22.05,15.539999961853027,0.2952380969547272,0.1310043750165501,94.96476565823112,83.52799125679466,0,1.9051623675694245,0.821145123371922,1.0840172441975024,0,443046.0,0.3449519449689449,0.0,3.0,1.0,5.0,4.0,9.0,2752,True,2505585600.0,41.4,HIGH,高流動性,ALPHA,ALPHA Trend Momentum,128.0,BUY,買進,高流動性強勢買進,ALPHA高流動性強勢延續｜成交量/成交金額優先｜突破/趨勢確認｜高流動性,ALPHA
2026-05-01,3707,漢磊,TPEX,61.8,66.2,61.8,66.2,33317240.0,0.0,0.0,0.1885098580473778,0.1779359270695055,0.3306532663316583,0.034375,66.2,62.44000015258789,57.29750003814697,57.04916667938232,0.0549161602759176,33256192.0,13301036.7,2.50486039182194,2.5002706743903653,66.2,48.20000076293945,68.19999694824219,48.20000076293945,0.2719033117339674,66.2,57.29750003814697,0.1344788513854766,0.0634773342982123,94.75522312271151,87.20691816821626,0,2.9373402045327026,1.6715899452419816,1.265750259290721,0,3312301102.0,0.0101608429325048,0.0,3.0,1.0,5.0,4.0,8.0,2751,True,2205601288000.0,97.92,HIGH,高流動性,ALPHA,ALPHA Trend Momentum,122.0,BUY,買進,高流動性強勢買進,ALPHA高流動性強勢延續｜成交量/成交金額優先｜突破/趨勢確認｜高流動性,ALPHA
2026-05-01,5443,均豪,TPEX,125.5,132.5,122.0,129.5,25241271.0,0.0,0.0,0.1068376068376069,0.1359649122807018,0.2821782178217822,0.410675334367762,129.5,123.3,117.56500015258788,102.22000020345052,0.0394007944645863,25181016.8,14277368.65,1.7679217801804112,1.7637015207280506,132.5,99.8000030517578,132.5,83.0,0.2525096289420053,129.5,117.56500015258788,0.0921621609831656,0.0620624244229358,83.01642636319139,76.03267281525112,0,6.95716898985674,6.01204452244532,0.9451244674114196,0,2329564031.0,0.0109538782666018,0.0,3.0,1.0,5.0,4.0,9.0,2752,True,3268744594500.0,98.44,HIGH,高流動性,ALPHA,ALPHA Trend Momentum,118.0,BUY,買進,高流動性強勢買進,ALPHA高流動性強勢延續｜成交量/成交金額優先｜突破/趨勢確認｜高流動性,ALPHA
2026-05-01,3680,家登,TPEX,513.0,551.0,511.0,537.0,8314647.0,0.0,0.0,0.1699346405228758,0.2488372093023256,0.4244031830238726,0.2190692395005675,537.0,508.35,455.05,419.15833333333336,0.0565026667697745,8253717.6,4796755.7,1.73338971588651,1.7206875055154462,551.0,372.5,551.0,357.0,0.3324022346362525,537.0,455.05,0.1526070763498089,0.0861029894383051,85.72141723818764,83.12531390470753,0,36.67036937372615,26.96150708058661,9.708862293139536,0,608177049.0,0.0138609237256379,0.0,3.0,1.0,5.0,3.0,9.0,2752,True,4464965439000.0,97.75,HIGH,高流動性,ALPHA,ALPHA Trend Momentum,118.0,BUY,買進,高流動性強勢買進,ALPHA高流動性強勢延續｜成交量/成交金額優先｜突破/趨勢確認｜高流動性,ALPHA
2026-05-01,3498,陽程,TPEX,82.0,87.7,81.3,87.7,6222870.0,0.0,0.0,0.1200510419141185,0.0366430447020302,0.2046702791708525,0.7504990553103712,87.7,85.65999984741211,83.15499954223633,68.34250017801921,0.0511850415762686,6208096.0,4906195.35,1.268369796975165,1.265358502286298,91.9000015258789,72.0999984741211,91.9000015258789,46.900001525878906,0.2257697041223721,87.7,83.15499954223633,0.0518244065873643,0.0455802794160969,71.93403467437615,62.21075671558123,0,4.2087028425851685,4.449398213227536,-0.2406953706423671,0,269682549.0,0.0236198192589462,0.0,3.0,1.0,5.0,3.0,7.0,2752,True,545745699000.0,93.59,HIGH,高流動性,ALPHA,ALPHA Trend Momentum,118.0,BUY,買進,高流動性強勢買進,ALPHA高流動性強勢延續｜成交量/成交金額優先｜突破/趨勢確認｜高流動性,ALPHA
2026-05-01,3088,艾訊,TPEX,105.0,109.5,104.5,108.0,3588158.0,0.0,0.0,0.1099691327095893,0.1042944440691291,0.3251533742331287,0.2661195326624832,108.0,104.17000045776368,96.78000068664552,87.0500005086263,0.0340982430927636,3575726.4,2274328.8,1.5776777746471833,1.5722117224211376,109.5,80.5,109.5,75.80000305175781,0.2685185185160322,108.0,96.78000068664552,0.1038888825300981,0.0713455429677405,86.51318869877396,82.25366048887884,0,6.178088410226451,5.214220505061263,0.9638679051651876,0,207627973.0,0.0175855775991562,0.0,3.0,1.0,5.0,4.0,9.0,2752,True,387521064000.0,90.82,HIGH,高流動性,ALPHA,ALPHA Trend Momentum,118.0,BUY,買進,高流動性強勢買進,ALPHA高流動性強勢延續｜成交量/成交金額優先｜突破/趨勢確認｜高流動性,ALPHA
2026-05-01,4933,友輝,TPEX,77.2,77.7,72.2,73.6,3603444.0,0.0,0.0,0.0903703703703702,0.2185430155736905,0.275563241366074,0.2432432272209574,73.6,68.07999992370605,63.640000343322754,59.92999998728434,0.0263955871760819,3594555.2,1206757.25,2.986055397636929,2.978689541745034,77.7,56.5,77.7,54.400001525878906,0.288043478256956,73.6,63.640000343322754,0.1353260822899716,0.066890191722876,78.25013629678581,79.58201031549531,0,3.90214813032874,2.4892734369047,1.4128746934240404,0,159396083.0,0.0231297449168956,0.0,3.0,1.0,5.0,6.0,9.0,2752,True,265213478399.99997,89.49,HIGH,高流動性,ALPHA,ALPHA Trend Momentum,118.0,BUY,買進,高流動性強勢買進,ALPHA高流動性強勢延續｜成交量/成交金額優先｜突破/趨勢確認｜高流動性,ALPHA
2026-05-01,3526,凡甲,TPEX,330.0,334.5,319.0,330.0,1849947.0,0.0,0.0,0.2244897959183673,0.206581352833638,0.1702127659574468,0.284046692607004,330.0,301.0,293.525,283.625,0.0557396586369011,1838357.6,970636.4,1.9059114205896237,1.8939714191637549,334.5,263.0,334.5,246.0,0.2166666666660101,330.0,293.525,0.1105303030299681,0.0442942275191877,84.69142660914275,70.73747455801066,0,11.023539748513144,5.022645189424793,6.000894559088351,0,385521130.0,0.00482169910582,0.0,3.0,1.0,5.0,3.0,8.0,2752,True,610482510000.0,89.43,HIGH,高流動性,ALPHA,ALPHA Trend Momentum,118.0,BUY,買進,高流動性強勢買進,ALPHA高流動性強勢延續｜成交量/成交金額優先｜突破/趨勢確認｜高流動性,ALPHA
2026-05-01,5864,致和證,TPEX,27.65,28.75,27.4,28.5,5221805.0,0.0,0.0,0.0754716981132075,0.1680328051462765,0.19496853434615,0.3073394952945358,28.5,26.99499988555908,25.617499923706056,24.699166679382323,0.0260899494904672,5212044.0,3510098.65,1.4876519211219317,1.4848710875974949,28.75,23.049999237060547,28.75,22.200000762939453,0.2000000267627878,28.5,25.617499923706056,0.1011403535506246,0.0449724684144383,92.33114451627436,88.99151211500612,0,1.138833648814522,0.7629863809876032,0.3758472678269189,0,261067049.0,0.0204100139535914,0.0,3.0,1.0,5.0,5.0,9.0,2752,True,148821442500.0,88.74,HIGH,高流動性,ALPHA,ALPHA Trend Momentum,118.0,BUY,買進,高流動性強勢買進,ALPHA高流動性強勢延續｜成交量/成交金額優先｜突破/趨勢確認｜高流動性,ALPHA
2026-05-01,6823,濾能,TPEX,94.2,99.9,91.0,96.8,2110941.0,0.0,0.0,0.2604166165822101,0.2555123465079092,0.5316455511304934,0.5340729372553017,96.8,89.75,78.21999988555908,67.67666664123536,0.0711049720000433,2107552.8,937053.05,2.2527443883780087,2.2491285845555886,99.9,61.0,99.9,57.09999847412109,0.40185950412808,96.8,78.21999988555908,0.1919421499405886,0.1211122260819703,85.49004951028192,82.89488941178573,0,8.394376372137145,6.2507185423814615,2.143657829755684,0,10498661.0,0.251670418182772,0.0,3.0,1.0,5.0,3.0,8.0,1187,True,204339088799.99997,86.49,HIGH,高流動性,ALPHA,ALPHA Trend Momentum,118.0,BUY,買進,高流動性強勢買進,ALPHA高流動性強勢延續｜成交量/成交金額優先｜突破/趨勢確認｜高流動性,ALPHA
2026-05-01,4542,科嶠,TPEX,204.5,205.5,194.0,199.0,1441226.0,0.0,0.0,0.1404011461318051,0.1740412979351031,0.2097264437689969,0.9605911330049262,199.0,185.6,177.775,159.96666666666667,0.0491703892341823,1435580.8,1095971.95,1.3150208816931843,1.309870019939834,205.5,152.0,209.0,97.0999984741211,0.2688442211041766,199.0,177.775,0.1066582914567504,0.0408372365337187,77.96332253905061,67.2446821386244,0,8.607743213743163,6.332665947090159,2.275077266653004,0,92169855.0,0.0158850190494999,0.0,3.0,1.0,5.0,4.0,8.0,2752,True,286803974000.0,86.32,HIGH,高流動性,ALPHA,ALPHA Trend Momentum,118.0,BUY,買進,高流動性強勢買進,ALPHA高流動性強勢延續｜成交量/成交金額優先｜突破/趨勢確認｜高流動性,ALPHA
2026-05-01,5904,寶雅,TPEX,557.0,590.0,552.0,575.0,848877.0,0.0,0.0,0.0648148148148148,0.1274509803921568,0.1386138613861385,0.4357053682896379,575.0,555.6,529.875,492.675,0.0210412826059721,833301.6,438443.85,1.9361133700472664,1.9005890948179525,590.0,497.5,590.0,392.5,0.1608695652171115,575.0,529.875,0.0784782608694287,0.0349121093749318,80.84437854245523,80.62286575185807,0,20.538123460367277,15.47402816867864,5.064095291688634,0,33485148.0,0.0260102326028608,0.0,3.0,1.0,5.0,5.0,9.0,2752,True,488104275000.0,84.06,HIGH,高流動性,ALPHA,ALPHA Trend Momentum,118.0,BUY,買進,高流動性強勢買進,ALPHA高流動性強勢延續｜成交量/成交金額優先｜突破/趨勢確認｜高流動性,ALPHA
2026-05-01,2070,精湛,TPEX,58.2,61.4,57.6,59.0,1816362.0,0.0,0.0,0.0805861107846805,0.2924424540611023,0.5206185866015443,0.2972216393047733,59.0,55.62999992370605,47.85999984741211,42.65083325703939,0.0398866584904716,1812089.6,1203248.2,1.5095489027118416,1.5059981805915013,61.4,37.75,61.4,36.34999847412109,0.4008474576203246,59.0,47.85999984741211,0.188813561905069,0.1177672664815372,84.21628727222188,85.23200383211868,0,5.20047972035843,3.867620080711717,1.332859639646713,0,113433338.0,0.016273169773028,0.0,3.0,1.0,5.0,4.0,8.0,2448,True,107165358000.0,83.26,HIGH,高流動性,ALPHA,ALPHA Trend Momentum,118.0,BUY,買進,高流動性強勢買進,ALPHA高流動性強勢延續｜成交量/成交金額優先｜突破/趨勢確認｜高流動性,ALPHA
2026-05-01,6651,全宇昕,TPEX,111.5,113.5,106.0,107.0,590172.0,0.0,0.0,0.1239496158615756,0.1505376344086022,0.2588235294117647,0.2753277479619105,107.0,100.92000045776368,96.2050006866455,94.58333371480306,0.0286628469776702,587137.6,223100.85,2.6453148878634813,2.6317138639319277,113.5,82.5999984741211,113.5,79.19999694824219,0.2887850609868235,107.0,96.2050006866455,0.1008878440490991,0.0563272015446113,70.85861007079421,73.65282653155184,0,3.9239488884441016,2.2792563925510763,1.6446924958930254,0,57738728.0,0.0103269800902756,0.0,3.0,1.0,5.0,4.0,8.0,2082,True,63148404000.0,75.17,HIGH,高流動性,ALPHA,ALPHA Trend Momentum,118.0,BUY,買進,高流動性強勢買進,ALPHA高流動性強勢延續｜成交量/成交金額優先｜突破/趨勢確認｜高流動性,ALPHA
2026-05-01,5464,霖宏,TPEX,31.85,33.2,31.5,33.0,867894.0,0.0,0.0,0.0662358380137839,0.1,0.168141592920354,0.2716762631902893,33.0,32.44500026702881,30.78750009536743,28.260833326975508,0.0238733513855443,866915.2,484789.5,1.7902491700005845,1.788230149374106,33.2,27.850000381469727,33.2,24.64999961853028,0.1621212005566107,33.0,30.78750009536743,0.0670454516535007,0.0422308746001445,90.88629391761968,86.56244585976738,0,1.3274726945249284,1.1696358862500378,0.1578368082748906,0,173416144.0,0.0050298626616034,0.0,3.0,1.0,5.0,4.0,8.0,2752,True,28640502000.0,74.08,HIGH,高流動性,ALPHA,ALPHA Trend Momentum,118.0,BUY,買進,高流動性強勢買進,ALPHA高流動性強勢延續｜成交量/成交金額優先｜突破/趨勢確認｜高流動性,ALPHA
2026-05-01,3577,泓格,TPEX,84.0,89.5,83.5,87.3,544829.0,0.0,0.0,0.0505415355354894,0.0885287197247632,0.2175732735807356,0.3748031496062991,87.3,84.81999969482422,80.74500045776367,69.19166692097981,0.0182119584489406,542863.2,315927.75,1.7245367018250164,1.7183143930851223,89.5,70.80000305175781,89.5,56.59999847412109,0.2142038596566779,87.3,80.74500045776367,0.0750859054084907,0.0531498574914827,77.42969564064558,77.38106062196402,0,4.933061021360714,4.626131941532196,0.3069290798285182,0,25883677.0,0.0215017273082027,0.0,3.0,1.0,5.0,5.0,9.0,2752,True,47563571699.99999,73.44,HIGH,高流動性,ALPHA,ALPHA Trend Momentum,118.0,BUY,買進,高流動性強勢買進,ALPHA高流動性強勢延續｜成交量/成交金額優先｜突破/趨勢確認｜高流動性,ALPHA
2026-05-01,8455,大拓-KY,TPEX,24.2,24.2,23.0,23.7,28110.0,0.0,0.0,0.058035732303955,0.144927494033316,0.1366906266852248,0.144927494033316,23.7,22.304999923706056,21.45250005722046,21.40916659037272,0.0285671734388164,28088.0,14074.55,1.997221936047547,1.9956588310104413,24.2,19.5,24.2,19.5,0.1983122362785522,23.7,21.45250005722046,0.0948312212103253,0.0359773066253376,85.49979625533376,79.5068976313032,0,0.6431172281917412,0.2481485636909261,0.3949686645008151,0,10360979.0,0.0027204448251496,0.0,3.0,1.0,5.0,4.0,8.0,2501,True,666207000.0,19.28,HIGH,高流動性,ALPHA,ALPHA Trend Momentum,118.0,BUY,買進,高流動性強勢買進,ALPHA高流動性強勢延續｜成交量/成交金額優先｜突破/趨勢確認｜高流動性,ALPHA
2026-05-01,4951,精拓科,TPEX,118.0,119.0,115.0,119.0,4630562.0,0.0,0.0,0.4529914259207697,0.6459197092261642,0.7474302887865936,0.7814370443635565,119.0,97.52000045776369,84.17500038146973,74.15166664123535,0.103148637497225,4628249.6,1430475.2,3.237079538324046,3.2354630125709254,119.0,66.69999694824219,119.0,65.9000015258789,0.4394958239606581,119.0,84.17500038146973,0.2926470556154422,0.1809891256510297,97.60145759419484,92.674212868543,0,12.499054439665215,7.271140936182441,5.227913503482775,0,18117928.0,0.343325894766999,0.0,3.0,1.0,5.0,4.0,8.0,2752,True,551036878000.0,92.84,HIGH,高流動性,ALPHA,ALPHA Trend Momentum,116.0,BUY,買進,高流動性強勢買進,ALPHA高流動性強勢延續｜成交量/成交金額優先｜突破/趨勢確認｜高流動性,ALPHA
2026-05-01,1595,川寶,TPEX,68.2,72.8,68.2,72.8,5208660.0,0.0,0.0,0.0930931181370529,0.3866666666666667,0.7584540414688905,0.8477156644824781,72.8,64.89999923706054,55.62749938964844,45.791666475931805,0.0516143756915742,5201728.0,2966394.2,1.7558893555010315,1.7535525116655089,72.8,40.79999923706055,72.8,37.0,0.4395604500343391,72.8,55.62749938964844,0.2358859973916988,0.1616288186724334,98.2120247656608,94.05603575063446,0,8.005024762815196,5.935015465082144,2.070009297733052,0,106306753.0,0.0515208531183668,0.0,3.0,1.0,5.0,5.0,8.0,2752,True,379190448000.0,92.15,HIGH,高流動性,ALPHA,ALPHA Trend Momentum,116.0,BUY,買進,高流動性強勢買進,ALPHA高流動性強勢延續｜成交量/成交金額優先｜突破/趨勢確認｜高流動性,ALPHA
2026-05-01,4950,金耘國際,TPEX,17.35,17.95,16.8,17.95,309419.0,0.0,0.0,0.0911853597259353,0.068452429474078,0.1360759356525767,-0.0794871794871795,17.95,17.220000076293946,16.894999933242797,16.5149999777476,0.0331440584756937,307735.2,113699.1,2.721384777891797,2.7065755137903227,17.95,14.550000190734863,19.89999961853028,14.0,0.1894150311462797,17.95,16.894999933242797,0.0587743769748427,0.0448361164470188,92.66982220215772,81.68510779539217,0,0.5002397040633468,0.3394281568894369,0.1608115471739098,0,21281247.0,0.014754030979083,0.0,3.0,1.0,5.0,3.0,6.0,2752,True,5554071050.0,55.02,HIGH,高流動性,ALPHA,ALPHA Trend Momentum,116.0,BUY,買進,高流動性強勢買進,ALPHA高流動性強勢延續｜成交量/成交金額優先｜突破/趨勢確認｜高流動性,ALPHA
2026-05-01,8027,鈦昇,TPEX,181.5,193.5,181.0,193.5,13762372.0,0.0,0.0,0.2364217252396165,0.303030303030303,0.2730263157894737,0.775229357798165,193.5,171.5,159.85,125.77000007629394,0.0731280824086228,13728697.6,12441448.3,1.1061712164169824,1.103464586192911,193.5,128.0,193.5,85.80000305175781,0.3385012919879147,193.5,159.85,0.173901808784631,0.0916851630521311,94.1879221261324,84.510298013751,0,17.23602574060436,13.612511023705808,3.623514716898555,0,369846683.0,0.0386491950778478,0.0,3.0,1.0,5.0,3.0,8.0,2751,True,2663018982000.0,97.69,HIGH,高流動性,ALPHA,ALPHA Trend Momentum,114.0,TEST,試單,強勢試單,ALPHA高流動性強勢延續｜成交量/成交金額優先｜突破/趨勢確認｜高流動性,ALPHA
2026-05-01,6683,雍智科技,TPEX,2125.0,2125.0,2125.0,2125.0,463675.0,0.0,0.0,0.1643835616438356,0.1363636363636364,0.4119601328903655,3.769921436588104,2125.0,1995.0,1847.0,1242.95,0.0534296592331246,455540.0,803683.3,0.5769374578269816,0.5668153114541504,2125.0,1370.0,2125.0,445.5,0.3552941176468916,2125.0,1847.0,0.1308235294117031,0.1074801379102938,94.26366663578978,86.54062770910257,0,220.04140743943825,216.97770211745183,3.06370532198639,0,226162335.0,0.0020543985507046,0.0,3.0,1.0,5.0,4.0,8.0,1926,True,985309375000.0,81.35,HIGH,高流動性,ALPHA,ALPHA Trend Momentum,114.0,TEST,試單,強勢試單,ALPHA高流動性強勢延續｜成交量/成交金額優先｜突破/趨勢確認｜高流動性,ALPHA
2026-05-01,6881,潤德,TPEX,262.0,263.0,262.0,263.0,8543.0,0.0,0.0,0.0395256916996047,0.0436507936507937,0.1215351812366738,0.1535087719298244,263.0,257.5,250.4,237.125,0.0105329137563742,8434.4,12647.2,0.675485482952695,0.6668986020620636,263.0,229.0,263.0,224.0,0.1292775665394324,263.0,250.4,0.0479087452469661,0.0286535894011352,99.2123841311106,97.86069707455218,0,7.057171963821133,5.984501008146204,1.07267095567493,0,1133303.0,0.0075953981293788,0.0,3.0,1.0,5.0,3.0,6.0,912,True,2246809000.0,21.65,HIGH,高流動性,ALPHA,ALPHA Trend Momentum,114.0,TEST,試單,強勢試單,ALPHA高流動性強勢延續｜成交量/成交金額優先｜突破/趨勢確認｜高流動性,ALPHA
2026-05-01,3260,威剛,TPEX,468.0,471.0,433.0,436.0,38088261.0,0.0,0.0,0.09,0.1831750339213025,0.1831750339213025,0.3863275039745628,436.0,415.05,392.05,362.60833333333335,0.0441923790717117,37854208.8,30400589.85,1.2528790128063914,1.2451800766622294,471.0,346.0,525.0,253.0,0.2866972477057644,436.0,392.05,0.1008027522933467,0.046024546424637,68.36527220612206,66.27244958693694,0,18.5644224708924,13.52935674363713,5.035065727255265,0,3350837883.0,0.0114974765213331,0.0,3.0,1.0,5.0,4.0,8.0,2752,True,16606481796000.0,99.65,HIGH,高流動性,ALPHA,ALPHA Trend Momentum,112.0,BUY,買進,高流動性強勢買進,ALPHA高流動性強勢延續｜成交量/成交金額優先｜突破/趨勢確認｜高流動性,ALPHA
2026-05-01,5483,中美晶,TPEX,133.0,136.5,132.5,134.0,17887131.0,0.0,0.0,0.0307692307692306,0.0763052208835342,0.2523364485981307,0.0850202429149797,134.0,132.5,124.85,118.93333333333334,0.0279509973379976,17846504.8,13706346.1,1.3050254874273164,1.3020614443699186,141.0,105.5,141.0,104.5,0.2649253731323513,134.0,124.85,0.0682835820890427,0.0465213746852764,61.13615304123096,61.87574138744409,0,4.986600975985013,4.258853171149815,0.7277478048351975,0,3402466981.0,0.0052848896444266,0.0,3.0,1.0,5.0,4.0,9.0,2752,True,2396875554000.0,97.81,HIGH,高流動性,ALPHA,ALPHA Trend Momentum,112.0,BUY,買進,高流動性強勢買進,ALPHA高流動性強勢延續｜成交量/成交金額優先｜突破/趨勢確認｜高流動性,ALPHA
2026-05-01,6664,群翊,TPEX,455.0,497.5,447.0,464.5,5136771.0,0.0,0.0,0.1192771084337349,0.0592930444697834,0.4403100775193798,0.6326889279437611,464.5,440.7,417.85,328.3666666666667,0.0471152098992553,5106016.8,3555522.35,1.4447303361769048,1.4360806366468202,497.5,345.0,497.5,247.0,0.3283100107635558,464.5,417.85,0.100430570505704,0.1090909090906196,68.16051224635288,65.51387179487756,0,37.65257438275381,35.93624494999889,1.7163294327549252,0,143206466.0,0.0372041887975489,0.0,3.0,1.0,5.0,2.0,6.0,2066,True,2386030129500.0,95.5,HIGH,高流動性,ALPHA,ALPHA Trend Momentum,112.0,BUY,買進,高流動性強勢買進,ALPHA高流動性強勢延續｜成交量/成交金額優先｜突破/趨勢確認｜高流動性,ALPHA
2026-05-01,5386,青雲,TPEX,388.0,396.5,378.0,379.0,3775378.0,0.0,0.0,0.1147058823529412,0.0767045454545454,0.3205574912891986,3.511904761904762,379.0,365.8,350.975,271.0266666412353,0.0657850017774975,3757302.4,2383809.5,1.58375826591848,1.5761756130261242,412.5,270.0,445.0,83.30000305175781,0.3759894459092981,379.0,350.975,0.0739445910288285,0.0782642089091298,64.864043567746,57.23410322841927,0,22.11775886183534,22.679803211668304,-0.5620443498329628,0,609491932.0,0.0062329120362789,0.0,3.0,1.0,5.0,3.0,7.0,2752,True,1430868262000.0,93.82,HIGH,高流動性,ALPHA,ALPHA Trend Momentum,112.0,BUY,買進,高流動性強勢買進,ALPHA高流動性強勢延續｜成交量/成交金額優先｜突破/趨勢確認｜高流動性,ALPHA
2026-05-01,6953,家碩,TPEX,264.0,288.0,264.0,277.5,1067777.0,0.0,0.0,0.0903732809430255,0.15625,0.3028169014084507,0.1122244488977954,277.5,268.85,242.15,230.70833333333331,0.047231344587703,1062421.6,440378.45,2.4246804084078084,2.4125195045307,288.0,196.0,288.0,196.0,0.3315315315303368,277.5,242.15,0.1273873873869283,0.0690949227370018,77.85543562780977,78.08300962398043,0,15.714482711687111,11.39347293323754,4.321009778449572,0,5762373.0,0.2274481126810486,0.0,3.0,1.0,5.0,4.0,9.0,691,True,296308117500.0,84.47,HIGH,高流動性,ALPHA,ALPHA Trend Momentum,112.0,BUY,買進,高流動性強勢買進,ALPHA高流動性強勢延續｜成交量/成交金額優先｜突破/趨勢確認｜高流動性,ALPHA
2026-05-01,6922,宸曜,TPEX,170.0,184.5,170.0,176.5,1050355.0,0.0,0.0,0.0762195121951219,0.06006006006006,0.1387096774193548,0.1031249999999999,176.5,171.35,166.45,162.13333333333333,0.0241241664743652,1046884.0,310764.4,3.379907737179666,3.3687385041529745,184.5,150.5,184.5,145.0,0.1926345609054242,176.5,166.45,0.0569405099146916,0.029693782864029,61.85345899391839,59.63611577131311,0,4.163224298948279,2.923967899793188,1.2392563991550911,0,2911120.0,0.5644748262139496,0.0,3.0,1.0,5.0,3.0,7.0,769,True,185387657500.0,82.33,HIGH,高流動性,ALPHA,ALPHA Trend Momentum,112.0,BUY,買進,高流動性強勢買進,ALPHA高流動性強勢延續｜成交量/成交金額優先｜突破/趨勢確認｜高流動性,ALPHA
2026-05-01,3511,矽瑪,TPEX,23.2,23.75,22.45,22.85,2285936.0,0.0,0.0,0.0752941176470589,0.0727699914769273,0.1839378706359022,0.0578703516877077,22.85,21.924999809265135,20.6774998664856,20.04416669209798,0.0324797223984264,2283148.8,891680.5,2.563626769902445,2.5605009866202044,23.75,18.950000762939453,23.75,18.049999237060547,0.2100656121159947,22.85,20.6774998664856,0.0950765922721806,0.0512201315067091,77.89801271757302,76.19046744435443,0,0.9183797940024832,0.6255878269870052,0.2927919670154779,0,398511927.0,0.0057692732226644,0.0,3.0,1.0,5.0,4.0,8.0,2752,True,52233637600.0,81.93,HIGH,高流動性,ALPHA,ALPHA Trend Momentum,112.0,BUY,買進,高流動性強勢買進,ALPHA高流動性強勢延續｜成交量/成交金額優先｜突破/趨勢確認｜高流動性,ALPHA
2026-05-01,8032,光菱,TPEX,41.35,43.8,41.3,41.5,1599291.0,0.0,0.0,0.1369863013698631,0.1231393543467571,0.2223858340911229,0.0668380044250487,41.5,39.27000007629395,37.36499996185303,36.57083339691162,0.03882250401703,1596032.8,487827.6,3.278393842414814,3.2717148435225822,43.8,33.25,43.8,33.25,0.2542168674637537,41.5,37.36499996185303,0.0996385551336706,0.0501686352423937,68.00884712921291,65.59156512852527,0,1.5341870074227302,0.94963992566188,0.5845470817608502,0,194486152.0,0.0082913423532773,0.0,3.0,1.0,5.0,3.0,8.0,2752,True,66370576500.0,81.41,HIGH,高流動性,ALPHA,ALPHA Trend Momentum,112.0,BUY,買進,高流動性強勢買進,ALPHA高流動性強勢延續｜成交量/成交金額優先｜突破/趨勢確認｜高流動性,ALPHA
2026-05-01,6441,廣錠,TPEX,31.8,31.8,29.0,29.4,1779533.0,0.0,0.0,0.1713147232342187,0.2782608695652173,0.4886075949367088,0.3394076983194998,29.4,26.375000190734863,22.922500133514404,21.638333384195967,0.0578971465681543,1776826.4,722835.8,2.461877234082757,2.458132815225805,31.8,17.149999618530273,31.8,17.149999618530273,0.498299332686103,29.4,22.922500133514404,0.2203231247029003,0.1130128644010717,79.78484864662519,80.19914639429001,0,2.41518736256307,1.4808951337382898,0.9342922288247808,0,208277984.0,0.008617657863206,0.0,3.0,1.0,5.0,4.0,7.0,2752,True,52318270199.99999,81.06,HIGH,高流動性,ALPHA,ALPHA Trend Momentum,112.0,BUY,買進,高流動性強勢買進,ALPHA高流動性強勢延續｜成交量/成交金額優先｜突破/趨勢確認｜高流動性,ALPHA
2026-05-01,3438,類比科,TPEX,55.7,56.9,54.5,54.9,438998.0,0.0,0.0,0.0497132084295912,0.1793770332930884,0.237880538643874,0.0358490566037734,54.9,51.96999969482422,48.5774995803833,47.60833320617676,0.0352220012230023,436998.4,236735.6,1.8543810056451084,1.845934451768125,56.9,43.04999923706055,56.9,42.95000076293945,0.2522768809232636,54.9,48.5774995803833,0.1151639420674231,0.0548287329492392,81.2767940664537,79.6671414257913,0,2.341537723171797,1.4035363883851026,0.9380013347866942,0,186895392.0,0.0023544271697113,0.0,3.0,1.0,5.0,4.0,8.0,2752,True,24100990200.0,67.84,HIGH,高流動性,ALPHA,ALPHA Trend Momentum,112.0,BUY,買進,高流動性強勢買進,ALPHA高流動性強勢延續｜成交量/成交金額優先｜突破/趨勢確認｜高流動性,ALPHA
2026-05-01,6026,福邦證,TPEX,15.3,15.4,15.1,15.35,1987130.0,0.0,0.0,0.0302013686570896,0.0371621487957445,0.0371621487957445,0.0406779661016949,15.35,15.064999961853028,14.922499990463256,14.63500000635783,0.0096252092783832,1977304.0,1533891.65,1.2954826372514636,1.2890767089057424,15.4,14.5,15.899999618530272,13.0,0.0586319218202845,15.35,14.922499990463256,0.0278501634859213,0.0120379796374575,88.9460342868658,79.07613722169802,0,0.1961338228095179,0.1463095916788737,0.0498242311306441,0,700602518.0,0.0028443833819475,0.0,3.0,1.0,5.0,2.0,8.0,2751,True,30502445500.0,79.27,HIGH,高流動性,ALPHA,ALPHA Trend Momentum,110.0,BUY,買進,高流動性強勢買進,ALPHA高流動性強勢延續｜成交量/成交金額優先｜突破/趨勢確認｜高流動性,ALPHA
2026-05-01,3580,友威科,TPEX,85.4,87.3,83.3,85.9,2698165.0,0.0,0.0,0.0791457493297203,0.0226190476190477,0.2324247311486629,0.2449275362318841,85.9,83.45999984741212,81.44500007629395,73.18500035603842,0.0341016219034502,2690732.0,1884250.5,1.4319566320932375,1.428011827514441,89.0999984741211,69.30000305175781,89.0999984741211,61.79999923706055,0.2305005287791941,85.9,81.44500007629395,0.0518626300774643,0.044836434589469,76.64139744752393,67.60468382743727,0,3.282096833645852,3.146110887262952,0.1359859463828998,0,387372899.0,0.0070141466582518,0.0,3.0,1.0,5.0,2.0,8.0,2752,True,231772373500.00003,87.99,HIGH,高流動性,ALPHA,ALPHA Trend Momentum,108.0,TEST,試單,強勢試單,ALPHA高流動性強勢延續｜成交量/成交金額優先｜突破/趨勢確認｜高流動性,ALPHA
2026-05-01,5474,聰泰,TPEX,140.5,154.0,140.0,154.0,1447904.0,0.0,0.0,0.136531365313653,0.0440677966101694,0.1846153846153846,-0.0374999999999999,154.0,147.65,143.55,144.29166666666666,0.0409514967571066,1441323.2,534439.1,2.7092029756056344,2.696889505277584,154.0,126.0,167.5,125.5,0.1818181818170011,154.0,143.55,0.0678571428567021,0.0413492927091669,92.22221520950038,81.7760581605182,0,3.50111448939748,1.8699196516830416,1.6311948377144383,0,262979092.0,0.0055362574959894,0.0,3.0,1.0,5.0,2.0,7.0,2752,True,222977216000.0,85.28,HIGH,高流動性,ALPHA,ALPHA Trend Momentum,108.0,TEST,試單,強勢試單,ALPHA高流動性強勢延續｜成交量/成交金額優先｜突破/趨勢確認｜高流動性,ALPHA
2026-05-01,6485,點序,TPEX,83.0,87.6,82.9,87.6,1380397.0,0.0,0.0,0.1361867929141822,0.1159235668789808,0.0841583748937029,-0.1617224880382776,87.6,83.91000061035156,81.10500030517578,87.69333343505859,0.0403703938560756,1375717.6,802357.8,1.7204257252811628,1.7145936638242916,87.6,75.0999984741211,130.0,75.0,0.1426940813440206,87.6,81.10500030517578,0.0741438321318501,0.0182674189167522,91.60563245358742,78.2900402861691,0,0.6529877540514661,-0.7049023176564525,1.3578900717079183,0,581072188.0,0.0023812602169486,0.0,3.0,1.0,5.0,3.0,8.0,2751,True,120922777199.99998,82.16,HIGH,高流動性,ALPHA,ALPHA Trend Momentum,108.0,TEST,試單,強勢試單,ALPHA高流動性強勢延續｜成交量/成交金額優先｜突破/趨勢確認｜高流動性,ALPHA
2026-05-01,4563,百德,TPEX,48.15,50.6,47.75,50.6,1108746.0,0.0,0.0,0.1919905557263457,0.2432432199381007,0.2251816206958692,-0.2602339346314829,50.6,47.35,43.98500003814697,47.5766663869222,0.0576565162873545,1106596.8,437336.0,2.5352269193480472,2.530312620044994,50.6,39.0,70.5,39.0,0.2292490118531769,50.6,43.98500003814697,0.1307312245399663,0.0507017029106305,94.45927784925924,85.97528978676203,0,1.6690521106696965,0.4600361664007,1.2090159442689965,0,182313696.0,0.0061187401337545,0.0,3.0,1.0,5.0,4.0,8.0,2411,True,56102547600.0,78.87,HIGH,高流動性,ALPHA,ALPHA Trend Momentum,108.0,TEST,試單,強勢試單,ALPHA高流動性強勢延續｜成交量/成交金額優先｜突破/趨勢確認｜高流動性,ALPHA
2026-05-01,6204,艾華,TPEX,70.6,71.8,69.6,71.5,313935.0,0.0,0.0,0.1313291002668417,0.0437956204379561,0.213921870079834,-0.1538461538461538,71.5,68.87999992370605,65.57500019073487,66.43166675567628,0.0418569742258823,313148.0,206794.7,1.518099835247221,1.5142941284278488,71.8,58.09999847412109,87.4000015258789,58.0,0.1916084129466755,71.5,65.57500019073487,0.0828671301983533,0.0467714887248775,90.65513205378872,82.01816324599763,0,1.9833168873099964,1.0599200048897104,0.923396882420286,0,101132414.0,0.003113863679693,0.0,3.0,1.0,5.0,2.0,7.0,2752,True,22446352500.0,64.95,HIGH,高流動性,ALPHA,ALPHA Trend Momentum,108.0,TEST,試單,強勢試單,ALPHA高流動性強勢延續｜成交量/成交金額優先｜突破/趨勢確認｜高流動性,ALPHA
2026-05-01,6147,頎邦,TPEX,164.5,173.0,155.0,163.0,92422179.0,0.0,0.0,0.1241379310344827,0.4173913043478261,1.1335078107922176,1.8151985441165444,163.0,149.75,126.85,82.17500019073486,0.0583453307676184,92281543.2,52084128.95,1.7744787301468348,1.7717785640341404,173.0,79.69999694824219,173.0,50.20000076293945,0.5723926567557388,163.0,126.85,0.2217791411029339,0.2085556376064691,81.60652079700267,83.7672316524857,0,22.896646590420687,20.09317835092229,2.8034682394983967,0,1453639626.0,0.0678967046768979,0.0,3.0,1.0,5.0,5.0,9.0,2752,True,15064815177000.0,99.83,HIGH,高流動性,ALPHA,ALPHA Trend Momentum,106.0,BUY,買進,高流動性強勢買進,ALPHA高流動性強勢延續｜成交量/成交金額優先｜突破/趨勢確認｜高流動性,ALPHA
2026-05-01,3455,由田,TPEX,245.0,254.5,231.0,243.0,10951819.0,0.0,0.0,0.1302325581395349,0.2623376623376623,0.9209486166007904,1.1222707423580784,243.0,229.85,203.475,146.5,0.0527002019365096,10927055.2,5681536.9,1.927615571765449,1.923256927188134,254.5,128.5,254.5,102.5,0.5185185185163848,243.0,203.475,0.1626543209869849,0.1655448947434309,80.90908523152484,80.99750474433668,0,27.375209409732605,24.842032171296577,2.5331772384360285,0,563757910.0,0.019811321145519,0.0,3.0,1.0,5.0,4.0,9.0,2752,True,2661292017000.0,97.46,HIGH,高流動性,ALPHA,ALPHA Trend Momentum,106.0,BUY,買進,高流動性強勢買進,ALPHA高流動性強勢延續｜成交量/成交金額優先｜突破/趨勢確認｜高流動性,ALPHA
2026-05-01,8155,博智,TPEX,426.0,438.5,412.5,416.0,6606349.0,0.0,0.0,0.0976253298153033,0.1019867549668873,0.7014314928425358,1.254742547425474,416.0,400.5,359.6,268.1,0.0468242986524965,6577479.2,4872080.4,1.355960587185712,1.350035028157581,438.5,246.0,438.5,173.0,0.4627403846142722,416.0,359.6,0.1355769230765971,0.124101281650128,74.538506499342,74.8802370332892,0,41.68719827194116,39.85714172500265,1.830056546938508,0,514505407.0,0.01300720860955,0.0,3.0,1.0,5.0,3.0,9.0,2752,True,2748241184000.0,96.59,HIGH,高流動性,ALPHA,ALPHA Trend Momentum,106.0,BUY,買進,高流動性強勢買進,ALPHA高流動性強勢延續｜成交量/成交金額優先｜突破/趨勢確認｜高流動性,ALPHA
2026-05-01,6218,豪勉,TPEX,39.3,42.8,38.3,41.15,16846611.0,0.0,0.0,0.2413272430131203,0.0944149380304435,0.6592742445937816,0.6934156910277218,41.15,37.72000045776368,35.99250020980835,27.96750005086263,0.0729368447192571,16706288.8,6221083.1,2.7079868134216047,2.685430901895524,42.8,24.600000381469727,42.8,21.100000381469727,0.4422843163569377,41.15,35.99250020980835,0.1253341382762167,0.1235367585352418,77.42438642091943,67.54919607285265,0,3.4733484712996514,3.1329760081210942,0.3403724631785572,0,235189018.0,0.0771568438374867,0.0,3.0,1.0,5.0,2.0,5.0,2752,True,693238042650.0,95.84,HIGH,高流動性,ALPHA,ALPHA Trend Momentum,106.0,BUY,買進,高流動性強勢買進,ALPHA高流動性強勢延續｜成交量/成交金額優先｜突破/趨勢確認｜高流動性,ALPHA
2026-05-01,4529,淳紳,TPEX,5.2,5.38,5.13,5.2,362237.0,0.0,0.0,0.0441767028280943,0.6774194064423165,0.6613417922921792,0.5430267586306821,5.2,4.679000020027161,3.889499998092652,3.527166660626729,0.0470402424959789,361589.6,194798.25,1.8595495596084568,1.8562261211278752,5.38,2.809999942779541,5.38,2.809999942779541,0.4942307801396592,5.2,3.889499998092652,0.2520192310875633,0.1424585116325725,92.06541042039044,90.7765621131082,0,0.5233425067844948,0.335655035286909,0.1876874714975858,0,73026181.0,0.0049850996252005,0.0,3.0,1.0,5.0,6.0,10.0,2752,True,1883632400.0000002,48.9,HIGH,高流動性,ALPHA,ALPHA Trend Momentum,106.0,BUY,買進,高流動性強勢買進,ALPHA高流動性強勢延續｜成交量/成交金額優先｜突破/趨勢確認｜高流動性,ALPHA
2026-05-01,6222,立軒,TPEX,22.3,22.65,21.75,21.75,81813.0,0.0,0.0,0.0558252231667302,0.0481927710843372,0.0406698754537819,0.172506786768285,21.75,21.28000011444092,21.03250007629395,19.997499910990403,0.0141055939239443,81650.4,46848.65,1.7463256678687271,1.7428549168438845,22.65,20.0,22.850000381469727,18.100000381469727,0.1218390804541682,21.75,21.03250007629395,0.0329885022378419,0.0126384254018224,55.08163726827337,50.81000120399349,0,0.3857452902459997,0.3269772872100324,0.0587680030359673,0,18217401.0,0.0045111854106962,0.0,3.0,1.0,5.0,2.0,8.0,2752,True,1779432750.0,35.57,HIGH,高流動性,ALPHA,ALPHA Trend Momentum,106.0,BUY,買進,高流動性強勢買進,ALPHA高流動性強勢延續｜成交量/成交金額優先｜突破/趨勢確認｜高流動性,ALPHA
2026-05-01,6261,久元,TPEX,95.8,96.5,88.9,91.5,13088173.0,0.0,0.0,-0.0378548741522928,0.1685823299332023,0.2248996484350345,0.2923728256495923,91.5,91.76999969482422,85.35999946594238,76.07333297729492,0.0401384513861221,13061738.4,6512210.3,2.009789671565121,2.005730435333146,99.0,70.69999694824219,99.0,65.0,0.3092896508355029,91.76999969482422,85.35999946594238,0.0700546473094184,0.0548690038038555,59.319349556620416,67.56667188318073,0,5.005552112717439,4.737620444522649,0.2679316681947901,0,286343225.0,-0.0437100888130642,0.0,3.0,0.0,4.0,4.0,8.0,2752,True,1197567829500.0,96.48,HIGH,高流動性,ALPHA,ALPHA Trend Momentum,104.0,BUY,買進,高流動性強勢買進,ALPHA高流動性強勢延續｜成交量/成交金額優先｜突破/趨勢確認｜高流動性,ALPHA
2026-05-01,3709,鑫聯大投控,TPEX,78.6,84.4,78.6,82.5,4674485.0,0.0,0.0,0.0223048713733193,0.1570826994230552,0.265337482538398,0.3436481750774527,82.5,79.83000030517579,74.31000022888183,69.17666657765706,0.0375441988517096,4666388.0,4820129.45,0.9697841206318636,0.9681042902281388,87.0,63.20000076293945,87.0,58.79999923706055,0.2884848392336007,82.5,74.31000022888183,0.0992727244971987,0.0602839465022193,72.67488272703031,71.68997624322421,0,4.071794679837851,3.1645255170464752,0.9072691627913754,0,264072731.0,0.0180204957900911,0.0,3.0,1.0,5.0,5.0,9.0,2102,True,385645012500.0,91.97,HIGH,高流動性,ALPHA,ALPHA Trend Momentum,104.0,TEST,試單,強勢試單,ALPHA高流動性強勢延續｜成交量/成交金額優先｜突破/趨勢確認｜高流動性,ALPHA
2026-05-01,6903,巨漢,TPEX,400.0,425.0,387.5,412.5,2105219.0,0.0,0.0,0.07421875,0.0469543147208122,0.4372822299651568,0.5165441176470589,412.5,399.65,380.025,316.31666666666666,0.0427765579264165,2092575.2,1789795.25,1.176234544146879,1.169170160665025,425.0,279.0,425.0,228.0,0.3539393939385359,412.5,380.025,0.0787272727270819,0.08788377585318,73.90131750697478,68.56919650381649,0,26.21794103943381,25.663519373131024,0.5544216663027868,0,46376388.0,0.0475528215665594,0.0,3.0,1.0,5.0,3.0,8.0,916,True,868402837500.0,90.53,HIGH,高流動性,ALPHA,ALPHA Trend Momentum,104.0,TEST,試單,強勢試單,ALPHA高流動性強勢延續｜成交量/成交金額優先｜突破/趨勢確認｜高流動性,ALPHA
2026-05-01,6016,康和證,TPEX,19.4,19.7,19.35,19.45,7190901.0,0.0,0.0,0.0291005498714653,0.1308139033289219,0.1543026444907111,0.193251589593786,19.45,18.75999984741211,17.820000076293944,17.16749997138977,0.0182921401015598,7182120.8,6366041.25,1.1295718512662791,1.128192626775706,19.7,16.399999618530273,19.7,15.449999809265137,0.1696658293727537,19.45,17.820000076293944,0.0838046233224807,0.0381590397812576,89.47898424516977,88.64963981944604,0,0.6788323335942792,0.4691613403789259,0.2096709932153533,0,779450089.0,0.009311512393427,0.0,3.0,1.0,5.0,5.0,9.0,2752,True,139863024450.0,89.26,HIGH,高流動性,ALPHA,ALPHA Trend Momentum,104.0,TEST,試單,強勢試單,ALPHA高流動性強勢延續｜成交量/成交金額優先｜突破/趨勢確認｜高流動性,ALPHA
2026-05-01,8091,翔名,TPEX,183.5,195.0,183.5,192.0,1689532.0,0.0,0.0,0.0549450549450549,0.0578512396694215,0.2190476190476191,0.4065934065934067,192.0,188.3,182.55,153.55,0.0337193293170461,1682425.6,1702404.5,0.992438636058586,0.9882643049874452,199.5,156.0,199.5,126.0,0.22656249999882,192.0,182.55,0.0492187499997435,0.0604124310191088,74.22322098304946,66.06009414986121,0,10.301634577051914,10.684537490172506,-0.3829029131205921,0,128386304.0,0.0133352410904359,0.0,3.0,1.0,5.0,3.0,9.0,2752,True,324390144000.0,87.53,HIGH,高流動性,ALPHA,ALPHA Trend Momentum,104.0,TEST,試單,強勢試單,ALPHA高流動性強勢延續｜成交量/成交金額優先｜突破/趨勢確認｜高流動性,ALPHA
2026-05-01,3224,三顧,TPEX,52.5,53.0,50.1,50.6,1850728.0,0.0,0.0,0.1605504993316406,0.219277108433735,0.2222221771748058,0.1035987281124979,50.6,47.98499984741211,43.8899995803833,43.92833315531413,0.0546770807827593,1848182.4,682410.55,2.7120448240432347,2.708314518291074,53.0,36.79999923706055,53.0,36.79999923706055,0.320158117838326,50.6,43.8899995803833,0.1326087039423733,0.0501884323998619,76.22586098567307,73.44925374216166,0,2.131454352366923,1.1316587851990534,0.9997955671678695,0,115318746.0,0.0163105695562604,0.0,3.0,1.0,5.0,4.0,7.0,2752,True,93646836800.0,83.14,HIGH,高流動性,ALPHA,ALPHA Trend Momentum,104.0,TEST,試單,強勢試單,ALPHA高流動性強勢延續｜成交量/成交金額優先｜突破/趨勢確認｜高流動性,ALPHA
2026-05-01,6435,大中,TPEX,191.0,194.0,189.0,193.0,839757.0,0.0,0.0,0.0575342465753425,0.0812324929971988,0.2781456953642385,0.2866666666666666,193.0,186.9,174.625,158.35833333333332,0.0356507332968987,836805.6,1002272.7,0.8378528119143613,0.8349081043512401,198.5,149.0,198.5,124.5,0.256476683936495,193.0,174.625,0.095207253885517,0.0613888466794627,79.4543474921634,77.39377730389927,0,9.71014596278212,8.014929915956511,1.6952160468256103,0,414980048.0,0.0020277114259332,0.0,3.0,1.0,5.0,4.0,9.0,2752,True,162073101000.0,80.2,HIGH,高流動性,ALPHA,ALPHA Trend Momentum,104.0,TEST,試單,強勢試單,ALPHA高流動性強勢延續｜成交量/成交金額優先｜突破/趨勢確認｜高流動性,ALPHA
2026-05-01,3122,笙泉,TPEX,34.9,35.0,32.65,32.7,1141830.0,0.0,0.0,-0.009090909090909,0.2625482811437816,0.3027888248217334,0.3710691604603198,32.7,30.95499992370605,28.107499980926512,26.756666787465413,0.0322726340708447,1139464.0,547103.45,2.087045877703747,2.0827212842470613,35.0,24.5,35.0,23.600000381469727,0.3211009174213731,32.7,28.107499980926512,0.1404434256554448,0.0673058644444548,75.69184993999826,78.32600528197963,0,1.8980756526034384,1.2812860387191725,0.6167896138842659,0,552068077.0,-0.002064008589781,0.0,3.0,0.0,5.0,4.0,9.0,2752,True,37337841000.0,77.48,HIGH,高流動性,ALPHA,ALPHA Trend Momentum,104.0,BUY,買進,高流動性強勢買進,ALPHA高流動性強勢延續｜成交量/成交金額優先｜突破/趨勢確認｜高流動性,ALPHA
2026-05-01,3490,單井,TPEX,30.3,30.7,29.95,30.5,1091487.0,0.0,0.0,0.0217755313307728,0.0517241379310344,0.1821705775939757,0.196078431372549,30.5,30.309999847412115,29.032499885559083,26.247499942779545,0.0266200583557704,1090189.6,2457731.95,0.4441033530934891,0.4435754680244929,31.799999237060547,25.64999961853028,31.799999237060547,22.799999237060547,0.2016393317484795,30.5,29.032499885559083,0.0481147578489443,0.0389157310249905,66.41476631506222,66.20218161425682,1,1.1958930802288066,1.1701917524701624,0.0257013277586442,0,375380127.0,0.0029161638461696,0.0,3.0,1.0,5.0,4.0,8.0,2752,True,33290353500.0,76.56,HIGH,高流動性,ALPHA,ALPHA Trend Momentum,104.0,TEST,試單,強勢試單,ALPHA高流動性強勢延續｜成交量/成交金額優先｜突破/趨勢確認｜高流動性,ALPHA
2026-05-01,6679,鈺太,TPEX,288.0,298.0,284.0,286.0,484019.0,0.0,0.0,0.0381125226860254,0.0362318840579709,0.1485943775100402,0.5628415300546448,286.0,282.95,270.075,237.4,0.0231547916192705,482015.2,563927.4,0.8583001996356252,0.8547469053640576,298.0,243.5,298.0,176.0,0.1905594405587742,286.0,270.075,0.0556818181816235,0.04185553090928,64.715159517946,68.15126618230312,0,12.19797049021065,12.042432860854918,0.1555376293557326,0,213460729.0,0.002272638167807,0.0,3.0,1.0,5.0,2.0,9.0,1939,True,138429434000.0,75.92,HIGH,高流動性,ALPHA,ALPHA Trend Momentum,104.0,TEST,試單,強勢試單,ALPHA高流動性強勢延續｜成交量/成交金額優先｜突破/趨勢確認｜高流動性,ALPHA
2026-05-01,2061,風青,TPEX,19.15,20.2,19.05,19.35,1078494.0,0.0,0.0,0.1415928689695436,0.2018633255605917,0.1415928689695436,0.1152737506949181,19.35,17.685000038146974,17.10750017166138,17.475000111262002,0.0405740067269258,1077795.2,421939.65,2.556038523518701,2.554382362501361,20.2,15.0,20.549999237060547,15.0,0.2687338501153108,19.35,17.10750017166138,0.1158914639908388,0.0436175020829363,78.0945138543612,67.21005543223188,0,0.5541218598601105,0.1315381672809553,0.4225836925791552,0,48641464.0,0.0226750768507517,0.0,3.0,1.0,5.0,2.0,6.0,2752,True,20868858900.000004,73.79,HIGH,高流動性,ALPHA,ALPHA Trend Momentum,104.0,TEST,試單,強勢試單,ALPHA高流動性強勢延續｜成交量/成交金額優先｜突破/趨勢確認｜高流動性,ALPHA
2026-05-01,5299,杰力,TPEX,89.8,90.4,88.2,88.9,269798.0,0.0,0.0,0.0289351670135362,0.0520710059171598,0.186915863670362,0.1397435897435899,88.9,87.12999954223633,83.67999954223633,78.34499982198079,0.0192146421576546,268838.4,299531.45,0.9007334622123956,0.8975297919467192,90.5,73.80000305175781,90.5,70.0999984741211,0.1878514842300825,88.9,83.67999954223633,0.0587176654410006,0.0390513404202388,79.84208083822254,77.0706099233334,0,3.088361754882129,2.635059047793129,0.4533027070890001,0,237764198.0,0.0011360183650646,0.0,3.0,1.0,5.0,4.0,9.0,2752,True,23985042200.000004,63.8,HIGH,高流動性,ALPHA,ALPHA Trend Momentum,104.0,TEST,試單,強勢試單,ALPHA高流動性強勢延續｜成交量/成交金額優先｜突破/趨勢確認｜高流動性,ALPHA
2026-05-01,6419,京晨科,TPEX,148.5,149.5,145.0,149.0,182939.0,0.0,0.0,0.1203007518796992,0.1640625,0.5204081632653061,1.0080863359594767,149.0,143.95,126.37999992370604,93.78833338419597,0.0608838798778124,181351.2,527569.8,0.346757907674017,0.3437482585242742,156.0,89.30000305175781,156.0,64.0999984741211,0.447650986226809,149.0,126.37999992370604,0.1518120810479338,0.1310184372869573,73.3099072344927,73.87829948653118,0,15.7609541689703,14.834092806838513,0.9268613621317884,0,21121060.0,0.0087371259340798,0.0,3.0,1.0,5.0,4.0,7.0,2752,True,27257911000.0,61.78,HIGH,高流動性,ALPHA,ALPHA Trend Momentum,104.0,TEST,試單,強勢試單,ALPHA高流動性強勢延續｜成交量/成交金額優先｜突破/趨勢確認｜高流動性,ALPHA
