stock_id,stock_name,foreign_net_buy,trust_net_buy,dealer_net_buy,inst_net_buy,inst_buy_days,inst_valid,margin_balance,short_balance,margin_balance_change,short_balance_change,margin_valid
0050,元大台灣50,-26169005.0,0.0,16697487.0,-9471518.0,0,1,0.0,0.0,0.0,0.0,0
0051,元大中型100,-51.0,0.0,64358.0,64307.0,1,1,0.0,0.0,0.0,0.0,0
0052,富邦科技,6998201.0,410000.0,20828095.0,28236296.0,1,1,0.0,0.0,0.0,0.0,0
0053,元大電子,9002.0,0.0,20350.0,29352.0,1,1,0.0,0.0,0.0,0.0,0
0055,元大MSCI金融,-11900.0,0.0,55933.0,44033.0,1,1,0.0,0.0,0.0,0.0,0
0056,元大高股息,7435524.0,0.0,671886.0,8107410.0,1,1,0.0,0.0,0.0,0.0,0
0057,富邦摩台,1000.0,0.0,2000.0,3000.0,1,1,0.0,0.0,0.0,0.0,0
0061,元大寶滬深,-19000.0,0.0,446.0,-18554.0,0,1,0.0,0.0,0.0,0.0,0
1101,台泥,-3288689.0,-18000.0,250849.0,-3055840.0,0,1,0.0,0.0,0.0,0.0,0
1102,亞泥,-2888005.0,-1413672.0,144000.0,-4157677.0,0,1,0.0,0.0,0.0,0.0,0
1103,嘉泥,-97000.0,0.0,0.0,-97000.0,0,1,0.0,0.0,0.0,0.0,0
1104,環泥,-333900.0,0.0,0.0,-333900.0,0,1,0.0,0.0,0.0,0.0,0
1108,幸福,-29000.0,0.0,0.0,-29000.0,0,1,0.0,0.0,0.0,0.0,0
1109,信大,-15000.0,0.0,0.0,-15000.0,0,1,0.0,0.0,0.0,0.0,0
1110,東泥,-15000.0,0.0,0.0,-15000.0,0,1,0.0,0.0,0.0,0.0,0
1201,味全,-45000.0,0.0,0.0,-45000.0,0,1,0.0,0.0,0.0,0.0,0
1203,味王,-11000.0,0.0,0.0,-11000.0,0,1,0.0,0.0,0.0,0.0,0
1210,大成,205770.0,-249000.0,5000.0,-38230.0,0,1,0.0,0.0,0.0,0.0,0
1215,卜蜂,-839908.0,-115000.0,3000.0,-951908.0,0,1,0.0,0.0,0.0,0.0,0
1216,統一,-5204944.0,-1693019.0,300492.0,-6597471.0,0,1,0.0,0.0,0.0,0.0,0
1217,愛之味,-238970.0,0.0,0.0,-238970.0,0,1,0.0,0.0,0.0,0.0,0
1218,泰山,-144000.0,0.0,0.0,-144000.0,0,1,0.0,0.0,0.0,0.0,0
1219,福壽,-22000.0,0.0,0.0,-22000.0,0,1,0.0,0.0,0.0,0.0,0
1220,台榮,-11000.0,0.0,0.0,-11000.0,0,1,0.0,0.0,0.0,0.0,0
1225,福懋油,-85000.0,0.0,0.0,-85000.0,0,1,0.0,0.0,0.0,0.0,0
1227,佳格,-777000.0,0.0,11000.0,-766000.0,0,1,0.0,0.0,0.0,0.0,0
1229,聯華,-1665835.0,0.0,20000.0,-1645835.0,0,1,0.0,0.0,0.0,0.0,0
1231,聯華食,-114100.0,0.0,0.0,-114100.0,0,1,0.0,0.0,0.0,0.0,0
1232,大統益,-3020.0,0.0,2000.0,-1020.0,0,1,0.0,0.0,0.0,0.0,0
1233,天仁,-5000.0,0.0,0.0,-5000.0,0,1,0.0,0.0,0.0,0.0,0
1234,黑松,-13000.0,0.0,79.0,-12921.0,0,1,0.0,0.0,0.0,0.0,0
1235,興泰,-10000.0,0.0,0.0,-10000.0,0,1,0.0,0.0,0.0,0.0,0
1236,宏亞,-9000.0,0.0,0.0,-9000.0,0,1,0.0,0.0,0.0,0.0,0
1256,鮮活果汁-KY,-12000.0,0.0,0.0,-12000.0,0,1,0.0,0.0,0.0,0.0,0
1301,台塑,5449320.0,0.0,408393.0,5857713.0,1,1,0.0,0.0,0.0,0.0,0
1303,南亞,-17805375.0,-1408404.0,1172155.0,-18041624.0,0,1,0.0,0.0,0.0,0.0,0
1304,台聚,636930.0,0.0,226101.0,863031.0,1,1,0.0,0.0,0.0,0.0,0
1305,華夏,829685.0,0.0,612.0,830297.0,1,1,0.0,0.0,0.0,0.0,0
1307,三芳,-259000.0,300000.0,100.0,41100.0,1,1,0.0,0.0,0.0,0.0,0
1308,亞聚,-294000.0,0.0,4716.0,-289284.0,0,1,0.0,0.0,0.0,0.0,0
1309,台達化,6066000.0,0.0,2616.0,6068616.0,1,1,0.0,0.0,0.0,0.0,0
1310,台苯,249000.0,0.0,0.0,249000.0,1,1,0.0,0.0,0.0,0.0,0
1312,國喬,-510000.0,0.0,62768.0,-447232.0,0,1,0.0,0.0,0.0,0.0,0
1313,聯成,903000.0,0.0,0.0,903000.0,1,1,0.0,0.0,0.0,0.0,0
1314,中石化,118500.0,0.0,0.0,118500.0,1,1,0.0,0.0,0.0,0.0,0
1315,達新,47000.0,0.0,0.0,47000.0,1,1,0.0,0.0,0.0,0.0,0
1316,上曜,-152000.0,0.0,0.0,-152000.0,0,1,0.0,0.0,0.0,0.0,0
1319,東陽,-1016100.0,110302.0,33000.0,-872798.0,0,1,0.0,0.0,0.0,0.0,0
1321,大洋,-43000.0,0.0,0.0,-43000.0,0,1,0.0,0.0,0.0,0.0,0
1323,永裕,-4000.0,0.0,0.0,-4000.0,0,1,0.0,0.0,0.0,0.0,0
1324,地球,-10000.0,0.0,0.0,-10000.0,0,1,0.0,0.0,0.0,0.0,0
1325,恆大,-50000.0,0.0,0.0,-50000.0,0,1,0.0,0.0,0.0,0.0,0
1326,台化,5217139.0,0.0,860678.0,6077817.0,1,1,0.0,0.0,0.0,0.0,0
1337,再生-KY,4000.0,0.0,0.0,4000.0,1,1,0.0,0.0,0.0,0.0,0
1338,廣華-KY,-9000.0,0.0,0.0,-9000.0,0,1,0.0,0.0,0.0,0.0,0
1339,昭輝,-16000.0,0.0,0.0,-16000.0,0,1,0.0,0.0,0.0,0.0,0
1340,勝悅-KY,-49000.0,0.0,0.0,-49000.0,0,1,0.0,0.0,0.0,0.0,0
1341,富林-KY,-2000.0,0.0,0.0,-2000.0,0,1,0.0,0.0,0.0,0.0,0
1342,八貫,-52000.0,0.0,0.0,-52000.0,0,1,0.0,0.0,0.0,0.0,0
1402,遠東新,-5963725.0,-440000.0,339096.0,-6064629.0,0,1,0.0,0.0,0.0,0.0,0
1409,新纖,-5216000.0,0.0,21195.0,-5194805.0,0,1,0.0,0.0,0.0,0.0,0
1410,南染,-24000.0,0.0,0.0,-24000.0,0,1,0.0,0.0,0.0,0.0,0
1413,宏洲,-3000.0,0.0,0.0,-3000.0,0,1,0.0,0.0,0.0,0.0,0
1414,東和,-104000.0,0.0,0.0,-104000.0,0,1,0.0,0.0,0.0,0.0,0
1416,廣豐,12000.0,0.0,0.0,12000.0,1,1,0.0,0.0,0.0,0.0,0
1417,嘉裕,-20000.0,0.0,0.0,-20000.0,0,1,0.0,0.0,0.0,0.0,0
1418,東華,-2000.0,0.0,0.0,-2000.0,0,1,0.0,0.0,0.0,0.0,0
1419,新紡,-9939.0,0.0,8026.0,-1913.0,0,1,0.0,0.0,0.0,0.0,0
1423,利華,-17000.0,0.0,0.0,-17000.0,0,1,0.0,0.0,0.0,0.0,0
1432,大魯閣,-74000.0,0.0,0.0,-74000.0,0,1,0.0,0.0,0.0,0.0,0
1434,福懋,-297000.0,0.0,0.0,-297000.0,0,1,0.0,0.0,0.0,0.0,0
1436,華友聯,-95000.0,0.0,0.0,-95000.0,0,1,0.0,0.0,0.0,0.0,0
1437,勤益控,-23000.0,0.0,0.0,-23000.0,0,1,0.0,0.0,0.0,0.0,0
1438,三地開發,-20000.0,0.0,0.0,-20000.0,0,1,0.0,0.0,0.0,0.0,0
1439,雋揚,-9000.0,0.0,0.0,-9000.0,0,1,0.0,0.0,0.0,0.0,0
1440,南紡,-421000.0,0.0,20000.0,-401000.0,0,1,0.0,0.0,0.0,0.0,0
1441,大東,-4000.0,0.0,0.0,-4000.0,0,1,0.0,0.0,0.0,0.0,0
1442,名軒,-158000.0,-440000.0,0.0,-598000.0,0,1,0.0,0.0,0.0,0.0,0
1443,立益物流,-11000.0,0.0,0.0,-11000.0,0,1,0.0,0.0,0.0,0.0,0
1444,力麗,-102000.0,0.0,0.0,-102000.0,0,1,0.0,0.0,0.0,0.0,0
1445,大宇,-11000.0,0.0,0.0,-11000.0,0,1,0.0,0.0,0.0,0.0,0
1446,宏和,29000.0,0.0,0.0,29000.0,1,1,0.0,0.0,0.0,0.0,0
1447,力鵬,-688000.0,0.0,0.0,-688000.0,0,1,0.0,0.0,0.0,0.0,0
1449,佳和,0.0,0.0,0.0,0.0,0,1,0.0,0.0,0.0,0.0,0
1451,年興,-27000.0,0.0,0.0,-27000.0,0,1,0.0,0.0,0.0,0.0,0
1452,宏益,-4000.0,0.0,0.0,-4000.0,0,1,0.0,0.0,0.0,0.0,0
1453,大將,-2950.0,0.0,0.0,-2950.0,0,1,0.0,0.0,0.0,0.0,0
1454,台富,-11980.0,0.0,0.0,-11980.0,0,1,0.0,0.0,0.0,0.0,0
1455,集盛,-303000.0,0.0,0.0,-303000.0,0,1,0.0,0.0,0.0,0.0,0
1456,怡華,-7000.0,0.0,0.0,-7000.0,0,1,0.0,0.0,0.0,0.0,0
1457,宜進,-56000.0,0.0,0.0,-56000.0,0,1,0.0,0.0,0.0,0.0,0
1459,聯發,-20000.0,0.0,0.0,-20000.0,0,1,0.0,0.0,0.0,0.0,0
1460,宏遠,-52000.0,0.0,0.0,-52000.0,0,1,0.0,0.0,0.0,0.0,0
1463,強盛新,-14000.0,0.0,0.0,-14000.0,0,1,0.0,0.0,0.0,0.0,0
1464,得力,-61000.0,0.0,0.0,-61000.0,0,1,0.0,0.0,0.0,0.0,0
1465,偉全,-9000.0,0.0,0.0,-9000.0,0,1,0.0,0.0,0.0,0.0,0
1466,聚隆,-16000.0,0.0,0.0,-16000.0,0,1,0.0,0.0,0.0,0.0,0
1467,南緯,3000.0,0.0,0.0,3000.0,1,1,0.0,0.0,0.0,0.0,0
1468,昶和,-10000.0,0.0,0.0,-10000.0,0,1,0.0,0.0,0.0,0.0,0
1471,首利,72000.0,0.0,0.0,72000.0,1,1,0.0,0.0,0.0,0.0,0
1472,三洋實業,-10000.0,0.0,0.0,-10000.0,0,1,0.0,0.0,0.0,0.0,0
1473,台南,-54990.0,0.0,0.0,-54990.0,0,1,0.0,0.0,0.0,0.0,0
1474,弘裕,-10000.0,0.0,0.0,-10000.0,0,1,0.0,0.0,0.0,0.0,0
1475,業旺,-2000.0,0.0,0.0,-2000.0,0,1,0.0,0.0,0.0,0.0,0
1476,儒鴻,-282637.0,-126862.0,12549.0,-396950.0,0,1,0.0,0.0,0.0,0.0,0
1477,聚陽,59593.0,643.0,31263.0,91499.0,1,1,0.0,0.0,0.0,0.0,0
1503,士電,156005.0,0.0,40000.0,196005.0,1,1,0.0,0.0,0.0,0.0,0
1504,東元,-9609023.0,-99584.0,502892.0,-9205715.0,0,1,0.0,0.0,0.0,0.0,0
1506,正道,-7000.0,0.0,0.0,-7000.0,0,1,0.0,0.0,0.0,0.0,0
1512,瑞利,-3000.0,0.0,0.0,-3000.0,0,1,0.0,0.0,0.0,0.0,0
1513,中興電,-11042.0,-6160.0,51875.0,34673.0,1,1,0.0,0.0,0.0,0.0,0
1514,亞力,117328.0,0.0,7042.0,124370.0,1,1,0.0,0.0,0.0,0.0,0
1515,力山,19000.0,0.0,0.0,19000.0,1,1,0.0,0.0,0.0,0.0,0
1516,川飛,18000.0,0.0,0.0,18000.0,1,1,0.0,0.0,0.0,0.0,0
1517,利奇,-17000.0,0.0,0.0,-17000.0,0,1,0.0,0.0,0.0,0.0,0
1519,華城,498979.0,-104651.0,8711.0,403039.0,1,1,0.0,0.0,0.0,0.0,0
1521,大億,-4000.0,0.0,0.0,-4000.0,0,1,0.0,0.0,0.0,0.0,0
1522,堤維西,-23500.0,-255418.0,0.0,-278918.0,0,1,0.0,0.0,0.0,0.0,0
1524,耿鼎,-48000.0,0.0,0.0,-48000.0,0,1,0.0,0.0,0.0,0.0,0
1525,江申,-12000.0,0.0,17010.0,5010.0,1,1,0.0,0.0,0.0,0.0,0
1526,日馳,17000.0,0.0,0.0,17000.0,1,1,0.0,0.0,0.0,0.0,0
1527,鑽全,27000.0,0.0,0.0,27000.0,1,1,0.0,0.0,0.0,0.0,0
1528,恩德,-4244000.0,0.0,0.0,-4244000.0,0,1,0.0,0.0,0.0,0.0,0
1529,樂事綠能,-19000.0,0.0,0.0,-19000.0,0,1,0.0,0.0,0.0,0.0,0
1530,亞崴,-6000.0,0.0,0.0,-6000.0,0,1,0.0,0.0,0.0,0.0,0
1531,高林股,-17000.0,0.0,0.0,-17000.0,0,1,0.0,0.0,0.0,0.0,0
1532,勤美,9000.0,-255338.0,0.0,-246338.0,0,1,0.0,0.0,0.0,0.0,0
1533,車王電,-25000.0,0.0,0.0,-25000.0,0,1,0.0,0.0,0.0,0.0,0
1535,中宇,-11000.0,0.0,0.0,-11000.0,0,1,0.0,0.0,0.0,0.0,0
1536,和大,448000.0,0.0,9165.0,457165.0,1,1,0.0,0.0,0.0,0.0,0
1537,廣隆,22000.0,0.0,0.0,22000.0,1,1,0.0,0.0,0.0,0.0,0
1539,巨庭,-1000.0,0.0,0.0,-1000.0,0,1,0.0,0.0,0.0,0.0,0
1540,喬福,68000.0,0.0,0.0,68000.0,1,1,0.0,0.0,0.0,0.0,0
1541,錩泰,-15000.0,0.0,0.0,-15000.0,0,1,0.0,0.0,0.0,0.0,0
1558,伸興,5000.0,-767.0,5010.0,9243.0,1,1,0.0,0.0,0.0,0.0,0
1560,中砂,1216056.0,140000.0,21483.0,1377539.0,1,1,0.0,0.0,0.0,0.0,0
1563,巧新,18000.0,0.0,0.0,18000.0,1,1,0.0,0.0,0.0,0.0,0
1568,倉佑,68000.0,0.0,0.0,68000.0,1,1,0.0,0.0,0.0,0.0,0
1582,信錦,-282006.0,0.0,13259.0,-268747.0,0,1,0.0,0.0,0.0,0.0,0
1583,程泰,0.0,0.0,0.0,0.0,0,1,0.0,0.0,0.0,0.0,0
1587,吉茂,39000.0,0.0,0.0,39000.0,1,1,0.0,0.0,0.0,0.0,0
1590,亞德客-KY,-11741.0,-53000.0,89151.0,24410.0,1,1,0.0,0.0,0.0,0.0,0
1597,直得,549000.0,0.0,8000.0,557000.0,1,1,0.0,0.0,0.0,0.0,0
1598,岱宇,-91000.0,0.0,0.0,-91000.0,0,1,0.0,0.0,0.0,0.0,0
1603,華電,-63000.0,0.0,0.0,-63000.0,0,1,0.0,0.0,0.0,0.0,0
1604,聲寶,-30000.0,0.0,0.0,-30000.0,0,1,0.0,0.0,0.0,0.0,0
1605,華新,-3715090.0,-376000.0,445517.0,-3645573.0,0,1,0.0,0.0,0.0,0.0,0
1608,華榮,-250000.0,554970.0,3572.0,308542.0,1,1,0.0,0.0,0.0,0.0,0
1609,大亞,6196.0,-4000.0,1096.0,3292.0,1,1,0.0,0.0,0.0,0.0,0
1611,中電,-143000.0,0.0,0.0,-143000.0,0,1,0.0,0.0,0.0,0.0,0
1612,宏泰,-75000.0,250000.0,0.0,175000.0,1,1,0.0,0.0,0.0,0.0,0
1614,三洋電,-9000.0,0.0,0.0,-9000.0,0,1,0.0,0.0,0.0,0.0,0
1615,大山,-15000.0,0.0,0.0,-15000.0,0,1,0.0,0.0,0.0,0.0,0
1616,億泰,-79000.0,0.0,1.0,-78999.0,0,1,0.0,0.0,0.0,0.0,0
1617,榮星,-19000.0,0.0,0.0,-19000.0,0,1,0.0,0.0,0.0,0.0,0
1618,合機,-199000.0,0.0,100.0,-198900.0,0,1,0.0,0.0,0.0,0.0,0
1623,大東電,-6000.0,0.0,0.0,-6000.0,0,1,0.0,0.0,0.0,0.0,0
1626,艾美特-KY,71000.0,0.0,0.0,71000.0,1,1,0.0,0.0,0.0,0.0,0
1702,南僑,-126000.0,-150000.0,0.0,-276000.0,0,1,0.0,0.0,0.0,0.0,0
1707,葡萄王,-86000.0,0.0,5386.0,-80614.0,0,1,0.0,0.0,0.0,0.0,0
1708,東鹼,775081.0,0.0,33343.0,808424.0,1,1,0.0,0.0,0.0,0.0,0
1709,和益,-116000.0,0.0,0.0,-116000.0,0,1,0.0,0.0,0.0,0.0,0
1710,東聯,-815000.0,0.0,2136.0,-812864.0,0,1,0.0,0.0,0.0,0.0,0
1711,永光,2672000.0,0.0,1000.0,2673000.0,1,1,0.0,0.0,0.0,0.0,0
1712,興農,-209000.0,0.0,0.0,-209000.0,0,1,0.0,0.0,0.0,0.0,0
1713,國化,-294000.0,0.0,0.0,-294000.0,0,1,0.0,0.0,0.0,0.0,0
1714,和桐,-1155000.0,0.0,69704.0,-1085296.0,0,1,0.0,0.0,0.0,0.0,0
1717,長興,-11368271.0,0.0,584364.0,-10783907.0,0,1,0.0,0.0,0.0,0.0,0
1718,中纖,-1187000.0,0.0,10551.0,-1176449.0,0,1,0.0,0.0,0.0,0.0,0
1720,生達,-60000.0,0.0,0.0,-60000.0,0,1,0.0,0.0,0.0,0.0,0
1721,三晃,124000.0,0.0,0.0,124000.0,1,1,0.0,0.0,0.0,0.0,0
1722,台肥,-1689660.0,-9000.0,4000.0,-1694660.0,0,1,0.0,0.0,0.0,0.0,0
1723,中碳,5623.0,0.0,1696.0,7319.0,1,1,0.0,0.0,0.0,0.0,0
1725,元禎,-47000.0,0.0,0.0,-47000.0,0,1,0.0,0.0,0.0,0.0,0
1726,永記,-4473.0,0.0,0.0,-4473.0,0,1,0.0,0.0,0.0,0.0,0
1727,中華化,-856000.0,0.0,0.0,-856000.0,0,1,0.0,0.0,0.0,0.0,0
1730,花仙子,-2000.0,0.0,135.0,-1865.0,0,1,0.0,0.0,0.0,0.0,0
1731,美吾華,-6000.0,0.0,0.0,-6000.0,0,1,0.0,0.0,0.0,0.0,0
1732,毛寶,-21000.0,0.0,0.0,-21000.0,0,1,0.0,0.0,0.0,0.0,0
1733,五鼎,-1999.0,0.0,0.0,-1999.0,0,1,0.0,0.0,0.0,0.0,0
1734,杏輝,-155000.0,0.0,0.0,-155000.0,0,1,0.0,0.0,0.0,0.0,0
1735,日勝化,-252000.0,0.0,0.0,-252000.0,0,1,0.0,0.0,0.0,0.0,0
1736,喬山,-280075.0,0.0,5000.0,-275075.0,0,1,0.0,0.0,0.0,0.0,0
1737,臺鹽,-2000.0,0.0,0.0,-2000.0,0,1,0.0,0.0,0.0,0.0,0
1752,南光,20000.0,0.0,0.0,20000.0,1,1,0.0,0.0,0.0,0.0,0
1760,寶齡富錦,-158000.0,0.0,0.0,-158000.0,0,1,0.0,0.0,0.0,0.0,0
1762,中化生,-18000.0,0.0,0.0,-18000.0,0,1,0.0,0.0,0.0,0.0,0
1773,勝一,-394507.0,0.0,24144.0,-370363.0,0,1,0.0,0.0,0.0,0.0,0
1776,展宇,4000.0,0.0,0.0,4000.0,1,1,0.0,0.0,0.0,0.0,0
1783,和康生,-25000.0,0.0,0.0,-25000.0,0,1,0.0,0.0,0.0,0.0,0
1786,科妍,-30000.0,0.0,306.0,-29694.0,0,1,0.0,0.0,0.0,0.0,0
1789,神隆,-17000.0,0.0,0.0,-17000.0,0,1,0.0,0.0,0.0,0.0,0
1795,美時,-46900.0,-1894.0,28787.0,-20007.0,0,1,0.0,0.0,0.0,0.0,0
1802,台玻,10074895.0,0.0,307483.0,10382378.0,1,1,0.0,0.0,0.0,0.0,0
1805,寶徠,-10000.0,0.0,0.0,-10000.0,0,1,0.0,0.0,0.0,0.0,0
1806,冠軍,-341000.0,0.0,0.0,-341000.0,0,1,0.0,0.0,0.0,0.0,0
1808,潤隆,-1301031.0,0.0,10000.0,-1291031.0,0,1,0.0,0.0,0.0,0.0,0
1809,中釉,-316000.0,0.0,0.0,-316000.0,0,1,0.0,0.0,0.0,0.0,0
1810,和成,85000.0,-31198.0,0.0,53802.0,1,1,0.0,0.0,0.0,0.0,0
1817,凱撒衛,-6000.0,0.0,0.0,-6000.0,0,1,0.0,0.0,0.0,0.0,0
1903,士紙,-48000.0,0.0,0.0,-48000.0,0,1,0.0,0.0,0.0,0.0,0
1904,正隆,-519000.0,0.0,0.0,-519000.0,0,1,0.0,0.0,0.0,0.0,0
1905,華紙,-476000.0,0.0,0.0,-476000.0,0,1,0.0,0.0,0.0,0.0,0
1906,寶隆,-10000.0,0.0,0.0,-10000.0,0,1,0.0,0.0,0.0,0.0,0
1907,永豐餘,-1422970.0,-19837.0,3000.0,-1439807.0,0,1,0.0,0.0,0.0,0.0,0
1909,榮成,-1531000.0,0.0,0.0,-1531000.0,0,1,0.0,0.0,0.0,0.0,0
2002,中鋼,-25514188.0,-23000.0,741331.0,-24795857.0,0,1,0.0,0.0,0.0,0.0,0
2006,東和鋼鐵,-3127000.0,10585.0,54739.0,-3061676.0,0,1,0.0,0.0,0.0,0.0,0
2007,燁興,-188000.0,0.0,0.0,-188000.0,0,1,0.0,0.0,0.0,0.0,0
2008,高興昌,-7000.0,0.0,0.0,-7000.0,0,1,0.0,0.0,0.0,0.0,0
2009,第一銅,-384000.0,0.0,23166.0,-360834.0,0,1,0.0,0.0,0.0,0.0,0
2010,春源,-150000.0,0.0,0.0,-150000.0,0,1,0.0,0.0,0.0,0.0,0
2012,春雨,8000.0,0.0,0.0,8000.0,1,1,0.0,0.0,0.0,0.0,0
2013,中鋼構,-37000.0,0.0,47.0,-36953.0,0,1,0.0,0.0,0.0,0.0,0
2014,中鴻,172314.0,0.0,17000.0,189314.0,1,1,0.0,0.0,0.0,0.0,0
2015,豐興,-212000.0,-33000.0,2000.0,-243000.0,0,1,0.0,0.0,0.0,0.0,0
2017,官田鋼,-291000.0,0.0,0.0,-291000.0,0,1,0.0,0.0,0.0,0.0,0
2020,美亞,-82000.0,0.0,0.0,-82000.0,0,1,0.0,0.0,0.0,0.0,0
2022,聚亨,-259000.0,0.0,0.0,-259000.0,0,1,0.0,0.0,0.0,0.0,0
2023,燁輝,-1127000.0,0.0,23000.0,-1104000.0,0,1,0.0,0.0,0.0,0.0,0
2024,志聯,-7000.0,0.0,0.0,-7000.0,0,1,0.0,0.0,0.0,0.0,0
2025,千興,-7000.0,0.0,0.0,-7000.0,0,1,0.0,0.0,0.0,0.0,0
2027,大成鋼,1111000.0,-259000.0,414704.0,1266704.0,1,1,0.0,0.0,0.0,0.0,0
2028,威致,-120000.0,0.0,0.0,-120000.0,0,1,0.0,0.0,0.0,0.0,0
2029,盛餘,-23000.0,0.0,0.0,-23000.0,0,1,0.0,0.0,0.0,0.0,0
2030,彰源,-239000.0,0.0,0.0,-239000.0,0,1,0.0,0.0,0.0,0.0,0
2031,新光鋼,-156000.0,350000.0,0.0,194000.0,1,1,0.0,0.0,0.0,0.0,0
2032,新鋼,-157000.0,0.0,0.0,-157000.0,0,1,0.0,0.0,0.0,0.0,0
2033,佳大,-81000.0,0.0,0.0,-81000.0,0,1,0.0,0.0,0.0,0.0,0
2034,允強,108500.0,0.0,12014.0,120514.0,1,1,0.0,0.0,0.0,0.0,0
2038,海光,-114000.0,0.0,0.0,-114000.0,0,1,0.0,0.0,0.0,0.0,0
2049,上銀,1202005.0,57724.0,100287.0,1360016.0,1,1,0.0,0.0,0.0,0.0,0
2059,川湖,-568295.0,59500.0,68336.0,-440459.0,0,1,0.0,0.0,0.0,0.0,0
2062,橋椿,-157000.0,0.0,0.0,-157000.0,0,1,0.0,0.0,0.0,0.0,0
2069,運錩,-120000.0,0.0,0.0,-120000.0,0,1,0.0,0.0,0.0,0.0,0
2072,世紀風電,25000.0,0.0,0.0,25000.0,1,1,0.0,0.0,0.0,0.0,0
2101,南港,-287448.0,0.0,11000.0,-276448.0,0,1,0.0,0.0,0.0,0.0,0
2102,泰豐,-269000.0,0.0,0.0,-269000.0,0,1,0.0,0.0,0.0,0.0,0
2103,台橡,300000.0,0.0,205321.0,505321.0,1,1,0.0,0.0,0.0,0.0,0
2104,國際中橡,-372000.0,0.0,0.0,-372000.0,0,1,0.0,0.0,0.0,0.0,0
2105,正新,-2834400.0,-640545.0,149716.0,-3325229.0,0,1,0.0,0.0,0.0,0.0,0
2106,建大,-226000.0,0.0,0.0,-226000.0,0,1,0.0,0.0,0.0,0.0,0
2107,厚生,6000.0,0.0,0.0,6000.0,1,1,0.0,0.0,0.0,0.0,0
2108,南帝,-303012.0,0.0,0.0,-303012.0,0,1,0.0,0.0,0.0,0.0,0
2109,華豐,-10000.0,0.0,0.0,-10000.0,0,1,0.0,0.0,0.0,0.0,0
2114,鑫永銓,5000.0,0.0,0.0,5000.0,1,1,0.0,0.0,0.0,0.0,0
2115,六暉-KY,-16000.0,0.0,0.0,-16000.0,0,1,0.0,0.0,0.0,0.0,0
2201,裕隆,-341215.0,0.0,426.0,-340789.0,0,1,0.0,0.0,0.0,0.0,0
2204,中華,-265000.0,217524.0,0.0,-47476.0,0,1,0.0,0.0,0.0,0.0,0
2206,三陽工業,-490450.0,-98604.0,1000.0,-588054.0,0,1,0.0,0.0,0.0,0.0,0
2207,和泰車,-195903.0,-30000.0,7000.0,-218903.0,0,1,0.0,0.0,0.0,0.0,0
2208,台船,-1247000.0,-10000.0,15000.0,-1242000.0,0,1,0.0,0.0,0.0,0.0,0
2211,長榮鋼,-371000.0,-11070.0,3680.0,-378390.0,0,1,0.0,0.0,0.0,0.0,0
2227,裕日車,-16000.0,0.0,0.0,-16000.0,0,1,0.0,0.0,0.0,0.0,0
2228,劍麟,-28000.0,0.0,10000.0,-18000.0,0,1,0.0,0.0,0.0,0.0,0
2231,為升,41100.0,0.0,5923.0,47023.0,1,1,0.0,0.0,0.0,0.0,0
2233,宇隆,1441494.0,0.0,31198.0,1472692.0,1,1,0.0,0.0,0.0,0.0,0
2236,百達-KY,46000.0,0.0,0.0,46000.0,1,1,0.0,0.0,0.0,0.0,0
2239,英利-KY,-20000.0,0.0,0.0,-20000.0,0,1,0.0,0.0,0.0,0.0,0
2241,艾姆勒,70000.0,0.0,0.0,70000.0,1,1,0.0,0.0,0.0,0.0,0
2243,宏旭-KY,-4000.0,0.0,0.0,-4000.0,0,1,0.0,0.0,0.0,0.0,0
2247,汎德永業,-27084.0,0.0,0.0,-27084.0,0,1,0.0,0.0,0.0,0.0,0
2248,華勝-KY,-4000.0,0.0,0.0,-4000.0,0,1,0.0,0.0,0.0,0.0,0
2250,IKKA-KY,-20000.0,0.0,0.0,-20000.0,0,1,0.0,0.0,0.0,0.0,0
2254,巨鎧精密-創,-2000.0,0.0,0.0,-2000.0,0,1,0.0,0.0,0.0,0.0,0
2258,鴻華先進-創,-130000.0,0.0,23646.0,-106354.0,0,1,0.0,0.0,0.0,0.0,0
2301,光寶科,-269031.0,-498643.0,865536.0,97862.0,1,1,0.0,0.0,0.0,0.0,0
2302,麗正,117000.0,0.0,0.0,117000.0,1,1,0.0,0.0,0.0,0.0,0
2303,聯電,39191779.0,-6156269.0,2053907.0,35089417.0,1,1,0.0,0.0,0.0,0.0,0
2305,全友,70000.0,0.0,0.0,70000.0,1,1,0.0,0.0,0.0,0.0,0
2308,台達電,-663429.0,208000.0,226435.0,-228994.0,0,1,0.0,0.0,0.0,0.0,0
2312,金寶,-8563951.0,0.0,574959.0,-7988992.0,0,1,0.0,0.0,0.0,0.0,0
2313,華通,10303802.0,3039000.0,314049.0,13656851.0,1,1,0.0,0.0,0.0,0.0,0
2314,台揚,9000.0,0.0,0.0,9000.0,1,1,0.0,0.0,0.0,0.0,0
2316,楠梓電,-49961.0,0.0,83641.0,33680.0,1,1,0.0,0.0,0.0,0.0,0
2317,鴻海,2786937.0,-131479.0,2074851.0,4730309.0,1,1,0.0,0.0,0.0,0.0,0
2323,中環,-1274000.0,0.0,4000.0,-1270000.0,0,1,0.0,0.0,0.0,0.0,0
2324,仁寶,-7785942.0,-1197000.0,531953.0,-8450989.0,0,1,0.0,0.0,0.0,0.0,0
2327,國巨*,230560.0,-111352.0,501954.0,621162.0,1,1,0.0,0.0,0.0,0.0,0
2328,廣宇,-1544990.0,0.0,93212.0,-1451778.0,0,1,0.0,0.0,0.0,0.0,0
2329,華泰,-449000.0,-14000.0,2584278.0,2121278.0,1,1,0.0,0.0,0.0,0.0,0
2330,台積電,-21182649.0,596042.0,743518.0,-19843089.0,0,1,0.0,0.0,0.0,0.0,0
2331,精英,-290000.0,-23000.0,3569.0,-309431.0,0,1,0.0,0.0,0.0,0.0,0
2332,友訊,-93000.0,0.0,0.0,-93000.0,0,1,0.0,0.0,0.0,0.0,0
2337,旺宏,-17816047.0,-205000.0,3098401.0,-14922646.0,0,1,0.0,0.0,0.0,0.0,0
2338,光罩,-71000.0,0.0,29335.0,-41665.0,0,1,0.0,0.0,0.0,0.0,0
2340,台亞,-2727000.0,0.0,43170.0,-2683830.0,0,1,0.0,0.0,0.0,0.0,0
2342,茂矽,377000.0,0.0,0.0,377000.0,1,1,0.0,0.0,0.0,0.0,0
2344,華邦電,-5741170.0,-2297000.0,784289.0,-7253881.0,0,1,0.0,0.0,0.0,0.0,0
2345,智邦,772506.0,26396.0,62216.0,861118.0,1,1,0.0,0.0,0.0,0.0,0
2347,聯強,-705769.0,-758249.0,73209.0,-1390809.0,0,1,0.0,0.0,0.0,0.0,0
2348,海悅,-1000.0,-110000.0,3533.0,-107467.0,0,1,0.0,0.0,0.0,0.0,0
2349,錸德,-1279000.0,0.0,0.0,-1279000.0,0,1,0.0,0.0,0.0,0.0,0
2351,順德,875904.0,0.0,120559.0,996463.0,1,1,0.0,0.0,0.0,0.0,0
2352,佳世達,-700578.0,-6000.0,22355.0,-684223.0,0,1,0.0,0.0,0.0,0.0,0
2353,宏碁,2575000.0,-1869369.0,174086.0,879717.0,1,1,0.0,0.0,0.0,0.0,0
2354,鴻準,83300.0,-2000.0,88702.0,170002.0,1,1,0.0,0.0,0.0,0.0,0
2355,敬鵬,3737850.0,-475554.0,74356.0,3336652.0,1,1,0.0,0.0,0.0,0.0,0
2356,英業達,3367540.0,-792000.0,256227.0,2831767.0,1,1,0.0,0.0,0.0,0.0,0
2357,華碩,-1388032.0,30565.0,67154.0,-1290313.0,0,1,0.0,0.0,0.0,0.0,0
2359,所羅門,885050.0,0.0,26359.0,911409.0,1,1,0.0,0.0,0.0,0.0,0
2360,致茂,-248169.0,128448.0,87157.0,-32564.0,0,1,0.0,0.0,0.0,0.0,0
2362,藍天,-113000.0,0.0,0.0,-113000.0,0,1,0.0,0.0,0.0,0.0,0
2363,矽統,223000.0,0.0,219772.0,442772.0,1,1,0.0,0.0,0.0,0.0,0
2364,倫飛,3000.0,0.0,0.0,3000.0,1,1,0.0,0.0,0.0,0.0,0
2365,昆盈,81000.0,0.0,60090.0,141090.0,1,1,0.0,0.0,0.0,0.0,0
2367,燿華,-406695.0,0.0,97946.0,-308749.0,0,1,0.0,0.0,0.0,0.0,0
2368,金像電,-300745.0,141742.0,75532.0,-83471.0,0,1,0.0,0.0,0.0,0.0,0
2369,菱生,-31800.0,0.0,71411.0,39611.0,1,1,0.0,0.0,0.0,0.0,0
2371,大同,-7396775.0,-18000.0,326535.0,-7088240.0,0,1,0.0,0.0,0.0,0.0,0
2373,震旦行,-7000.0,0.0,5000.0,-2000.0,0,1,0.0,0.0,0.0,0.0,0
2374,佳能,3670904.0,0.0,203168.0,3874072.0,1,1,0.0,0.0,0.0,0.0,0
2375,凱美,-286800.0,-129.0,49449.0,-237480.0,0,1,0.0,0.0,0.0,0.0,0
2376,技嘉,577832.0,-142000.0,93519.0,529351.0,1,1,0.0,0.0,0.0,0.0,0
2377,微星,-4750331.0,-36000.0,281190.0,-4505141.0,0,1,0.0,0.0,0.0,0.0,0
2379,瑞昱,100227.0,-66000.0,51511.0,85738.0,1,1,0.0,0.0,0.0,0.0,0
2382,廣達,-8157945.0,-440643.0,499946.0,-8098642.0,0,1,0.0,0.0,0.0,0.0,0
2383,台光電,465040.0,48672.0,119736.0,633448.0,1,1,0.0,0.0,0.0,0.0,0
2385,群光,555361.0,-200340.0,33799.0,388820.0,1,1,0.0,0.0,0.0,0.0,0
2387,精元,-58000.0,0.0,0.0,-58000.0,0,1,0.0,0.0,0.0,0.0,0
2388,威盛,929020.0,0.0,69200.0,998220.0,1,1,0.0,0.0,0.0,0.0,0
2390,云辰,-185000.0,0.0,0.0,-185000.0,0,1,0.0,0.0,0.0,0.0,0
2392,正崴,-230000.0,0.0,8832.0,-221168.0,0,1,0.0,0.0,0.0,0.0,0
2393,億光,-673500.0,-71305.0,38854.0,-705951.0,0,1,0.0,0.0,0.0,0.0,0
2395,研華,189452.0,-1000.0,29937.0,218389.0,1,1,0.0,0.0,0.0,0.0,0
2397,友通,-1000.0,0.0,0.0,-1000.0,0,1,0.0,0.0,0.0,0.0,0
2399,映泰,-1969000.0,0.0,249000.0,-1720000.0,0,1,0.0,0.0,0.0,0.0,0
2401,凌陽,1486000.0,0.0,7062.0,1493062.0,1,1,0.0,0.0,0.0,0.0,0
2402,毅嘉,-1314000.0,0.0,38181.0,-1275819.0,0,1,0.0,0.0,0.0,0.0,0
2404,漢唐,-210140.0,-337000.0,105744.0,-441396.0,0,1,0.0,0.0,0.0,0.0,0
2405,輔信,-137000.0,0.0,0.0,-137000.0,0,1,0.0,0.0,0.0,0.0,0
2406,國碩,295607.0,0.0,0.0,295607.0,1,1,0.0,0.0,0.0,0.0,0
2408,南亞科,-41281063.0,-1286000.0,2470121.0,-40096942.0,0,1,0.0,0.0,0.0,0.0,0
2409,友達,-19189539.0,-12000.0,1399870.0,-17801669.0,0,1,0.0,0.0,0.0,0.0,0
2412,中華電,-821938.0,-230000.0,75468.0,-976470.0,0,1,0.0,0.0,0.0,0.0,0
2413,環科,-233090.0,0.0,0.0,-233090.0,0,1,0.0,0.0,0.0,0.0,0
2414,精技,-15000.0,0.0,0.0,-15000.0,0,1,0.0,0.0,0.0,0.0,0
2415,錩新,-35000.0,0.0,0.0,-35000.0,0,1,0.0,0.0,0.0,0.0,0
2417,圓剛,4000.0,0.0,0.0,4000.0,1,1,0.0,0.0,0.0,0.0,0
2419,仲琦,-155000.0,0.0,20944.0,-134056.0,0,1,0.0,0.0,0.0,0.0,0
2420,新巨,24000.0,0.0,0.0,24000.0,1,1,0.0,0.0,0.0,0.0,0
2421,建準,81536.0,0.0,35246.0,116782.0,1,1,0.0,0.0,0.0,0.0,0
2423,固緯,-23000.0,0.0,0.0,-23000.0,0,1,0.0,0.0,0.0,0.0,0
2424,隴華,-16000.0,0.0,0.0,-16000.0,0,1,0.0,0.0,0.0,0.0,0
2425,承啟,130000.0,0.0,0.0,130000.0,1,1,0.0,0.0,0.0,0.0,0
2426,鼎元,-7743071.0,0.0,996000.0,-6747071.0,0,1,0.0,0.0,0.0,0.0,0
2427,三商電,-40000.0,0.0,0.0,-40000.0,0,1,0.0,0.0,0.0,0.0,0
2428,興勤,-200072.0,0.0,12366.0,-187706.0,0,1,0.0,0.0,0.0,0.0,0
2429,銘旺科,-15000.0,0.0,0.0,-15000.0,0,1,0.0,0.0,0.0,0.0,0
2430,燦坤,35000.0,0.0,0.0,35000.0,1,1,0.0,0.0,0.0,0.0,0
2431,聯昌,37000.0,0.0,0.0,37000.0,1,1,0.0,0.0,0.0,0.0,0
2432,倚天酷碁-創,-5000.0,0.0,0.0,-5000.0,0,1,0.0,0.0,0.0,0.0,0
2433,互盛電,-8000.0,0.0,0.0,-8000.0,0,1,0.0,0.0,0.0,0.0,0
2434,統懋,-1000.0,0.0,0.0,-1000.0,0,1,0.0,0.0,0.0,0.0,0
2436,偉詮電,1611736.0,0.0,63036.0,1674772.0,1,1,0.0,0.0,0.0,0.0,0
2438,翔耀,13000.0,0.0,0.0,13000.0,1,1,0.0,0.0,0.0,0.0,0
2439,美律,-1970000.0,-267065.0,31896.0,-2205169.0,0,1,0.0,0.0,0.0,0.0,0
2440,太空梭,-60000.0,0.0,0.0,-60000.0,0,1,0.0,0.0,0.0,0.0,0
2441,超豐,-4797065.0,-201000.0,291303.0,-4706762.0,0,1,0.0,0.0,0.0,0.0,0
2442,新美齊,-315000.0,0.0,0.0,-315000.0,0,1,0.0,0.0,0.0,0.0,0
2444,兆勁,68000.0,0.0,0.0,68000.0,1,1,0.0,0.0,0.0,0.0,0
2449,京元電子,24968733.0,-114882.0,652639.0,25506490.0,1,1,0.0,0.0,0.0,0.0,0
2450,神腦,-69000.0,0.0,0.0,-69000.0,0,1,0.0,0.0,0.0,0.0,0
2451,創見,-6978085.0,-162083.0,311789.0,-6828379.0,0,1,0.0,0.0,0.0,0.0,0
2453,凌群,-13000.0,0.0,0.0,-13000.0,0,1,0.0,0.0,0.0,0.0,0
2454,聯發科,1447445.0,74934.0,126835.0,1649214.0,1,1,0.0,0.0,0.0,0.0,0
2455,全新,6756033.0,4000.0,31555.0,6791588.0,1,1,0.0,0.0,0.0,0.0,0
2457,飛宏,206000.0,0.0,2859.0,208859.0,1,1,0.0,0.0,0.0,0.0,0
2458,義隆,300600.0,5688.0,1000.0,307288.0,1,1,0.0,0.0,0.0,0.0,0
2459,敦吉,23000.0,0.0,0.0,23000.0,1,1,0.0,0.0,0.0,0.0,0
2460,建通,-12000.0,0.0,0.0,-12000.0,0,1,0.0,0.0,0.0,0.0,0
2461,光群雷,-106000.0,0.0,0.0,-106000.0,0,1,0.0,0.0,0.0,0.0,0
2462,良得電,-76000.0,0.0,0.0,-76000.0,0,1,0.0,0.0,0.0,0.0,0
2464,盟立,1166087.0,0.0,726537.0,1892624.0,1,1,0.0,0.0,0.0,0.0,0
2465,麗臺,514000.0,0.0,0.0,514000.0,1,1,0.0,0.0,0.0,0.0,0
2466,冠西電,-32000.0,0.0,0.0,-32000.0,0,1,0.0,0.0,0.0,0.0,0
2467,志聖,24332.0,64001.0,29366.0,117699.0,1,1,0.0,0.0,0.0,0.0,0
2468,華經,17000.0,0.0,0.0,17000.0,1,1,0.0,0.0,0.0,0.0,0
2471,資通,2000.0,0.0,0.0,2000.0,1,1,0.0,0.0,0.0,0.0,0
2472,立隆電,-177040.0,-151.0,56909.0,-120282.0,0,1,0.0,0.0,0.0,0.0,0
2474,可成,-949386.0,-127088.0,202599.0,-873875.0,0,1,0.0,0.0,0.0,0.0,0
2476,鉅祥,-228000.0,0.0,17467.0,-210533.0,0,1,0.0,0.0,0.0,0.0,0
2477,美隆電,-60000.0,0.0,0.0,-60000.0,0,1,0.0,0.0,0.0,0.0,0
2478,大毅,-72000.0,0.0,19349.0,-52651.0,0,1,0.0,0.0,0.0,0.0,0
2480,敦陽科,-193200.0,100000.0,0.0,-93200.0,0,1,0.0,0.0,0.0,0.0,0
2481,強茂,2043200.0,-233.0,234254.0,2277221.0,1,1,0.0,0.0,0.0,0.0,0
2482,連宇,0.0,0.0,0.0,0.0,0,1,0.0,0.0,0.0,0.0,0
2483,百容,-59000.0,0.0,0.0,-59000.0,0,1,0.0,0.0,0.0,0.0,0
2484,希華,-151000.0,0.0,0.0,-151000.0,0,1,0.0,0.0,0.0,0.0,0
2485,兆赫,-3428790.0,0.0,166574.0,-3262216.0,0,1,0.0,0.0,0.0,0.0,0
2486,一詮,-1305800.0,-604000.0,302274.0,-1607526.0,0,1,0.0,0.0,0.0,0.0,0
2488,漢平,53000.0,0.0,0.0,53000.0,1,1,0.0,0.0,0.0,0.0,0
2489,瑞軒,-8694369.0,0.0,1819538.0,-6874831.0,0,1,0.0,0.0,0.0,0.0,0
2491,吉祥全,-12000.0,0.0,0.0,-12000.0,0,1,0.0,0.0,0.0,0.0,0
2492,華新科,-435752.0,0.0,84293.0,-351459.0,0,1,0.0,0.0,0.0,0.0,0
2493,揚博,0.0,0.0,17018.0,17018.0,1,1,0.0,0.0,0.0,0.0,0
2495,普安,-366900.0,0.0,105586.0,-261314.0,0,1,0.0,0.0,0.0,0.0,0
2496,卓越,-2000.0,0.0,0.0,-2000.0,0,1,0.0,0.0,0.0,0.0,0
2497,怡利電,122000.0,0.0,0.0,122000.0,1,1,0.0,0.0,0.0,0.0,0
2498,宏達電,1117814.0,-4000.0,67925.0,1181739.0,1,1,0.0,0.0,0.0,0.0,0
2501,國建,-361000.0,0.0,0.0,-361000.0,0,1,0.0,0.0,0.0,0.0,0
2504,國產,-1030000.0,-488086.0,3000.0,-1515086.0,0,1,0.0,0.0,0.0,0.0,0
2505,國揚,-283000.0,0.0,0.0,-283000.0,0,1,0.0,0.0,0.0,0.0,0
2506,太設,32000.0,0.0,0.0,32000.0,1,1,0.0,0.0,0.0,0.0,0
2509,全坤建,2000.0,0.0,0.0,2000.0,1,1,0.0,0.0,0.0,0.0,0
2511,太子,-395000.0,0.0,0.0,-395000.0,0,1,0.0,0.0,0.0,0.0,0
2514,龍邦,-27000.0,0.0,0.0,-27000.0,0,1,0.0,0.0,0.0,0.0,0
2515,中工,-3316840.0,0.0,18238.0,-3298602.0,0,1,0.0,0.0,0.0,0.0,0
2516,新建,-4000.0,0.0,0.0,-4000.0,0,1,0.0,0.0,0.0,0.0,0
2520,冠德,-1639000.0,0.0,55867.0,-1583133.0,0,1,0.0,0.0,0.0,0.0,0
2524,京城,-58000.0,0.0,0.0,-58000.0,0,1,0.0,0.0,0.0,0.0,0
2527,宏璟,-85000.0,-1293.0,0.0,-86293.0,0,1,0.0,0.0,0.0,0.0,0
2528,皇普,31000.0,0.0,0.0,31000.0,1,1,0.0,0.0,0.0,0.0,0
2530,華建,47000.0,-23000.0,9000.0,33000.0,1,1,0.0,0.0,0.0,0.0,0
2534,宏盛,-176000.0,0.0,0.0,-176000.0,0,1,0.0,0.0,0.0,0.0,0
2535,達欣工,-358200.0,-48000.0,0.0,-406200.0,0,1,0.0,0.0,0.0,0.0,0
2536,宏普,-126000.0,0.0,0.0,-126000.0,0,1,0.0,0.0,0.0,0.0,0
2537,聯上發,-210000.0,0.0,0.0,-210000.0,0,1,0.0,0.0,0.0,0.0,0
2538,基泰,-123000.0,0.0,0.0,-123000.0,0,1,0.0,0.0,0.0,0.0,0
2539,櫻花建,-435883.0,-10998.0,9000.0,-437881.0,0,1,0.0,0.0,0.0,0.0,0
2540,愛山林,-448000.0,0.0,5000.0,-443000.0,0,1,0.0,0.0,0.0,0.0,0
2542,興富發,-3407338.0,-7000.0,72991.0,-3341347.0,0,1,0.0,0.0,0.0,0.0,0
2543,皇昌,-806192.0,0.0,46657.0,-759535.0,0,1,0.0,0.0,0.0,0.0,0
2545,皇翔,-80000.0,0.0,0.0,-80000.0,0,1,0.0,0.0,0.0,0.0,0
2546,根基,-33000.0,0.0,0.0,-33000.0,0,1,0.0,0.0,0.0,0.0,0
2547,日勝生,-598000.0,0.0,0.0,-598000.0,0,1,0.0,0.0,0.0,0.0,0
2548,華固,-261000.0,71000.0,3443.0,-186557.0,0,1,0.0,0.0,0.0,0.0,0
2597,潤弘,-392400.0,204000.0,1000.0,-187400.0,0,1,0.0,0.0,0.0,0.0,0
2601,益航,796000.0,0.0,0.0,796000.0,1,1,0.0,0.0,0.0,0.0,0
2603,長榮,1614365.0,-89413.0,113000.0,1637952.0,1,1,0.0,0.0,0.0,0.0,0
2605,新興,-186000.0,-600000.0,15324.0,-770676.0,0,1,0.0,0.0,0.0,0.0,0
2606,裕民,249194.0,-689577.0,6164.0,-434219.0,0,1,0.0,0.0,0.0,0.0,0
2607,榮運,-335348.0,0.0,6000.0,-329348.0,0,1,0.0,0.0,0.0,0.0,0
2608,嘉里大榮,-90000.0,0.0,15000.0,-75000.0,0,1,0.0,0.0,0.0,0.0,0
2609,陽明,-1969366.0,-133850.0,62530.0,-2040686.0,0,1,0.0,0.0,0.0,0.0,0
2610,華航,-11416787.0,-1078427.0,62490.0,-12432724.0,0,1,0.0,0.0,0.0,0.0,0
2611,志信,-107000.0,0.0,0.0,-107000.0,0,1,0.0,0.0,0.0,0.0,0
2612,中航,-87000.0,0.0,1524.0,-85476.0,0,1,0.0,0.0,0.0,0.0,0
2613,中櫃,-10000.0,0.0,0.0,-10000.0,0,1,0.0,0.0,0.0,0.0,0
2614,東森,-21000.0,0.0,0.0,-21000.0,0,1,0.0,0.0,0.0,0.0,0
2615,萬海,-962148.0,-6737.0,51360.0,-917525.0,0,1,0.0,0.0,0.0,0.0,0
2616,山隆,-95000.0,0.0,0.0,-95000.0,0,1,0.0,0.0,0.0,0.0,0
2617,台航,-234000.0,0.0,2144.0,-231856.0,0,1,0.0,0.0,0.0,0.0,0
2618,長榮航,-5704683.0,-741221.0,232805.0,-6213099.0,0,1,0.0,0.0,0.0,0.0,0
2630,亞航,-199000.0,0.0,13664.0,-185336.0,0,1,0.0,0.0,0.0,0.0,0
2633,台灣高鐵,-528788.0,-7500.0,44000.0,-492288.0,0,1,0.0,0.0,0.0,0.0,0
2634,漢翔,-1971820.0,-9000.0,41340.0,-1939480.0,0,1,0.0,0.0,0.0,0.0,0
2636,台驊控股,-15000.0,0.0,0.0,-15000.0,0,1,0.0,0.0,0.0,0.0,0
2637,慧洋-KY,366000.0,1590.0,10020.0,377610.0,1,1,0.0,0.0,0.0,0.0,0
2642,宅配通,1000.0,0.0,0.0,1000.0,1,1,0.0,0.0,0.0,0.0,0
2645,長榮航太,85518.0,-191000.0,20357.0,-85125.0,0,1,0.0,0.0,0.0,0.0,0
2646,星宇航空,-348966.0,0.0,41000.0,-307966.0,0,1,0.0,0.0,0.0,0.0,0
2701,萬企,-15000.0,0.0,0.0,-15000.0,0,1,0.0,0.0,0.0,0.0,0
2702,華園,-13000.0,0.0,0.0,-13000.0,0,1,0.0,0.0,0.0,0.0,0
2704,國賓,-61000.0,0.0,0.0,-61000.0,0,1,0.0,0.0,0.0,0.0,0
2705,六福,-83990.0,0.0,0.0,-83990.0,0,1,0.0,0.0,0.0,0.0,0
2706,第一店,-22000.0,0.0,0.0,-22000.0,0,1,0.0,0.0,0.0,0.0,0
2707,晶華,-183000.0,-106000.0,0.0,-289000.0,0,1,0.0,0.0,0.0,0.0,0
2712,遠雄來,-6000.0,0.0,0.0,-6000.0,0,1,0.0,0.0,0.0,0.0,0
2722,夏都,-15810.0,0.0,0.0,-15810.0,0,1,0.0,0.0,0.0,0.0,0
2723,美食-KY,21000.0,0.0,0.0,21000.0,1,1,0.0,0.0,0.0,0.0,0
2727,王品,36900.0,38514.0,0.0,75414.0,1,1,0.0,0.0,0.0,0.0,0
2731,雄獅,-202000.0,74000.0,2999.0,-125001.0,0,1,0.0,0.0,0.0,0.0,0
2739,寒舍,5000.0,0.0,0.0,5000.0,1,1,0.0,0.0,0.0,0.0,0
2748,雲品,-22000.0,0.0,0.0,-22000.0,0,1,0.0,0.0,0.0,0.0,0
2753,八方雲集,-188000.0,70000.0,465.0,-117535.0,0,1,0.0,0.0,0.0,0.0,0
2762,世界健身-KY,-22000.0,0.0,0.0,-22000.0,0,1,0.0,0.0,0.0,0.0,0
2801,彰銀,-4608289.0,-38122.0,329000.0,-4317411.0,0,1,0.0,0.0,0.0,0.0,0
2812,台中銀,-7653897.0,-12735.0,26000.0,-7640632.0,0,1,0.0,0.0,0.0,0.0,0
2816,旺旺保,-20000.0,0.0,0.0,-20000.0,0,1,0.0,0.0,0.0,0.0,0
2820,華票,-512000.0,0.0,0.0,-512000.0,0,1,0.0,0.0,0.0,0.0,0
2832,台產,51000.0,0.0,0.0,51000.0,1,1,0.0,0.0,0.0,0.0,0
2834,臺企銀,-4458647.0,-31642.0,30000.0,-4460289.0,0,1,0.0,0.0,0.0,0.0,0
2836,高雄銀,-425000.0,0.0,0.0,-425000.0,0,1,0.0,0.0,0.0,0.0,0
2838,聯邦銀,-1199998.0,0.0,22000.0,-1177998.0,0,1,0.0,0.0,0.0,0.0,0
2845,遠東銀,-4519000.0,-12000.0,32000.0,-4499000.0,0,1,0.0,0.0,0.0,0.0,0
2849,安泰銀,-55000.0,0.0,0.0,-55000.0,0,1,0.0,0.0,0.0,0.0,0
2850,新產,142000.0,-79000.0,2000.0,65000.0,1,1,0.0,0.0,0.0,0.0,0
2851,中再保,-589000.0,0.0,0.0,-589000.0,0,1,0.0,0.0,0.0,0.0,0
2852,第一保,20000.0,-4507.0,0.0,15493.0,1,1,0.0,0.0,0.0,0.0,0
2855,統一證,-300068.0,597132.0,0.0,297064.0,1,1,0.0,0.0,0.0,0.0,0
2867,三商壽,-1349000.0,0.0,0.0,-1349000.0,0,1,0.0,0.0,0.0,0.0,0
2880,華南金,-12470662.0,-2069000.0,530000.0,-14009662.0,0,1,0.0,0.0,0.0,0.0,0
2881,富邦金,656159.0,-3762837.0,130215.0,-2976463.0,0,1,0.0,0.0,0.0,0.0,0
2882,國泰金,5844363.0,-6703226.0,214880.0,-643983.0,0,1,0.0,0.0,0.0,0.0,0
2883,凱基金,12417278.0,-6781000.0,615766.0,6252044.0,1,1,0.0,0.0,0.0,0.0,0
2884,玉山金,-3525654.0,-17213898.0,484276.0,-20255276.0,0,1,0.0,0.0,0.0,0.0,0
2885,元大金,-13094521.0,-1469400.0,543541.0,-14020380.0,0,1,0.0,0.0,0.0,0.0,0
2886,兆豐金,-9130303.0,-457890.0,415423.0,-9172770.0,0,1,0.0,0.0,0.0,0.0,0
2887,台新新光金,7664006.0,-16873000.0,652203.0,-8556791.0,0,1,0.0,0.0,0.0,0.0,0
2889,國票金,-2888505.0,0.0,0.0,-2888505.0,0,1,0.0,0.0,0.0,0.0,0
2890,永豐金,-17768767.0,-710338.0,465548.0,-18013557.0,0,1,0.0,0.0,0.0,0.0,0
2891,中信金,-5347970.0,-13745606.0,554781.0,-18538795.0,0,1,0.0,0.0,0.0,0.0,0
2892,第一金,18027422.0,-52000.0,20000.0,17995422.0,1,1,0.0,0.0,0.0,0.0,0
2897,王道銀行,1587000.0,0.0,0.0,1587000.0,1,1,0.0,0.0,0.0,0.0,0
2901,欣欣,-4990.0,0.0,0.0,-4990.0,0,1,0.0,0.0,0.0,0.0,0
2903,遠百,-594000.0,-190000.0,5000.0,-779000.0,0,1,0.0,0.0,0.0,0.0,0
2904,匯僑,-3000.0,0.0,0.0,-3000.0,0,1,0.0,0.0,0.0,0.0,0
2905,三商,-216000.0,0.0,0.0,-216000.0,0,1,0.0,0.0,0.0,0.0,0
2906,高林,-29000.0,0.0,0.0,-29000.0,0,1,0.0,0.0,0.0,0.0,0
2908,特力,-14000.0,0.0,0.0,-14000.0,0,1,0.0,0.0,0.0,0.0,0
2910,統領,-6000.0,0.0,0.0,-6000.0,0,1,0.0,0.0,0.0,0.0,0
2911,麗嬰房,-4000.0,0.0,0.0,-4000.0,0,1,0.0,0.0,0.0,0.0,0
2912,統一超,-699047.0,-3104.0,11756.0,-690395.0,0,1,0.0,0.0,0.0,0.0,0
2913,農林,-514000.0,0.0,0.0,-514000.0,0,1,0.0,0.0,0.0,0.0,0
2915,潤泰全,227855.0,0.0,24000.0,251855.0,1,1,0.0,0.0,0.0,0.0,0
2923,鼎固-KY,0.0,0.0,9000.0,9000.0,1,1,0.0,0.0,0.0,0.0,0
2929,淘帝-KY,5000.0,0.0,0.0,5000.0,1,1,0.0,0.0,0.0,0.0,0
2939,永邑-KY,-4000.0,0.0,0.0,-4000.0,0,1,0.0,0.0,0.0,0.0,0
2945,三商家購,-2000.0,0.0,0.0,-2000.0,0,1,0.0,0.0,0.0,0.0,0
3002,歐格,17000.0,0.0,0.0,17000.0,1,1,0.0,0.0,0.0,0.0,0
3003,健和興,-36000.0,0.0,0.0,-36000.0,0,1,0.0,0.0,0.0,0.0,0
3004,豐達科,-17000.0,0.0,542.0,-16458.0,0,1,0.0,0.0,0.0,0.0,0
3005,神基,-1318740.0,769947.0,43233.0,-505560.0,0,1,0.0,0.0,0.0,0.0,0
3006,晶豪科,179521.0,0.0,173795.0,353316.0,1,1,0.0,0.0,0.0,0.0,0
3008,大立光,-330510.0,-255.0,72992.0,-257773.0,0,1,0.0,0.0,0.0,0.0,0
3010,華立,141000.0,-285000.0,5094.0,-138906.0,0,1,0.0,0.0,0.0,0.0,0
3011,今皓,166000.0,0.0,0.0,166000.0,1,1,0.0,0.0,0.0,0.0,0
3013,晟銘電,-1220910.0,0.0,177710.0,-1043200.0,0,1,0.0,0.0,0.0,0.0,0
3014,聯陽,198000.0,-412.0,21000.0,218588.0,1,1,0.0,0.0,0.0,0.0,0
3015,全漢,38000.0,-152000.0,0.0,-114000.0,0,1,0.0,0.0,0.0,0.0,0
3016,嘉晶,35000.0,0.0,7000.0,42000.0,1,1,0.0,0.0,0.0,0.0,0
3017,奇鋐,-403569.0,130000.0,53136.0,-220433.0,0,1,0.0,0.0,0.0,0.0,0
3019,亞光,90040.0,-217.0,80202.0,170025.0,1,1,0.0,0.0,0.0,0.0,0
3021,鴻名,17000.0,0.0,0.0,17000.0,1,1,0.0,0.0,0.0,0.0,0
3022,威強電,306351.0,-224000.0,0.0,82351.0,1,1,0.0,0.0,0.0,0.0,0
3023,信邦,139000.0,-4000.0,28726.0,163726.0,1,1,0.0,0.0,0.0,0.0,0
3024,憶聲,-252000.0,0.0,0.0,-252000.0,0,1,0.0,0.0,0.0,0.0,0
3025,星通,28000.0,0.0,0.0,28000.0,1,1,0.0,0.0,0.0,0.0,0
3026,禾伸堂,-4365635.0,146000.0,284933.0,-3934702.0,0,1,0.0,0.0,0.0,0.0,0
3027,盛達,-43000.0,0.0,0.0,-43000.0,0,1,0.0,0.0,0.0,0.0,0
3028,增你強,-701100.0,0.0,222563.0,-478537.0,0,1,0.0,0.0,0.0,0.0,0
3029,零壹,1399000.0,410492.0,21253.0,1830745.0,1,1,0.0,0.0,0.0,0.0,0
3030,德律,-446677.0,0.0,142273.0,-304404.0,0,1,0.0,0.0,0.0,0.0,0
3031,佰鴻,-64000.0,0.0,0.0,-64000.0,0,1,0.0,0.0,0.0,0.0,0
3032,偉訓,201000.0,0.0,34308.0,235308.0,1,1,0.0,0.0,0.0,0.0,0
3033,威健,49000.0,530272.0,56765.0,636037.0,1,1,0.0,0.0,0.0,0.0,0
3034,聯詠,132341.0,-192911.0,40397.0,-20173.0,0,1,0.0,0.0,0.0,0.0,0
3035,智原,741200.0,0.0,116081.0,857281.0,1,1,0.0,0.0,0.0,0.0,0
3036,文曄,770322.0,-407481.0,58085.0,420926.0,1,1,0.0,0.0,0.0,0.0,0
3037,欣興,-182342.0,793000.0,361718.0,972376.0,1,1,0.0,0.0,0.0,0.0,0
3038,全台,-17000.0,-1916.0,0.0,-18916.0,0,1,0.0,0.0,0.0,0.0,0
3040,遠見,3000.0,0.0,0.0,3000.0,1,1,0.0,0.0,0.0,0.0,0
3041,揚智,165000.0,0.0,0.0,165000.0,1,1,0.0,0.0,0.0,0.0,0
3042,晶技,-294000.0,0.0,113000.0,-181000.0,0,1,0.0,0.0,0.0,0.0,0
3043,科風,20000.0,0.0,0.0,20000.0,1,1,0.0,0.0,0.0,0.0,0
3044,健鼎,-60294.0,-63000.0,32661.0,-90633.0,0,1,0.0,0.0,0.0,0.0,0
3045,台灣大,-59818.0,-1499760.0,100053.0,-1459525.0,0,1,0.0,0.0,0.0,0.0,0
3046,建碁,19000.0,0.0,0.0,19000.0,1,1,0.0,0.0,0.0,0.0,0
3047,訊舟,-194000.0,0.0,0.0,-194000.0,0,1,0.0,0.0,0.0,0.0,0
3048,益登,120000.0,0.0,6074.0,126074.0,1,1,0.0,0.0,0.0,0.0,0
3049,精金,-491000.0,0.0,560.0,-490440.0,0,1,0.0,0.0,0.0,0.0,0
3050,鈺德,-136000.0,0.0,0.0,-136000.0,0,1,0.0,0.0,0.0,0.0,0
3051,力特,1495850.0,0.0,0.0,1495850.0,1,1,0.0,0.0,0.0,0.0,0
3052,夆典,-138000.0,0.0,0.0,-138000.0,0,1,0.0,0.0,0.0,0.0,0
3054,立萬利,-42760.0,0.0,0.0,-42760.0,0,1,0.0,0.0,0.0,0.0,0
3055,蔚華科,-333000.0,0.0,7728.0,-325272.0,0,1,0.0,0.0,0.0,0.0,0
3056,富華新,-172000.0,0.0,352.0,-171648.0,0,1,0.0,0.0,0.0,0.0,0
3057,喬鼎,102000.0,0.0,0.0,102000.0,1,1,0.0,0.0,0.0,0.0,0
3058,立德,-132000.0,0.0,0.0,-132000.0,0,1,0.0,0.0,0.0,0.0,0
3059,華晶科,-266000.0,0.0,34189.0,-231811.0,0,1,0.0,0.0,0.0,0.0,0
3060,銘異,-258000.0,0.0,0.0,-258000.0,0,1,0.0,0.0,0.0,0.0,0
3062,建漢,-665000.0,0.0,17315.0,-647685.0,0,1,0.0,0.0,0.0,0.0,0
3090,日電貿,-681700.0,-213416.0,22645.0,-872471.0,0,1,0.0,0.0,0.0,0.0,0
3092,鴻碩,-29000.0,0.0,0.0,-29000.0,0,1,0.0,0.0,0.0,0.0,0
3094,聯傑,-251000.0,0.0,0.0,-251000.0,0,1,0.0,0.0,0.0,0.0,0
3130,一零四,-6100.0,0.0,1000.0,-5100.0,0,1,0.0,0.0,0.0,0.0,0
3135,凌航,-585000.0,0.0,0.0,-585000.0,0,1,0.0,0.0,0.0,0.0,0
3138,耀登,-228000.0,0.0,3996.0,-224004.0,0,1,0.0,0.0,0.0,0.0,0
3149,正達,-2667000.0,0.0,0.0,-2667000.0,0,1,0.0,0.0,0.0,0.0,0
3150,鈺寶-創,-13000.0,0.0,0.0,-13000.0,0,1,0.0,0.0,0.0,0.0,0
3164,景岳,2000.0,0.0,0.0,2000.0,1,1,0.0,0.0,0.0,0.0,0
3167,大量,-319548.0,-9000.0,170512.0,-158036.0,0,1,0.0,0.0,0.0,0.0,0
3168,眾福科,7000.0,0.0,0.0,7000.0,1,1,0.0,0.0,0.0,0.0,0
3189,景碩,-1000522.0,174000.0,444304.0,-382218.0,0,1,0.0,0.0,0.0,0.0,0
3209,全科,922000.0,-5921.0,2.0,916081.0,1,1,0.0,0.0,0.0,0.0,0
3229,晟鈦,76000.0,0.0,0.0,76000.0,1,1,0.0,0.0,0.0,0.0,0
3231,緯創,-7695100.0,-592000.0,428405.0,-7858695.0,0,1,0.0,0.0,0.0,0.0,0
3257,虹冠電,-186000.0,0.0,0.0,-186000.0,0,1,0.0,0.0,0.0,0.0,0
3266,昇陽,-8000.0,0.0,0.0,-8000.0,0,1,0.0,0.0,0.0,0.0,0
3296,勝德,-12000.0,0.0,0.0,-12000.0,0,1,0.0,0.0,0.0,0.0,0
3305,昇貿,-71000.0,0.0,32172.0,-38828.0,0,1,0.0,0.0,0.0,0.0,0
3308,聯德,-57000.0,0.0,0.0,-57000.0,0,1,0.0,0.0,0.0,0.0,0
3311,閎暉,-127000.0,0.0,0.0,-127000.0,0,1,0.0,0.0,0.0,0.0,0
3312,弘憶股,357000.0,0.0,0.0,357000.0,1,1,0.0,0.0,0.0,0.0,0
3321,同泰,-26000.0,0.0,0.0,-26000.0,0,1,0.0,0.0,0.0,0.0,0
3338,泰碩,79000.0,0.0,0.0,79000.0,1,1,0.0,0.0,0.0,0.0,0
3346,麗清,-28000.0,0.0,0.0,-28000.0,0,1,0.0,0.0,0.0,0.0,0
3356,奇偶,307000.0,0.0,0.0,307000.0,1,1,0.0,0.0,0.0,0.0,0
3376,新日興,-643969.0,0.0,50699.0,-593270.0,0,1,0.0,0.0,0.0,0.0,0
3380,明泰,-429414.0,0.0,21807.0,-407607.0,0,1,0.0,0.0,0.0,0.0,0
3406,玉晶光,239389.0,-90000.0,27728.0,177117.0,1,1,0.0,0.0,0.0,0.0,0
3413,京鼎,114000.0,-2000.0,4436.0,116436.0,1,1,0.0,0.0,0.0,0.0,0
3416,融程電,-57000.0,0.0,2003.0,-54997.0,0,1,0.0,0.0,0.0,0.0,0
3419,譁裕,50000.0,0.0,0.0,50000.0,1,1,0.0,0.0,0.0,0.0,0
3432,台端,18000.0,0.0,0.0,18000.0,1,1,0.0,0.0,0.0,0.0,0
3437,榮創,1640000.0,0.0,0.0,1640000.0,1,1,0.0,0.0,0.0,0.0,0
3443,創意,108219.0,1000.0,3078.0,112297.0,1,1,0.0,0.0,0.0,0.0,0
3447,展達,-46000.0,0.0,0.0,-46000.0,0,1,0.0,0.0,0.0,0.0,0
3450,聯鈞,-3825953.0,-9000.0,142705.0,-3692248.0,0,1,0.0,0.0,0.0,0.0,0
3481,群創,11277994.0,-37000.0,1384842.0,12625836.0,1,1,0.0,0.0,0.0,0.0,0
3494,誠研,-1000.0,0.0,0.0,-1000.0,0,1,0.0,0.0,0.0,0.0,0
3501,維熹,0.0,0.0,0.0,0.0,0,1,0.0,0.0,0.0,0.0,0
3504,揚明光,-20952.0,0.0,0.0,-20952.0,0,1,0.0,0.0,0.0,0.0,0
3515,華擎,-212141.0,0.0,15248.0,-196893.0,0,1,0.0,0.0,0.0,0.0,0
3518,柏騰,7000.0,0.0,0.0,7000.0,1,1,0.0,0.0,0.0,0.0,0
3528,安馳,62000.0,0.0,0.0,62000.0,1,1,0.0,0.0,0.0,0.0,0
3530,晶相光,-56000.0,0.0,0.0,-56000.0,0,1,0.0,0.0,0.0,0.0,0
3532,台勝科,-873400.0,0.0,194297.0,-679103.0,0,1,0.0,0.0,0.0,0.0,0
3533,嘉澤,23870.0,65000.0,15742.0,104612.0,1,1,0.0,0.0,0.0,0.0,0
3535,晶彩科,-630000.0,0.0,0.0,-630000.0,0,1,0.0,0.0,0.0,0.0,0
3543,州巧,-247000.0,0.0,0.0,-247000.0,0,1,0.0,0.0,0.0,0.0,0
3545,敦泰,-106226.0,0.0,14163.0,-92063.0,0,1,0.0,0.0,0.0,0.0,0
3550,聯穎,-1077500.0,0.0,0.0,-1077500.0,0,1,0.0,0.0,0.0,0.0,0
3557,嘉威,-22900.0,0.0,0.0,-22900.0,0,1,0.0,0.0,0.0,0.0,0
3563,牧德,75002.0,0.0,35275.0,110277.0,1,1,0.0,0.0,0.0,0.0,0
3576,聯合再生,-2802980.0,0.0,0.0,-2802980.0,0,1,0.0,0.0,0.0,0.0,0
3583,辛耘,-1247211.0,645000.0,99348.0,-502863.0,0,1,0.0,0.0,0.0,0.0,0
3588,通嘉,96000.0,0.0,0.0,96000.0,1,1,0.0,0.0,0.0,0.0,0
3591,艾笛森,-138000.0,0.0,0.0,-138000.0,0,1,0.0,0.0,0.0,0.0,0
3592,瑞鼎,-93990.0,117375.0,0.0,23385.0,1,1,0.0,0.0,0.0,0.0,0
3596,智易,-430890.0,0.0,1924.0,-428966.0,0,1,0.0,0.0,0.0,0.0,0
3605,宏致,4583785.0,0.0,306247.0,4890032.0,1,1,0.0,0.0,0.0,0.0,0
3607,谷崧,-62000.0,0.0,0.0,-62000.0,0,1,0.0,0.0,0.0,0.0,0
3617,碩天,-38000.0,-14000.0,1040.0,-50960.0,0,1,0.0,0.0,0.0,0.0,0
3622,洋華,-2000.0,0.0,515.0,-1485.0,0,1,0.0,0.0,0.0,0.0,0
3645,達邁,-371500.0,0.0,30783.0,-340717.0,0,1,0.0,0.0,0.0,0.0,0
3652,精聯,-32000.0,0.0,0.0,-32000.0,0,1,0.0,0.0,0.0,0.0,0
3653,健策,-25738.0,1000.0,1457.0,-23281.0,0,1,0.0,0.0,0.0,0.0,0
3661,世芯-KY,732148.0,-15899.0,102703.0,818952.0,1,1,0.0,0.0,0.0,0.0,0
3665,貿聯-KY,303444.0,65865.0,25099.0,394408.0,1,1,0.0,0.0,0.0,0.0,0
3669,圓展,-38000.0,0.0,0.0,-38000.0,0,1,0.0,0.0,0.0,0.0,0
3673,TPK-KY,-638700.0,0.0,45834.0,-592866.0,0,1,0.0,0.0,0.0,0.0,0
3679,新至陞,-5000.0,0.0,0.0,-5000.0,0,1,0.0,0.0,0.0,0.0,0
3686,達能,-38000.0,0.0,0.0,-38000.0,0,1,0.0,0.0,0.0,0.0,0
3694,海華,-20000.0,0.0,675.0,-19325.0,0,1,0.0,0.0,0.0,0.0,0
3701,大眾控,-1602767.0,0.0,0.0,-1602767.0,0,1,0.0,0.0,0.0,0.0,0
3702,大聯大,1586922.0,-854000.0,219445.0,952367.0,1,1,0.0,0.0,0.0,0.0,0
3703,欣陸,-424000.0,0.0,0.0,-424000.0,0,1,0.0,0.0,0.0,0.0,0
3704,合勤控,181000.0,0.0,0.0,181000.0,1,1,0.0,0.0,0.0,0.0,0
3705,永信,-12000.0,0.0,0.0,-12000.0,0,1,0.0,0.0,0.0,0.0,0
3706,神達,1416200.0,-872.0,14196.0,1429524.0,1,1,0.0,0.0,0.0,0.0,0
3708,上緯投控,-73864.0,0.0,6977.0,-66887.0,0,1,0.0,0.0,0.0,0.0,0
3711,日月光投控,-5394033.0,2861636.0,663443.0,-1868954.0,0,1,0.0,0.0,0.0,0.0,0
3712,永崴投控,-218000.0,0.0,0.0,-218000.0,0,1,0.0,0.0,0.0,0.0,0
3714,富采,-195910.0,0.0,0.0,-195910.0,0,1,0.0,0.0,0.0,0.0,0
3715,定穎投控,-174609.0,0.0,259548.0,84939.0,1,1,0.0,0.0,0.0,0.0,0
3716,中化控股,-31000.0,0.0,0.0,-31000.0,0,1,0.0,0.0,0.0,0.0,0
3717,聯嘉投控,-48000.0,0.0,0.0,-48000.0,0,1,0.0,0.0,0.0,0.0,0
4104,佳醫,-116000.0,0.0,0.0,-116000.0,0,1,0.0,0.0,0.0,0.0,0
4106,雃博,-18000.0,0.0,0.0,-18000.0,0,1,0.0,0.0,0.0,0.0,0
4108,懷特,-18000.0,0.0,0.0,-18000.0,0,1,0.0,0.0,0.0,0.0,0
4119,旭富,-42000.0,0.0,0.0,-42000.0,0,1,0.0,0.0,0.0,0.0,0
4133,亞諾法,-32000.0,0.0,0.0,-32000.0,0,1,0.0,0.0,0.0,0.0,0
4137,麗豐-KY,-28000.0,0.0,0.0,-28000.0,0,1,0.0,0.0,0.0,0.0,0
4142,國光生,-138095.0,0.0,0.0,-138095.0,0,1,0.0,0.0,0.0,0.0,0
4148,全宇生技-KY,-14000.0,0.0,0.0,-14000.0,0,1,0.0,0.0,0.0,0.0,0
4155,訊映,12000.0,0.0,0.0,12000.0,1,1,0.0,0.0,0.0,0.0,0
4164,承業醫,-639000.0,0.0,0.0,-639000.0,0,1,0.0,0.0,0.0,0.0,0
4169,泰宗,46000.0,0.0,0.0,46000.0,1,1,0.0,0.0,0.0,0.0,0
4190,佐登-KY,4000.0,0.0,0.0,4000.0,1,1,0.0,0.0,0.0,0.0,0
4306,炎洲,-253000.0,0.0,0.0,-253000.0,0,1,0.0,0.0,0.0,0.0,0
4414,如興,-20000.0,0.0,0.0,-20000.0,0,1,0.0,0.0,0.0,0.0,0
4426,利勤,-46000.0,0.0,0.0,-46000.0,0,1,0.0,0.0,0.0,0.0,0
4438,廣越,-38000.0,0.0,0.0,-38000.0,0,1,0.0,0.0,0.0,0.0,0
4439,冠星-KY,-1000.0,0.0,0.0,-1000.0,0,1,0.0,0.0,0.0,0.0,0
4440,宜新實業,-4000.0,0.0,0.0,-4000.0,0,1,0.0,0.0,0.0,0.0,0
4441,振大環球,-3167.0,0.0,0.0,-3167.0,0,1,0.0,0.0,0.0,0.0,0
4526,東台,3909865.0,0.0,19559.0,3929424.0,1,1,0.0,0.0,0.0,0.0,0
4532,瑞智,-151000.0,95494.0,1472.0,-54034.0,0,1,0.0,0.0,0.0,0.0,0
4536,拓凱,-57000.0,-59000.0,0.0,-116000.0,0,1,0.0,0.0,0.0,0.0,0
4540,全球傳動,1872750.0,0.0,0.0,1872750.0,1,1,0.0,0.0,0.0,0.0,0
4545,銘鈺,-27000.0,0.0,0.0,-27000.0,0,1,0.0,0.0,0.0,0.0,0
4551,智伸科,200000.0,0.0,5000.0,205000.0,1,1,0.0,0.0,0.0,0.0,0
4552,力達-KY,-11000.0,0.0,0.0,-11000.0,0,1,0.0,0.0,0.0,0.0,0
4555,氣立,92000.0,0.0,0.0,92000.0,1,1,0.0,0.0,0.0,0.0,0
4557,永新-KY,-24000.0,0.0,0.0,-24000.0,0,1,0.0,0.0,0.0,0.0,0
4560,強信-KY,30000.0,0.0,0.0,30000.0,1,1,0.0,0.0,0.0,0.0,0
4562,穎漢,-373000.0,0.0,0.0,-373000.0,0,1,0.0,0.0,0.0,0.0,0
4564,元翎,-141000.0,0.0,0.0,-141000.0,0,1,0.0,0.0,0.0,0.0,0
4566,時碩工業,-424000.0,0.0,0.0,-424000.0,0,1,0.0,0.0,0.0,0.0,0
4569,六方科-KY,-7900.0,0.0,0.0,-7900.0,0,1,0.0,0.0,0.0,0.0,0
4571,鈞興-KY,-10989.0,0.0,3.0,-10986.0,0,1,0.0,0.0,0.0,0.0,0
4572,駐龍,10000.0,0.0,0.0,10000.0,1,1,0.0,0.0,0.0,0.0,0
4576,大銀微系統,-257818.0,0.0,76416.0,-181402.0,0,1,0.0,0.0,0.0,0.0,0
4581,光隆精密-KY,-1000.0,0.0,0.0,-1000.0,0,1,0.0,0.0,0.0,0.0,0
4583,台灣精銳,96832.0,0.0,9389.0,106221.0,1,1,0.0,0.0,0.0,0.0,0
4585,達明,85198.0,0.0,51.0,85249.0,1,1,0.0,0.0,0.0,0.0,0
4588,玖鼎電力,0.0,0.0,0.0,0.0,0,1,0.0,0.0,0.0,0.0,0
4590,富田-創,50000.0,0.0,7194.0,57194.0,1,1,0.0,0.0,0.0,0.0,0
4720,德淵,-2203800.0,-2006.0,0.0,-2205806.0,0,1,0.0,0.0,0.0,0.0,0
4722,國精化,-203000.0,0.0,88846.0,-114154.0,0,1,0.0,0.0,0.0,0.0,0
4736,泰博,-43000.0,0.0,0.0,-43000.0,0,1,0.0,0.0,0.0,0.0,0
4737,華廣,-8000.0,0.0,0.0,-8000.0,0,1,0.0,0.0,0.0,0.0,0
4739,康普,-144000.0,-2000.0,23272.0,-122728.0,0,1,0.0,0.0,0.0,0.0,0
4746,台耀,-177250.0,156000.0,4447.0,-16803.0,0,1,0.0,0.0,0.0,0.0,0
4755,三福化,-296000.0,0.0,0.0,-296000.0,0,1,0.0,0.0,0.0,0.0,0
4763,材料*-KY,-3077245.0,850304.0,44755.0,-2182186.0,0,1,0.0,0.0,0.0,0.0,0
4764,雙鍵,29053.0,0.0,47000.0,76053.0,1,1,0.0,0.0,0.0,0.0,0
4766,南寶,-438763.0,-88000.0,34523.0,-492240.0,0,1,0.0,0.0,0.0,0.0,0
4770,上品,-221000.0,0.0,9139.0,-211861.0,0,1,0.0,0.0,0.0,0.0,0
4771,望隼,-7000.0,0.0,0.0,-7000.0,0,1,0.0,0.0,0.0,0.0,0
4807,日成-KY,-103990.0,0.0,0.0,-103990.0,0,1,0.0,0.0,0.0,0.0,0
4904,遠傳,1925271.0,-3631000.0,9000.0,-1696729.0,0,1,0.0,0.0,0.0,0.0,0
4906,正文,1230000.0,-629067.0,10279.0,611212.0,1,1,0.0,0.0,0.0,0.0,0
4912,聯德控股-KY,-47000.0,0.0,0.0,-47000.0,0,1,0.0,0.0,0.0,0.0,0
4915,致伸,-405000.0,-205317.0,1698.0,-608619.0,0,1,0.0,0.0,0.0,0.0,0
4916,事欣科,-126000.0,-10000.0,3609.0,-132391.0,0,1,0.0,0.0,0.0,0.0,0
4919,新唐,-785170.0,0.0,3000.0,-782170.0,0,1,0.0,0.0,0.0,0.0,0
4927,泰鼎-KY,-11071004.0,0.0,0.0,-11071004.0,0,1,0.0,0.0,0.0,0.0,0
4930,燦星網,-980.0,0.0,0.0,-980.0,0,1,0.0,0.0,0.0,0.0,0
4934,太極,-123000.0,0.0,0.0,-123000.0,0,1,0.0,0.0,0.0,0.0,0
4935,茂林-KY,-16000.0,0.0,0.0,-16000.0,0,1,0.0,0.0,0.0,0.0,0
4938,和碩,-17248.0,-447258.0,99076.0,-365430.0,0,1,0.0,0.0,0.0,0.0,0
4942,嘉彰,-50000.0,0.0,0.0,-50000.0,0,1,0.0,0.0,0.0,0.0,0
4949,有成精密,305500.0,0.0,0.0,305500.0,1,1,0.0,0.0,0.0,0.0,0
4952,凌通,66000.0,0.0,0.0,66000.0,1,1,0.0,0.0,0.0,0.0,0
4956,光鋐,-90000.0,0.0,0.0,-90000.0,0,1,0.0,0.0,0.0,0.0,0
4958,臻鼎-KY,258542.0,-43000.0,135296.0,350838.0,1,1,0.0,0.0,0.0,0.0,0
4960,誠美材,-671720.0,0.0,0.0,-671720.0,0,1,0.0,0.0,0.0,0.0,0
4961,天鈺,-151806.0,-171300.0,28924.0,-294182.0,0,1,0.0,0.0,0.0,0.0,0
4967,十銓,592004.0,0.0,221577.0,813581.0,1,1,0.0,0.0,0.0,0.0,0
4968,立積,-223000.0,0.0,26877.0,-196123.0,0,1,0.0,0.0,0.0,0.0,0
4976,佳凌,-9000.0,0.0,0.0,-9000.0,0,1,0.0,0.0,0.0,0.0,0
4977,眾達-KY,-572165.0,0.0,78904.0,-493261.0,0,1,0.0,0.0,0.0,0.0,0
4989,榮科,-358421.0,0.0,24000.0,-334421.0,0,1,0.0,0.0,0.0,0.0,0
4994,傳奇,-8000.0,0.0,0.0,-8000.0,0,1,0.0,0.0,0.0,0.0,0
4999,鑫禾,-6000.0,0.0,0.0,-6000.0,0,1,0.0,0.0,0.0,0.0,0
5007,三星,-11000.0,0.0,0.0,-11000.0,0,1,0.0,0.0,0.0,0.0,0
5203,訊連,75000.0,0.0,0.0,75000.0,1,1,0.0,0.0,0.0,0.0,0
5215,科嘉-KY,-13000.0,0.0,0.0,-13000.0,0,1,0.0,0.0,0.0,0.0,0
5222,全訊,-1000.0,-1000.0,2343.0,343.0,1,1,0.0,0.0,0.0,0.0,0
5225,東科-KY,-76000.0,0.0,2.0,-75998.0,0,1,0.0,0.0,0.0,0.0,0
5234,達興材料,13890.0,-226000.0,47801.0,-164309.0,0,1,0.0,0.0,0.0,0.0,0
5243,乙盛-KY,-34897.0,0.0,216009.0,181112.0,1,1,0.0,0.0,0.0,0.0,0
5244,弘凱,-168000.0,0.0,0.0,-168000.0,0,1,0.0,0.0,0.0,0.0,0
5258,虹堡,10000.0,0.0,0.0,10000.0,1,1,0.0,0.0,0.0,0.0,0
5269,祥碩,759319.0,1000.0,75351.0,835670.0,1,1,0.0,0.0,0.0,0.0,0
5283,禾聯碩,-64000.0,0.0,0.0,-64000.0,0,1,0.0,0.0,0.0,0.0,0
5284,jpp-KY,-250040.0,0.0,45584.0,-204456.0,0,1,0.0,0.0,0.0,0.0,0
5285,界霖,19000.0,0.0,0.0,19000.0,1,1,0.0,0.0,0.0,0.0,0
5288,豐祥-KY,-50000.0,0.0,0.0,-50000.0,0,1,0.0,0.0,0.0,0.0,0
5292,華懋,127000.0,0.0,1642.0,128642.0,1,1,0.0,0.0,0.0,0.0,0
5306,桂盟,-55000.0,0.0,0.0,-55000.0,0,1,0.0,0.0,0.0,0.0,0
5388,中磊,-418000.0,0.0,3332.0,-414668.0,0,1,0.0,0.0,0.0,0.0,0
5434,崇越,155846.0,-284000.0,1279.0,-126875.0,0,1,0.0,0.0,0.0,0.0,0
5469,瀚宇博,-1899850.0,0.0,55937.0,-1843913.0,0,1,0.0,0.0,0.0,0.0,0
5471,松翰,98000.0,0.0,0.0,98000.0,1,1,0.0,0.0,0.0,0.0,0
5484,慧友,119000.0,0.0,0.0,119000.0,1,1,0.0,0.0,0.0,0.0,0
5515,建國,-10000.0,-8000.0,0.0,-18000.0,0,1,0.0,0.0,0.0,0.0,0
5519,隆大,-60000.0,0.0,0.0,-60000.0,0,1,0.0,0.0,0.0,0.0,0
5521,工信,475100.0,0.0,0.0,475100.0,1,1,0.0,0.0,0.0,0.0,0
5522,遠雄,-734000.0,0.0,4000.0,-730000.0,0,1,0.0,0.0,0.0,0.0,0
5525,順天,-49000.0,0.0,0.0,-49000.0,0,1,0.0,0.0,0.0,0.0,0
5531,鄉林,-255000.0,0.0,0.0,-255000.0,0,1,0.0,0.0,0.0,0.0,0
5533,皇鼎,-20000.0,0.0,0.0,-20000.0,0,1,0.0,0.0,0.0,0.0,0
5534,長虹,-276000.0,131000.0,292.0,-144708.0,0,1,0.0,0.0,0.0,0.0,0
5538,東明-KY,-11000.0,0.0,0.0,-11000.0,0,1,0.0,0.0,0.0,0.0,0
5546,永固-KY,-5000.0,0.0,0.0,-5000.0,0,1,0.0,0.0,0.0,0.0,0
5607,遠雄港,-132000.0,0.0,0.0,-132000.0,0,1,0.0,0.0,0.0,0.0,0
5608,四維航,114000.0,0.0,0.0,114000.0,1,1,0.0,0.0,0.0,0.0,0
5706,鳳凰,-51000.0,0.0,0.0,-51000.0,0,1,0.0,0.0,0.0,0.0,0
5871,中租-KY,-1259539.0,-307408.0,32382.0,-1534565.0,0,1,0.0,0.0,0.0,0.0,0
5876,上海商銀,-3462074.0,-2179807.0,195000.0,-5446881.0,0,1,0.0,0.0,0.0,0.0,0
5880,合庫金,-8202865.0,-45244.0,16000.0,-8232109.0,0,1,0.0,0.0,0.0,0.0,0
5907,大洋-KY,-52000.0,0.0,0.0,-52000.0,0,1,0.0,0.0,0.0,0.0,0
6005,群益證,-153000.0,-3891727.0,0.0,-4044727.0,0,1,0.0,0.0,0.0,0.0,0
6024,群益期,85000.0,0.0,0.0,85000.0,1,1,0.0,0.0,0.0,0.0,0
6108,競國,-340000.0,0.0,0.0,-340000.0,0,1,0.0,0.0,0.0,0.0,0
6112,邁達特,125000.0,0.0,700.0,125700.0,1,1,0.0,0.0,0.0,0.0,0
6115,鎰勝,-39000.0,0.0,0.0,-39000.0,0,1,0.0,0.0,0.0,0.0,0
6116,彩晶,-3630000.0,0.0,64945.0,-3565055.0,0,1,0.0,0.0,0.0,0.0,0
6117,迎廣,-159000.0,0.0,9000.0,-150000.0,0,1,0.0,0.0,0.0,0.0,0
6120,達運,-1871000.0,-32000.0,84031.0,-1818969.0,0,1,0.0,0.0,0.0,0.0,0
6128,上福,-21000.0,0.0,0.0,-21000.0,0,1,0.0,0.0,0.0,0.0,0
6133,金橋,157000.0,0.0,0.0,157000.0,1,1,0.0,0.0,0.0,0.0,0
6136,富爾特,-32000.0,0.0,0.0,-32000.0,0,1,0.0,0.0,0.0,0.0,0
6139,亞翔,-212880.0,-33135.0,5762.0,-240253.0,0,1,0.0,0.0,0.0,0.0,0
6141,柏承,-2000.0,0.0,0.0,-2000.0,0,1,0.0,0.0,0.0,0.0,0
6142,友勁,-29000.0,0.0,0.0,-29000.0,0,1,0.0,0.0,0.0,0.0,0
6152,百一,-184000.0,0.0,0.0,-184000.0,0,1,0.0,0.0,0.0,0.0,0
6153,嘉聯益,59954.0,0.0,8000.0,67954.0,1,1,0.0,0.0,0.0,0.0,0
6155,鈞寶,-46873.0,0.0,0.0,-46873.0,0,1,0.0,0.0,0.0,0.0,0
6164,華興,-242000.0,0.0,0.0,-242000.0,0,1,0.0,0.0,0.0,0.0,0
6165,浪凡,2067870.0,0.0,0.0,2067870.0,1,1,0.0,0.0,0.0,0.0,0
6166,凌華,153000.0,0.0,3326.0,156326.0,1,1,0.0,0.0,0.0,0.0,0
6168,宏齊,-1324000.0,0.0,0.0,-1324000.0,0,1,0.0,0.0,0.0,0.0,0
6176,瑞儀,-3885580.0,-1090029.0,85596.0,-4890013.0,0,1,0.0,0.0,0.0,0.0,0
6177,達麗,-109000.0,0.0,2010.0,-106990.0,0,1,0.0,0.0,0.0,0.0,0
6183,關貿,-3000.0,0.0,236.0,-2764.0,0,1,0.0,0.0,0.0,0.0,0
6184,大豐電,-17000.0,0.0,0.0,-17000.0,0,1,0.0,0.0,0.0,0.0,0
6189,豐藝,-274000.0,248000.0,0.0,-26000.0,0,1,0.0,0.0,0.0,0.0,0
6191,精成科,-544710.0,0.0,247702.0,-297008.0,0,1,0.0,0.0,0.0,0.0,0
6192,巨路,-24000.0,0.0,0.0,-24000.0,0,1,0.0,0.0,0.0,0.0,0
6196,帆宣,-76444.0,-91.0,32843.0,-43692.0,0,1,0.0,0.0,0.0,0.0,0
6197,佳必琪,681095.0,0.0,218445.0,899540.0,1,1,0.0,0.0,0.0,0.0,0
6201,亞弘電,-9000.0,0.0,0.0,-9000.0,0,1,0.0,0.0,0.0,0.0,0
6202,盛群,507000.0,0.0,6027.0,513027.0,1,1,0.0,0.0,0.0,0.0,0
6205,詮欣,-1674000.0,0.0,0.0,-1674000.0,0,1,0.0,0.0,0.0,0.0,0
6206,飛捷,62000.0,200095.0,4273.0,266368.0,1,1,0.0,0.0,0.0,0.0,0
6209,今國光,-538250.0,0.0,10093.0,-528157.0,0,1,0.0,0.0,0.0,0.0,0
6213,聯茂,576985.0,0.0,86350.0,663335.0,1,1,0.0,0.0,0.0,0.0,0
6214,精誠,-115017.0,0.0,10938.0,-104079.0,0,1,0.0,0.0,0.0,0.0,0
6215,和椿,489000.0,0.0,19841.0,508841.0,1,1,0.0,0.0,0.0,0.0,0
6216,居易,-86000.0,0.0,0.0,-86000.0,0,1,0.0,0.0,0.0,0.0,0
6224,聚鼎,-30000.0,0.0,0.0,-30000.0,0,1,0.0,0.0,0.0,0.0,0
6225,天瀚,1000.0,0.0,0.0,1000.0,1,1,0.0,0.0,0.0,0.0,0
6226,光鼎,-236000.0,0.0,0.0,-236000.0,0,1,0.0,0.0,0.0,0.0,0
6230,尼得科超眾,-9000.0,0.0,75.0,-8925.0,0,1,0.0,0.0,0.0,0.0,0
6235,華孚,-66000.0,0.0,0.0,-66000.0,0,1,0.0,0.0,0.0,0.0,0
6239,力成,1372637.0,-302000.0,213359.0,1283996.0,1,1,0.0,0.0,0.0,0.0,0
6243,迅杰,21000.0,0.0,0.0,21000.0,1,1,0.0,0.0,0.0,0.0,0
6257,矽格,1213276.0,-361000.0,45098.0,897374.0,1,1,0.0,0.0,0.0,0.0,0
6269,台郡,715000.0,0.0,12064.0,727064.0,1,1,0.0,0.0,0.0,0.0,0
6271,同欣電,814266.0,0.0,26478.0,840744.0,1,1,0.0,0.0,0.0,0.0,0
6272,驊陞,22000.0,0.0,0.0,22000.0,1,1,0.0,0.0,0.0,0.0,0
6277,宏正,-65000.0,0.0,0.0,-65000.0,0,1,0.0,0.0,0.0,0.0,0
6278,台表科,-350856.0,-1326682.0,13000.0,-1664538.0,0,1,0.0,0.0,0.0,0.0,0
6281,全國電,-32000.0,0.0,0.0,-32000.0,0,1,0.0,0.0,0.0,0.0,0
6282,康舒,-5263997.0,-4000.0,439484.0,-4828513.0,0,1,0.0,0.0,0.0,0.0,0
6283,淳安,-12000.0,0.0,0.0,-12000.0,0,1,0.0,0.0,0.0,0.0,0
6285,啟碁,313905.0,-35000.0,305772.0,584677.0,1,1,0.0,0.0,0.0,0.0,0
6405,悅城,181000.0,0.0,0.0,181000.0,1,1,0.0,0.0,0.0,0.0,0
6409,旭隼,121075.0,-1000.0,6283.0,126358.0,1,1,0.0,0.0,0.0,0.0,0
6412,群電,34959.0,-150000.0,12816.0,-102225.0,0,1,0.0,0.0,0.0,0.0,0
6414,樺漢,674000.0,-88000.0,1424.0,587424.0,1,1,0.0,0.0,0.0,0.0,0
6415,矽力*-KY,1529374.0,0.0,38351.0,1567725.0,1,1,0.0,0.0,0.0,0.0,0
6416,瑞祺電通,21000.0,0.0,0.0,21000.0,1,1,0.0,0.0,0.0,0.0,0
6426,統新,339800.0,0.0,0.0,339800.0,1,1,0.0,0.0,0.0,0.0,0
6431,光麗-KY,-23000.0,0.0,0.0,-23000.0,0,1,0.0,0.0,0.0,0.0,0
6438,迅得,466208.0,0.0,20034.0,486242.0,1,1,0.0,0.0,0.0,0.0,0
6442,光聖,576913.0,-38000.0,1542.0,540455.0,1,1,0.0,0.0,0.0,0.0,0
6443,元晶,1674000.0,0.0,0.0,1674000.0,1,1,0.0,0.0,0.0,0.0,0
6446,藥華藥,458350.0,0.0,13000.0,471350.0,1,1,0.0,0.0,0.0,0.0,0
6449,鈺邦,19000.0,-76.0,1132.0,20056.0,1,1,0.0,0.0,0.0,0.0,0
6451,訊芯-KY,179040.0,0.0,90492.0,269532.0,1,1,0.0,0.0,0.0,0.0,0
6456,GIS-KY,-176876.0,0.0,32097.0,-144779.0,0,1,0.0,0.0,0.0,0.0,0
6464,台數科,-9000.0,0.0,14000.0,5000.0,1,1,0.0,0.0,0.0,0.0,0
6472,保瑞,-1738.0,0.0,16300.0,14562.0,1,1,0.0,0.0,0.0,0.0,0
6477,安集,-73000.0,0.0,0.0,-73000.0,0,1,0.0,0.0,0.0,0.0,0
6491,晶碩,13000.0,0.0,1000.0,14000.0,1,1,0.0,0.0,0.0,0.0,0
6504,南六,-8000.0,0.0,0.0,-8000.0,0,1,0.0,0.0,0.0,0.0,0
6505,台塑化,10085903.0,-12772.0,385008.0,10458139.0,1,1,0.0,0.0,0.0,0.0,0
6515,穎崴,18839.0,0.0,4265.0,23104.0,1,1,0.0,0.0,0.0,0.0,0
6525,捷敏-KY,-53000.0,150090.0,0.0,97090.0,1,1,0.0,0.0,0.0,0.0,0
6526,達發,405886.0,0.0,13116.0,419002.0,1,1,0.0,0.0,0.0,0.0,0
6531,愛普*,-163972.0,21000.0,19069.0,-123903.0,0,1,0.0,0.0,0.0,0.0,0
6533,晶心科,79160.0,0.0,11335.0,90495.0,1,1,0.0,0.0,0.0,0.0,0
6534,正瀚-創,-16000.0,0.0,0.0,-16000.0,0,1,0.0,0.0,0.0,0.0,0
6541,泰福-KY,5000.0,0.0,0.0,5000.0,1,1,0.0,0.0,0.0,0.0,0
6550,北極星藥業-KY,-182000.0,0.0,0.0,-182000.0,0,1,0.0,0.0,0.0,0.0,0
6552,易華電,93000.0,0.0,0.0,93000.0,1,1,0.0,0.0,0.0,0.0,0
6558,興能高,-130000.0,0.0,0.0,-130000.0,0,1,0.0,0.0,0.0,0.0,0
6573,虹揚-KY,-15000.0,0.0,0.0,-15000.0,0,1,0.0,0.0,0.0,0.0,0
6579,研揚,107000.0,0.0,0.0,107000.0,1,1,0.0,0.0,0.0,0.0,0
6581,鋼聯,1000.0,0.0,0.0,1000.0,1,1,0.0,0.0,0.0,0.0,0
6582,申豐,-8000.0,0.0,0.0,-8000.0,0,1,0.0,0.0,0.0,0.0,0
6585,鼎基,-23000.0,0.0,0.0,-23000.0,0,1,0.0,0.0,0.0,0.0,0
6589,台康生技,-168000.0,0.0,0.0,-168000.0,0,1,0.0,0.0,0.0,0.0,0
6591,動力-KY,-4000.0,0.0,1498.0,-2502.0,0,1,0.0,0.0,0.0,0.0,0
6592,和潤企業,-206043.0,0.0,3000.0,-203043.0,0,1,0.0,0.0,0.0,0.0,0
6598,ABC-KY,-36000.0,0.0,0.0,-36000.0,0,1,0.0,0.0,0.0,0.0,0
6605,帝寶,-64000.0,0.0,0.0,-64000.0,0,1,0.0,0.0,0.0,0.0,0
6606,建德工業,-20000.0,0.0,0.0,-20000.0,0,1,0.0,0.0,0.0,0.0,0
6614,資拓宏宇,-34000.0,0.0,0.0,-34000.0,0,1,0.0,0.0,0.0,0.0,0
6625,必應,-64000.0,0.0,2507.0,-61493.0,0,1,0.0,0.0,0.0,0.0,0
6641,基士德-KY,-3000.0,0.0,0.0,-3000.0,0,1,0.0,0.0,0.0,0.0,0
6645,金萬林-創,-1000.0,0.0,0.0,-1000.0,0,1,0.0,0.0,0.0,0.0,0
6655,科定,-2000.0,0.0,0.0,-2000.0,0,1,0.0,0.0,0.0,0.0,0
6657,華安,-57000.0,0.0,0.0,-57000.0,0,1,0.0,0.0,0.0,0.0,0
6658,聯策,97000.0,0.0,0.0,97000.0,1,1,0.0,0.0,0.0,0.0,0
6666,羅麗芬-KY,-18100.0,0.0,0.0,-18100.0,0,1,0.0,0.0,0.0,0.0,0
6668,中揚光,-51000.0,0.0,0.0,-51000.0,0,1,0.0,0.0,0.0,0.0,0
6669,緯穎,-205787.0,37923.0,88214.0,-79650.0,0,1,0.0,0.0,0.0,0.0,0
6670,復盛應用,7000.0,3786.0,1000.0,11786.0,1,1,0.0,0.0,0.0,0.0,0
6671,三能-KY,-2000.0,0.0,12215.0,10215.0,1,1,0.0,0.0,0.0,0.0,0
6672,騰輝電子-KY,763900.0,0.0,44037.0,807937.0,1,1,0.0,0.0,0.0,0.0,0
6674,鋐寶科技,-3000.0,0.0,0.0,-3000.0,0,1,0.0,0.0,0.0,0.0,0
6689,伊雲谷,25000.0,0.0,0.0,25000.0,1,1,0.0,0.0,0.0,0.0,0
6691,洋基工程,-99555.0,-17000.0,4304.0,-112251.0,0,1,0.0,0.0,0.0,0.0,0
6695,芯鼎,-220000.0,0.0,0.0,-220000.0,0,1,0.0,0.0,0.0,0.0,0
6698,旭暉應材,63000.0,0.0,0.0,63000.0,1,1,0.0,0.0,0.0,0.0,0
6706,惠特,3597246.0,1576000.0,96483.0,5269729.0,1,1,0.0,0.0,0.0,0.0,0
6715,嘉基,-425000.0,447000.0,0.0,22000.0,1,1,0.0,0.0,0.0,0.0,0
6719,力智,-40982.0,0.0,563.0,-40419.0,0,1,0.0,0.0,0.0,0.0,0
6722,輝創,6000.0,0.0,0.0,6000.0,1,1,0.0,0.0,0.0,0.0,0
6742,澤米,36000.0,0.0,0.0,36000.0,1,1,0.0,0.0,0.0,0.0,0
6743,安普新,-130000.0,0.0,0.0,-130000.0,0,1,0.0,0.0,0.0,0.0,0
6753,龍德造船,-51000.0,0.0,6626.0,-44374.0,0,1,0.0,0.0,0.0,0.0,0
6754,匯僑設計,-2000.0,-278.0,0.0,-2278.0,0,1,0.0,0.0,0.0,0.0,0
6756,威鋒電子,1000.0,0.0,0.0,1000.0,1,1,0.0,0.0,0.0,0.0,0
6757,台灣虎航,91140.0,0.0,1.0,91141.0,1,1,0.0,0.0,0.0,0.0,0
6768,志強-KY,-75000.0,215002.0,2000.0,142002.0,1,1,0.0,0.0,0.0,0.0,0
6770,力積電,-7446330.0,-25000.0,935525.0,-6535805.0,0,1,0.0,0.0,0.0,0.0,0
6771,平和環保-創,-2000.0,0.0,1000.0,-1000.0,0,1,0.0,0.0,0.0,0.0,0
6776,展碁國際,-57000.0,0.0,0.0,-57000.0,0,1,0.0,0.0,0.0,0.0,0
6781,AES-KY,51300.0,-187000.0,49663.0,-86037.0,0,1,0.0,0.0,0.0,0.0,0
6782,視陽,67913.0,0.0,0.0,67913.0,1,1,0.0,0.0,0.0,0.0,0
6789,采鈺,421836.0,-6000.0,87327.0,503163.0,1,1,0.0,0.0,0.0,0.0,0
6790,永豐實,9000.0,0.0,0.0,9000.0,1,1,0.0,0.0,0.0,0.0,0
6792,詠業,-11000.0,0.0,0.0,-11000.0,0,1,0.0,0.0,0.0,0.0,0
6794,向榮生技,-4000.0,0.0,0.0,-4000.0,0,1,0.0,0.0,0.0,0.0,0
6796,晉弘,-12000.0,0.0,0.0,-12000.0,0,1,0.0,0.0,0.0,0.0,0
6799,來頡,-48000.0,0.0,0.0,-48000.0,0,1,0.0,0.0,0.0,0.0,0
6805,富世達,29807.0,35000.0,13927.0,78734.0,1,1,0.0,0.0,0.0,0.0,0
6806,森崴能源,-3301.0,0.0,1400.0,-1901.0,0,1,0.0,0.0,0.0,0.0,0
6807,峰源-KY,-2000.0,0.0,0.0,-2000.0,0,1,0.0,0.0,0.0,0.0,0
6830,汎銓,264258.0,25000.0,15325.0,304583.0,1,1,0.0,0.0,0.0,0.0,0
6831,邁科,-205745.0,-90000.0,23985.0,-271760.0,0,1,0.0,0.0,0.0,0.0,0
6834,天二科技,45000.0,0.0,0.0,45000.0,1,1,0.0,0.0,0.0,0.0,0
6835,圓裕,-215000.0,0.0,0.0,-215000.0,0,1,0.0,0.0,0.0,0.0,0
6838,台新藥,0.0,0.0,0.0,0.0,0,1,0.0,0.0,0.0,0.0,0
6854,錼創科技-KY創,-79000.0,0.0,7354.0,-71646.0,0,1,0.0,0.0,0.0,0.0,0
6861,睿生光電,-10995.0,0.0,0.0,-10995.0,0,1,0.0,0.0,0.0,0.0,0
6862,三集瑞-KY,-43800.0,0.0,9037.0,-34763.0,0,1,0.0,0.0,0.0,0.0,0
6863,永道-KY,7000.0,0.0,0.0,7000.0,1,1,0.0,0.0,0.0,0.0,0
6869,雲豹能源,26000.0,0.0,0.0,26000.0,1,1,0.0,0.0,0.0,0.0,0
6873,泓德能源,55600.0,0.0,150.0,55750.0,1,1,0.0,0.0,0.0,0.0,0
6885,全福生技,38000.0,0.0,0.0,38000.0,1,1,0.0,0.0,0.0,0.0,0
6887,寶綠特-KY,0.0,0.0,0.0,0.0,0,1,0.0,0.0,0.0,0.0,0
6890,來億-KY,31000.0,0.0,5271.0,36271.0,1,1,0.0,0.0,0.0,0.0,0
6901,鑽石投資,-110000.0,0.0,0.0,-110000.0,0,1,0.0,0.0,0.0,0.0,0
6902,GOGOLOOK,67000.0,0.0,0.0,67000.0,1,1,0.0,0.0,0.0,0.0,0
6906,現觀科,5000.0,0.0,0.0,5000.0,1,1,0.0,0.0,0.0,0.0,0
6908,宏碁遊戲-創,18000.0,0.0,0.0,18000.0,1,1,0.0,0.0,0.0,0.0,0
6909,創控,99000.0,0.0,0.0,99000.0,1,1,0.0,0.0,0.0,0.0,0
6914,阜爾運通,-4000.0,0.0,0.0,-4000.0,0,1,0.0,0.0,0.0,0.0,0
6916,華凌,-2000.0,0.0,0.0,-2000.0,0,1,0.0,0.0,0.0,0.0,0
6918,愛派司,-11000.0,0.0,0.0,-11000.0,0,1,0.0,0.0,0.0,0.0,0
6919,康霈*,-1843652.0,-1000.0,44219.0,-1800433.0,0,1,0.0,0.0,0.0,0.0,0
6921,嘉雨思-創,19000.0,0.0,0.0,19000.0,1,1,0.0,0.0,0.0,0.0,0
6923,中台,-25000.0,0.0,0.0,-25000.0,0,1,0.0,0.0,0.0,0.0,0
6924,榮惠-KY創,0.0,0.0,0.0,0.0,0,1,0.0,0.0,0.0,0.0,0
6928,攸泰科技,5000.0,0.0,0.0,5000.0,1,1,0.0,0.0,0.0,0.0,0
6931,青松健康,-12000.0,0.0,0.0,-12000.0,0,1,0.0,0.0,0.0,0.0,0
6933,AMAX-KY,14000.0,0.0,2886.0,16886.0,1,1,0.0,0.0,0.0,0.0,0
6934,心誠鎂,41000.0,0.0,0.0,41000.0,1,1,0.0,0.0,0.0,0.0,0
6936,永鴻生技,-3000.0,0.0,0.0,-3000.0,0,1,0.0,0.0,0.0,0.0,0
6937,天虹,292050.0,0.0,13857.0,305907.0,1,1,0.0,0.0,0.0,0.0,0
6944,兆聯實業,-112265.0,5173.0,22983.0,-84109.0,0,1,0.0,0.0,0.0,0.0,0
6949,沛爾生醫-創,-25768.0,0.0,0.0,-25768.0,0,1,0.0,0.0,0.0,0.0,0
6951,青新-創,5000.0,0.0,3000.0,8000.0,1,1,0.0,0.0,0.0,0.0,0
6952,大武山,-2000.0,0.0,0.0,-2000.0,0,1,0.0,0.0,0.0,0.0,0
6955,邦睿生技-創,-2000.0,0.0,7000.0,5000.0,1,1,0.0,0.0,0.0,0.0,0
6957,裕慶-KY,4000.0,0.0,0.0,4000.0,1,1,0.0,0.0,0.0,0.0,0
6958,日盛台駿,-32000.0,0.0,0.0,-32000.0,0,1,0.0,0.0,0.0,0.0,0
6962,奕力-KY,-218000.0,0.0,7349.0,-210651.0,0,1,0.0,0.0,0.0,0.0,0
6965,中傑-KY,-7000.0,0.0,0.0,-7000.0,0,1,0.0,0.0,0.0,0.0,0
6969,成信實業*-創,1000.0,0.0,3000.0,4000.0,1,1,0.0,0.0,0.0,0.0,0
6988,威力暘-創,0.0,0.0,6000.0,6000.0,1,1,0.0,0.0,0.0,0.0,0
6994,富威電力,0.0,0.0,70.0,70.0,1,1,0.0,0.0,0.0,0.0,0
7610,聯友金屬-創,47000.0,0.0,0.0,47000.0,1,1,0.0,0.0,0.0,0.0,0
7631,聚賢研發-創,4000.0,0.0,0.0,4000.0,1,1,0.0,0.0,0.0,0.0,0
7705,三商餐飲,-28000.0,0.0,0.0,-28000.0,0,1,0.0,0.0,0.0,0.0,0
7711,永擎,-38917.0,0.0,0.0,-38917.0,0,1,0.0,0.0,0.0,0.0,0
7721,微程式,39160.0,0.0,0.0,39160.0,1,1,0.0,0.0,0.0,0.0,0
7722,LINEPAY,19480.0,0.0,1050.0,20530.0,1,1,0.0,0.0,0.0,0.0,0
7730,暉盛-創,-12000.0,0.0,1000.0,-11000.0,0,1,0.0,0.0,0.0,0.0,0
7732,金興精密,1000.0,0.0,0.0,1000.0,1,1,0.0,0.0,0.0,0.0,0
7736,虎山,6000.0,0.0,0.0,6000.0,1,1,0.0,0.0,0.0,0.0,0
7740,熙特爾-創,-22000.0,0.0,6000.0,-16000.0,0,1,0.0,0.0,0.0,0.0,0
7749,意騰-KY,49000.0,0.0,3783.0,52783.0,1,1,0.0,0.0,0.0,0.0,0
7750,新代,-159967.0,54000.0,5406.0,-100561.0,0,1,0.0,0.0,0.0,0.0,0
7760,享溫馨,-3000.0,0.0,0.0,-3000.0,0,1,0.0,0.0,0.0,0.0,0
7765,中華資安,8000.0,-1898.0,0.0,6102.0,1,1,0.0,0.0,0.0,0.0,0
7769,鴻勁,24376.0,-63000.0,20073.0,-18551.0,0,1,0.0,0.0,0.0,0.0,0
7780,大研生醫*,-138000.0,0.0,10713.0,-127287.0,0,1,0.0,0.0,0.0,0.0,0
7786,東方風能,84356.0,0.0,0.0,84356.0,1,1,0.0,0.0,0.0,0.0,0
7788,松川精密,-73000.0,0.0,4272.0,-68728.0,0,1,0.0,0.0,0.0,0.0,0
7791,皇家可口,-2000.0,0.0,0.0,-2000.0,0,1,0.0,0.0,0.0,0.0,0
7795,長廣,-88000.0,0.0,0.0,-88000.0,0,1,0.0,0.0,0.0,0.0,0
7799,禾榮科,-11950.0,0.0,1037.0,-10913.0,0,1,0.0,0.0,0.0,0.0,0
7821,神數,27000.0,0.0,0.0,27000.0,1,1,0.0,0.0,0.0,0.0,0
7822,倍利科,-4977.0,0.0,0.0,-4977.0,0,1,0.0,0.0,0.0,0.0,0
7823,奧義賽博-KY創,0.0,0.0,0.0,0.0,0,1,0.0,0.0,0.0,0.0,0
8011,台通,-226000.0,0.0,0.0,-226000.0,0,1,0.0,0.0,0.0,0.0,0
8016,矽創,525000.0,-182641.0,16000.0,358359.0,1,1,0.0,0.0,0.0,0.0,0
8021,尖點,549908.0,-425000.0,0.0,124908.0,1,1,0.0,0.0,0.0,0.0,0
8028,昇陽半導體,726071.0,350000.0,292795.0,1368866.0,1,1,0.0,0.0,0.0,0.0,0
8033,雷虎,49610.0,0.0,0.0,49610.0,1,1,0.0,0.0,0.0,0.0,0
8039,台虹,-308792.0,-2000.0,137339.0,-173453.0,0,1,0.0,0.0,0.0,0.0,0
8045,達運光電,-13000.0,0.0,1010.0,-11990.0,0,1,0.0,0.0,0.0,0.0,0
8046,南電,1765743.0,700000.0,346719.0,2812462.0,1,1,0.0,0.0,0.0,0.0,0
8070,長華*,653000.0,388058.0,3030.0,1044088.0,1,1,0.0,0.0,0.0,0.0,0
8072,陞泰,-12000.0,0.0,0.0,-12000.0,0,1,0.0,0.0,0.0,0.0,0
8081,致新,166606.0,-14000.0,73.0,152679.0,1,1,0.0,0.0,0.0,0.0,0
8103,瀚荃,-454400.0,0.0,61234.0,-393166.0,0,1,0.0,0.0,0.0,0.0,0
8104,錸寶,-25000.0,0.0,0.0,-25000.0,0,1,0.0,0.0,0.0,0.0,0
8105,凌巨,-89000.0,0.0,0.0,-89000.0,0,1,0.0,0.0,0.0,0.0,0
8110,華東,-905000.0,0.0,79732.0,-825268.0,0,1,0.0,0.0,0.0,0.0,0
8112,至上,-6235124.0,-362428.0,541036.0,-6056516.0,0,1,0.0,0.0,0.0,0.0,0
8114,振樺電,-101482.0,99000.0,2412.0,-70.0,0,1,0.0,0.0,0.0,0.0,0
8131,福懋科,-2984000.0,0.0,107271.0,-2876729.0,0,1,0.0,0.0,0.0,0.0,0
8150,南茂,8821080.0,0.0,98632.0,8919712.0,1,1,0.0,0.0,0.0,0.0,0
8162,微矽電子-創,-99000.0,0.0,14001.0,-84999.0,0,1,0.0,0.0,0.0,0.0,0
8163,達方,86000.0,-280000.0,0.0,-194000.0,0,1,0.0,0.0,0.0,0.0,0
8201,無敵,0.0,0.0,0.0,0.0,0,1,0.0,0.0,0.0,0.0,0
8210,勤誠,-486971.0,-2000.0,24687.0,-464284.0,0,1,0.0,0.0,0.0,0.0,0
8213,志超,40000.0,0.0,0.0,40000.0,1,1,0.0,0.0,0.0,0.0,0
8215,明基材,159000.0,-4000.0,0.0,155000.0,1,1,0.0,0.0,0.0,0.0,0
8222,寶一,18000.0,0.0,0.0,18000.0,1,1,0.0,0.0,0.0,0.0,0
8249,菱光,-57000.0,0.0,3582.0,-53418.0,0,1,0.0,0.0,0.0,0.0,0
8261,富鼎,264000.0,0.0,72110.0,336110.0,1,1,0.0,0.0,0.0,0.0,0
8271,宇瞻,393000.0,0.0,2000.0,395000.0,1,1,0.0,0.0,0.0,0.0,0
8341,日友,-9000.0,0.0,0.0,-9000.0,0,1,0.0,0.0,0.0,0.0,0
8367,建新國際,0.0,0.0,0.0,0.0,0,1,0.0,0.0,0.0,0.0,0
8374,羅昇,80000.0,0.0,6900.0,86900.0,1,1,0.0,0.0,0.0,0.0,0
8404,百和興業-KY,-89000.0,0.0,0.0,-89000.0,0,1,0.0,0.0,0.0,0.0,0
8411,福貞-KY,-11000.0,0.0,0.0,-11000.0,0,1,0.0,0.0,0.0,0.0,0
8422,可寧衛*,-25000.0,-108000.0,57758.0,-75242.0,0,1,0.0,0.0,0.0,0.0,0
8429,金麗-KY,-71000.0,0.0,0.0,-71000.0,0,1,0.0,0.0,0.0,0.0,0
8438,昶昕,-17000.0,0.0,0.0,-17000.0,0,1,0.0,0.0,0.0,0.0,0
8442,威宏-KY,-6000.0,0.0,0.0,-6000.0,0,1,0.0,0.0,0.0,0.0,0
8443,阿瘦,-5980.0,0.0,0.0,-5980.0,0,1,0.0,0.0,0.0,0.0,0
8454,富邦媒,-49127.0,50000.0,0.0,873.0,1,1,0.0,0.0,0.0,0.0,0
8462,柏文,-4000.0,0.0,0.0,-4000.0,0,1,0.0,0.0,0.0,0.0,0
8463,潤泰材,-7000.0,0.0,0.0,-7000.0,0,1,0.0,0.0,0.0,0.0,0
8464,億豐,81039.0,-6812.0,258.0,74485.0,1,1,0.0,0.0,0.0,0.0,0
8466,美吉吉-KY,-2000.0,0.0,0.0,-2000.0,0,1,0.0,0.0,0.0,0.0,0
8467,波力-KY,-3000.0,0.0,0.0,-3000.0,0,1,0.0,0.0,0.0,0.0,0
8473,山林水,-173000.0,0.0,0.0,-173000.0,0,1,0.0,0.0,0.0,0.0,0
8476,台境*,-134000.0,0.0,0.0,-134000.0,0,1,0.0,0.0,0.0,0.0,0
8478,東哥遊艇,-21000.0,0.0,240.0,-20760.0,0,1,0.0,0.0,0.0,0.0,0
8481,政伸,1000.0,0.0,0.0,1000.0,1,1,0.0,0.0,0.0,0.0,0
8482,商億-KY,-2000.0,0.0,0.0,-2000.0,0,1,0.0,0.0,0.0,0.0,0
8487,愛爾達-創,4000.0,0.0,9000.0,13000.0,1,1,0.0,0.0,0.0,0.0,0
8488,吉源-KY,-2000.0,0.0,0.0,-2000.0,0,1,0.0,0.0,0.0,0.0,0
8499,鼎炫-KY,-12000.0,0.0,1685.0,-10315.0,0,1,0.0,0.0,0.0,0.0,0
8926,台汽電,-794000.0,0.0,4000.0,-790000.0,0,1,0.0,0.0,0.0,0.0,0
8940,新天地,-1000.0,0.0,0.0,-1000.0,0,1,0.0,0.0,0.0,0.0,0
8996,高力,162536.0,538000.0,1000.0,701536.0,1,1,0.0,0.0,0.0,0.0,0
9103,美德醫療-DR,27000.0,0.0,0.0,27000.0,1,1,0.0,0.0,0.0,0.0,0
9105,泰金寶-DR,-2675000.0,0.0,200663.0,-2474337.0,0,1,0.0,0.0,0.0,0.0,0
9802,鈺齊-KY,-56165.0,129000.0,0.0,72835.0,1,1,0.0,0.0,0.0,0.0,0
9902,台火,-59000.0,0.0,0.0,-59000.0,0,1,0.0,0.0,0.0,0.0,0
9904,寶成,-4185000.0,-1989483.0,112000.0,-6062483.0,0,1,0.0,0.0,0.0,0.0,0
9905,大華,-27000.0,0.0,0.0,-27000.0,0,1,0.0,0.0,0.0,0.0,0
9906,欣巴巴,10000.0,0.0,0.0,10000.0,1,1,0.0,0.0,0.0,0.0,0
9907,統一實,-2048000.0,334257.0,0.0,-1713743.0,0,1,0.0,0.0,0.0,0.0,0
9908,大台北,-49000.0,0.0,0.0,-49000.0,0,1,0.0,0.0,0.0,0.0,0
9910,豐泰,-349070.0,101727.0,10000.0,-237343.0,0,1,0.0,0.0,0.0,0.0,0
9911,櫻花,91000.0,-35000.0,3000.0,59000.0,1,1,0.0,0.0,0.0,0.0,0
9912,偉聯,-6250.0,0.0,0.0,-6250.0,0,1,0.0,0.0,0.0,0.0,0
9914,美利達,-247135.0,0.0,5122.0,-242013.0,0,1,0.0,0.0,0.0,0.0,0
9917,中保科,-215458.0,0.0,2000.0,-213458.0,0,1,0.0,0.0,0.0,0.0,0
9918,欣天然,-5000.0,0.0,0.0,-5000.0,0,1,0.0,0.0,0.0,0.0,0
9919,康那香,-69000.0,0.0,0.0,-69000.0,0,1,0.0,0.0,0.0,0.0,0
9921,巨大,764035.0,-1000.0,17118.0,780153.0,1,1,0.0,0.0,0.0,0.0,0
9924,福興,-26000.0,-1767.0,0.0,-27767.0,0,1,0.0,0.0,0.0,0.0,0
9925,新保,-114000.0,0.0,0.0,-114000.0,0,1,0.0,0.0,0.0,0.0,0
9926,新海,-7000.0,0.0,0.0,-7000.0,0,1,0.0,0.0,0.0,0.0,0
9927,泰銘,-70000.0,0.0,0.0,-70000.0,0,1,0.0,0.0,0.0,0.0,0
9928,中視,0.0,0.0,0.0,0.0,0,1,0.0,0.0,0.0,0.0,0
9929,秋雨,-2000.0,0.0,0.0,-2000.0,0,1,0.0,0.0,0.0,0.0,0
9930,中聯資源,-11000.0,0.0,3496.0,-7504.0,0,1,0.0,0.0,0.0,0.0,0
9931,欣高,-19000.0,0.0,0.0,-19000.0,0,1,0.0,0.0,0.0,0.0,0
9933,中鼎,337000.0,-5000.0,0.0,332000.0,1,1,0.0,0.0,0.0,0.0,0
9934,成霖,-373000.0,0.0,0.0,-373000.0,0,1,0.0,0.0,0.0,0.0,0
9935,慶豐富,-90000.0,0.0,0.0,-90000.0,0,1,0.0,0.0,0.0,0.0,0
9937,全國,-7000.0,0.0,0.0,-7000.0,0,1,0.0,0.0,0.0,0.0,0
9938,百和,-961447.0,641478.0,0.0,-319969.0,0,1,0.0,0.0,0.0,0.0,0
9939,宏全,-192000.0,39762.0,1000.0,-151238.0,0,1,0.0,0.0,0.0,0.0,0
9940,信義,95000.0,0.0,0.0,95000.0,1,1,0.0,0.0,0.0,0.0,0
9941,裕融,-917000.0,351490.0,3899.0,-561611.0,0,1,0.0,0.0,0.0,0.0,0
9942,茂順,-1900.0,0.0,0.0,-1900.0,0,1,0.0,0.0,0.0,0.0,0
9943,好樂迪,-5000.0,0.0,0.0,-5000.0,0,1,0.0,0.0,0.0,0.0,0
9944,新麗,-6000.0,0.0,0.0,-6000.0,0,1,0.0,0.0,0.0,0.0,0
9945,潤泰新,-2223283.0,0.0,26998.0,-2196285.0,0,1,0.0,0.0,0.0,0.0,0
9946,三發地產,-162000.0,0.0,0.0,-162000.0,0,1,0.0,0.0,0.0,0.0,0
9955,佳龍,-1000.0,0.0,0.0,-1000.0,0,1,0.0,0.0,0.0,0.0,0
9958,世紀鋼,-269000.0,0.0,7208.0,-261792.0,0,1,0.0,0.0,0.0,0.0,0
