date,stock_id,close,volume,open,high,low,ret1,mom3,mom5,mom10,mom20,mom60,ma5,ma10,ma20,ma60,vol20,vol_ma5,vol_ma20,volume_ratio,vol_dry_ratio,high_20,low_20,high_60,low_60,range_20,ma_max,ma_min,ma_converge_pct,ma20_slope,kd_k,kd_d,kd_cross,macd_diff,macd_signal,macd_hist,macd_cross,obv_proxy,obv_mom5,obv_up_count_3,low_non_down_count_3,obv_up_count_5,low_non_down_count_5,obv_up_count_10,low_non_down_count_10,price_tier,core_momentum_score,core_trend_score,core_volume_score,core_quality_score,core_raw_score,core_penalty,entry_score,strategy_type,action,action_label,action_sub,note
2026-10-02,1708,56.2,11141339,56.2,56.2,56.2,0.04850746268656714,0.08076923076923093,0.12175648702594821,0.13995943204868166,0.11067193675889331,0.0,53.58,52.05,50.792500000000004,50.78333333333334,0.02124787626415413,6919218.4,3228295.5,3.4511521637347005,2.143303919978824,56.2,47.95,56.2,47.95,0.14679715302229898,53.58,50.792500000000004,0.049599644127231224,0.0,93.86233388957623,85.62230262628265,0,0.9465270670432915,0.3069455494557103,0.6395815175875812,0,17535328,-40.33716490566884,2.0,2.0,3.0,3.0,4.0,5.0,50-100,29.0,20.0,20.0,20.0,89.0,0.0,89.0,CORE,BUY,買進,強勢主攻,20日強勢｜接近60日高｜中期多頭｜量能放大｜避開低價
2026-10-02,1727,123.0,35901281,123.0,123.0,123.0,0.09821428571428581,0.03797468354430378,0.05579399141630903,0.2866108786610879,0.30573248407643305,0.0,115.6,111.45,101.25,100.91428571428571,0.0499002535673072,32408235.6,13097936.05,2.74098765354714,2.474300949117857,123.0,88.2,123.0,88.2,0.28292682926599244,115.6,101.25,0.11666666666571811,0.0,83.03261208758137,82.00067916131681,1,6.248757808759919,4.124875065782172,2.123882742977747,0,64625655,0.11008530058065502,2.0,2.0,3.0,3.0,7.0,7.0,100-300,29.0,20.0,20.0,20.0,89.0,0.0,89.0,CORE,BUY,買進,強勢主攻,20日強勢｜接近60日高｜中期多頭｜量能放大｜避開低價
2026-10-02,2327,626.0,106667349,626.0,626.0,626.0,0.039867109634551534,0.14233576642335777,0.0924956369982548,0.16791044776119413,0.1592592592592592,0.0,580.8,568.4,560.6,559.6190476190476,0.042925376161656925,56581006.4,41151127.5,2.5920881268684557,1.3749564067229991,626.0,511.0,626.0,511.0,0.18370607028724648,580.8,560.6,0.0322683706069771,0.0,81.05631836256805,70.82394527490172,0,11.850959391328615,5.953233152559905,5.89772623876871,0,293894115,1.4837401765432907,2.0,3.0,3.0,4.0,7.0,8.0,500-1000,29.0,20.0,20.0,20.0,89.0,0.0,89.0,CORE,BUY,買進,強勢主攻,20日強勢｜接近60日高｜中期多頭｜量能放大｜避開低價
2026-10-02,2342,51.3,15524775,51.3,51.3,51.3,0.03951367781155013,0.0239520958083832,0.10679611650485432,0.2651048088779284,0.2889447236180904,0.0,49.85,45.94,42.5925,42.45952380952381,0.0348935133478086,21614164.8,7860301.75,1.9750863890180803,2.749788174480706,51.3,37.7,51.3,37.7,0.26510721247046565,49.85,42.5925,0.14147173489002982,0.0,96.96708070394325,94.02687907858312,0,2.7476874334945833,1.5701695174860641,1.1775179160085192,0,112750001,4.752603607961522,2.0,2.0,4.0,4.0,7.0,7.0,50-100,29.0,20.0,20.0,20.0,89.0,0.0,89.0,CORE,BUY,買進,強勢主攻,20日強勢｜接近60日高｜中期多頭｜量能放大｜避開低價
2026-10-02,2363,62.4,15579464,62.4,62.4,62.4,0.02970297029702973,0.054054054054053946,0.054054054054053946,0.19999999999999996,0.22352941176470575,0.0,60.0,58.510000000000005,55.010000000000005,54.81904761904762,0.028582322976528136,8856073.8,9704155.35,1.6054425592022286,0.912606350639265,62.4,50.1,62.4,50.1,0.1971153846122257,60.0,55.010000000000005,0.0799679487166671,0.0,94.43210374181002,90.2938754871401,0,2.554062518323555,1.7799901243217384,0.7740723940018164,0,80790063,0.22895794122521984,2.0,2.0,3.0,3.0,7.0,7.0,50-100,29.0,20.0,20.0,20.0,89.0,0.0,89.0,CORE,BUY,買進,強勢主攻,20日強勢｜接近60日高｜中期多頭｜量能放大｜避開低價
2026-10-02,2399,51.2,8735540,51.2,51.2,51.2,-0.0019493177387913674,0.04065040650406493,0.08704883227176219,0.08245243128964064,0.11062906724511934,0.0,49.589999999999996,48.94500000000001,47.4225,47.35952380952381,0.02794266313785347,8623200.2,6714408.05,1.3010141675854805,1.2842830128562113,51.3,44.4,51.3,44.4,0.13476562499736783,49.589999999999996,47.4225,0.04233398437417311,0.0,87.83704878765158,79.2086001847693,0,1.0578881685067714,0.6329252255772986,0.4249629429294728,0,36998725,0.860453018824813,1.0,1.0,3.0,3.0,5.0,5.0,50-100,29.0,20.0,20.0,20.0,89.0,0.0,89.0,CORE,BUY,買進,強勢主攻,20日強勢｜接近60日高｜中期多頭｜量能放大｜避開低價
2026-10-02,2466,141.0,2480183,141.0,141.0,141.0,0.09727626459143979,0.24229074889867852,0.24229074889867852,0.35576923076923084,0.35576923076923084,0.0,125.4,117.45,109.275,109.02380952380952,0.0468659336533145,3118597.0,1803659.55,1.3750837845201989,1.7290386093096108,141.0,94.7,141.0,94.7,0.3283687943239123,125.4,109.275,0.11436170212684851,0.0,95.09416385735639,90.7592942442557,0,6.729304942897016,3.367501505751518,3.3618034371454986,0,13007743,6.024248933759721,3.0,3.0,4.0,4.0,7.0,7.0,100-300,29.0,20.0,20.0,20.0,89.0,0.0,89.0,CORE,BUY,買進,強勢主攻,20日強勢｜接近60日高｜中期多頭｜量能放大｜避開低價
2026-10-02,2492,361.5,55788034,361.5,361.5,361.5,0.09878419452887544,0.19701986754966883,0.18137254901960786,0.1756097560975609,0.2337883959044369,0.0,320.7,313.55,311.25,310.3809523809524,0.052009092974439765,34480862.0,29362860.9,1.899952262485431,1.174301854217482,361.5,271.5,361.5,271.5,0.24896265560097106,320.7,311.25,0.02614107883810193,0.0,73.8732326506336,59.14971839905549,0,7.631037072608933,4.195396680054182,3.4356403925547507,0,51123044,-3.2636753806485346,2.0,2.0,3.0,3.0,5.0,5.0,300-500,29.0,20.0,20.0,20.0,89.0,0.0,89.0,CORE,BUY,買進,強勢主攻,20日強勢｜接近60日高｜中期多頭｜量能放大｜避開低價
2026-10-02,3042,230.5,43452288,230.5,230.5,230.5,0.05491990846681927,0.10551558752997603,0.16414141414141414,0.24258760107816713,0.28055555555555545,0.0,214.1,199.85,189.0,188.57142857142858,0.033261574623371135,36237599.6,17576709.85,2.4721514077903493,2.0616827557177886,230.5,172.0,230.5,172.0,0.2537960954435844,214.1,189.0,0.10889370932707636,0.0,97.88051598197274,92.9786143113466,0,9.918768427106045,5.060522700075025,4.8582457270310195,0,218818829,4.8148816591374235,3.0,3.0,5.0,5.0,7.0,8.0,100-300,29.0,20.0,20.0,20.0,89.0,0.0,89.0,CORE,BUY,買進,強勢主攻,20日強勢｜接近60日高｜中期多頭｜量能放大｜避開低價
2026-10-02,3149,77.3,24846956,77.3,77.3,77.3,0.04037685060565277,0.1485884101040118,0.22310126582278467,0.26101141924959226,0.21924290220820186,0.0,71.24,67.44,64.16499999999999,64.12857142857143,0.035174445767992016,18551503.2,8658397.8,2.869694437000803,2.1426023184104563,77.3,59.4,77.3,59.4,0.23156532988057482,71.24,64.16499999999999,0.09152652005056243,0.0,94.78112048701354,87.46543524551413,0,2.661366917191202,1.0022742267052651,1.659092690485937,0,99308538,14.159243550090352,3.0,3.0,5.0,5.0,8.0,8.0,50-100,29.0,20.0,20.0,20.0,89.0,0.0,89.0,CORE,BUY,買進,強勢主攻,20日強勢｜接近60日高｜中期多頭｜量能放大｜避開低價
2026-10-02,3714,70.8,23714073,70.8,70.8,70.8,0.029069767441860517,0.0396475770925111,0.04888888888888876,0.10108864696734066,0.14193548387096766,0.0,69.03999999999999,68.33,65.85,65.66666666666667,0.030835641091974186,14334004.0,18110707.25,1.3093951921728513,0.7914657225769027,70.8,60.1,70.8,60.1,0.1511299435006902,69.03999999999999,65.85,0.04505649717450482,0.0,90.41194657560507,85.93837596138769,0,1.870419214062764,1.3809356904157934,0.48948352364697056,0,121675795,0.7157892715158181,2.0,2.0,4.0,4.0,8.0,8.0,50-100,29.0,20.0,20.0,20.0,89.0,0.0,89.0,CORE,BUY,買進,強勢主攻,20日強勢｜接近60日高｜中期多頭｜量能放大｜避開低價
2026-10-02,5434,583.0,1079002,583.0,583.0,583.0,0.02821869488536155,0.07962962962962972,0.07564575645756455,0.08566108007448792,0.08971962616822426,0.0,557.4,547.0,540.5,540.2380952380952,0.014915932963900775,699471.8,598866.4,1.8017407555341192,1.1679930615576342,583.0,527.0,583.0,527.0,0.09605488850755393,557.4,540.5,0.028987993138886774,0.0,95.14386781753916,87.81316536190761,0,7.326040814737894,2.8058228350542955,4.520217979683599,0,2651574,14.711169046631511,3.0,3.0,3.0,4.0,5.0,6.0,500-1000,29.0,20.0,20.0,20.0,89.0,0.0,89.0,CORE,BUY,買進,強勢主攻,接近60日高｜中期多頭｜量能放大｜避開低價
2026-10-02,6213,683.0,24367397,683.0,683.0,683.0,0.06386292834890961,0.1016129032258064,0.26247689463955637,0.2418181818181817,0.27425373134328357,0.0,632.6,578.9,548.8,548.1904761904761,0.04362772968481106,21348888.8,17700841.25,1.3766236675333157,1.2060945860412142,683.0,495.0,683.0,495.0,0.2752562225471812,632.6,548.8,0.12269399707156277,0.0,95.94810852626702,87.20888978041202,0,28.739683823701625,11.938670986100025,16.8010128376016,0,125235525,5.772753036991185,3.0,3.0,5.0,5.0,8.0,8.0,500-1000,29.0,20.0,20.0,20.0,89.0,0.0,89.0,CORE,BUY,買進,強勢主攻,20日強勢｜接近60日高｜中期多頭｜量能放大｜避開低價
2026-10-02,6225,68.3,976855,68.3,68.3,68.3,0.020926756352765086,0.23285198555956677,0.4783549783549783,0.13079470198675502,0.1775862068965517,0.0,60.379999999999995,57.65,61.375,61.214285714285715,0.07092824272333895,997523.6,358843.95,2.7222278653436884,2.7798256038592744,74.9,46.2,74.9,46.2,0.42020497803191503,61.375,57.65,0.054538799413549964,0.0,77.68524256990585,53.69282671707328,0,0.2711056581460767,-0.32510349811639494,0.5962091562624716,1,4441769,-9.137358500244574,3.0,3.0,5.0,5.0,5.0,5.0,50-100,29.0,20.0,20.0,20.0,89.0,0.0,89.0,CORE,BUY,買進,強勢主攻,20日強勢｜接近60日高｜中期多頭｜量能放大｜避開低價
2026-10-02,6239,308.0,30835497,308.0,308.0,308.0,0.052991452991453025,0.09608540925266906,0.07504363001745196,0.12204007285974505,0.1079136690647482,0.0,291.6,288.75,282.3,282.0952380952381,0.02217646490701701,12944034.0,12859440.6,2.39788789879398,1.006578311034774,308.0,268.0,308.0,268.0,0.12987012986970822,291.6,282.3,0.030194805194707196,0.0,88.49241459181295,79.36601698050772,0,4.660869879212214,2.3338475774152627,2.3270223017969514,0,69487753,2.7891614372930214,3.0,3.0,4.0,4.0,6.0,7.0,300-500,29.0,20.0,20.0,20.0,89.0,0.0,89.0,CORE,BUY,買進,強勢主攻,20日強勢｜接近60日高｜中期多頭｜量能放大｜避開低價
2026-10-02,6456,92.9,20444355,92.9,92.9,92.9,0.056882821387940874,0.03914988814317666,0.18193384223918585,0.43364197530864224,0.3252496433666192,0.0,88.7,79.80999999999999,72.73,72.6047619047619,0.043933548643687474,27456420.2,11400344.45,1.793310288971137,2.4083851431348635,92.9,61.6,92.9,61.6,0.33692142087904287,88.7,72.73,0.17190527448684706,0.0,94.24336383594067,88.3813817770291,0,5.466075127679858,2.5463039057636303,2.9197712219162275,0,153552755,1.7095138314185032,2.0,2.0,4.0,4.0,9.0,9.0,50-100,29.0,20.0,20.0,20.0,89.0,0.0,89.0,CORE,BUY,買進,強勢主攻,20日強勢｜接近60日高｜中期多頭｜量能放大｜避開低價
2026-10-02,6505,100.0,35503078,100.0,100.0,100.0,0.06157112526539277,0.0604453870625663,0.14547537227949592,0.2422360248447204,0.27064803049555275,0.0,94.6,90.86999999999999,86.30499999999999,85.94285714285714,0.038752015216001204,30427909.4,27164969.95,1.3069433931032197,1.1201157025391812,100.0,76.5,100.0,76.5,0.23499999999764998,94.6,86.30499999999999,0.08294999999917052,0.0,90.50217827195065,87.60364831524939,1,4.228571441284359,2.839468119143972,1.3891033221403868,0,59607381,-4.660497547401873,2.0,2.0,3.0,3.0,7.0,7.0,100-300,29.0,20.0,20.0,20.0,89.0,0.0,89.0,CORE,BUY,買進,強勢主攻,20日強勢｜接近60日高｜中期多頭｜量能放大｜避開低價
2026-10-02,6533,352.0,7574941,352.0,352.0,352.0,-0.0395634379263301,0.15980230642504112,0.40239043824701204,0.537117903930131,0.3358633776091082,0.0,326.3,292.25,269.05,268.7857142857143,0.05590743725288521,10360587.4,3865005.65,1.9598783768918937,2.6806137786629103,366.5,224.5,366.5,224.5,0.40340909090794486,326.3,269.05,0.1626420454540834,0.0,90.82471085486631,83.9544697557501,0,19.57135341421207,6.617035390282309,12.95431802392976,0,30100429,-5.593643678122328,2.0,2.0,4.0,4.0,6.0,6.0,300-500,29.0,20.0,20.0,20.0,89.0,0.0,89.0,CORE,BUY,買進,強勢主攻,20日強勢｜接近60日高｜中期多頭｜量能放大｜避開低價
2026-10-02,6691,741.0,1319885,741.0,741.0,741.0,0.01091405184174632,0.1330275229357798,0.1470588235294117,0.19902912621359214,0.22075782537067545,0.0,702.8,668.7,641.85,640.1904761904761,0.02999609799096092,1461284.6,751922.55,1.755347010140869,1.94339776084651,741.0,603.0,741.0,603.0,0.18623481781351386,702.8,641.85,0.08225371120096853,0.0,93.9042794163052,85.37745121918512,0,27.0023865163314,14.493146523037845,12.509239993293553,0,8368155,1.8778778245187349,3.0,3.0,4.0,4.0,7.0,7.0,500-1000,29.0,20.0,20.0,20.0,89.0,0.0,89.0,CORE,BUY,買進,強勢主攻,20日強勢｜接近60日高｜中期多頭｜量能放大｜避開低價
2026-10-02,6770,76.5,178851877,76.5,76.5,76.5,0.02684563758389258,0.05809128630705396,0.04651162790697683,0.09442060085836901,0.08664772727272729,0.0,74.12,73.34,71.955,71.88095238095238,0.03016143859324146,113513938.4,126059161.55,1.4187931666439042,0.9004814644509271,76.5,66.9,76.5,66.9,0.1254901960767909,74.12,71.955,0.028300653594401377,0.0,88.38844127654895,81.90515887912056,0,1.1074964753477161,0.6363807851929967,0.47111569015471944,0,397574894,0.9232192059302358,2.0,2.0,3.0,3.0,6.0,6.0,50-100,29.0,20.0,20.0,20.0,89.0,0.0,89.0,CORE,BUY,買進,強勢主攻,接近60日高｜中期多頭｜量能放大｜避開低價
2026-10-02,6834,131.0,12078273,131.0,131.0,131.0,0.09623430962343105,0.1644444444444444,0.1541850220264318,0.31000000000000005,0.42082429501084584,0.0,117.6,114.0,106.335,105.66190476190476,0.04997216358811236,6612340.0,6767157.85,1.7848368942657364,0.9771221754491806,131.0,87.2,131.0,87.2,0.33435114503561564,117.6,106.335,0.08599236641155732,0.0,89.58381933313359,84.75770529795713,0,6.8545597482331,4.981364296842038,1.8731954513910622,0,80373597,0.38107803291533693,2.0,2.0,3.0,3.0,7.0,7.0,100-300,29.0,20.0,20.0,20.0,89.0,0.0,89.0,CORE,BUY,買進,強勢主攻,20日強勢｜接近60日高｜中期多頭｜量能放大｜避開低價
2026-10-02,7827,167.0,418961,167.0,167.0,167.0,0.0121212121212122,0.021406727828746197,0.024539877300613577,0.12457912457912457,0.09868421052631571,0.0,164.6,162.3,156.875,156.64285714285714,0.01997377796363623,350973.2,218529.9,1.9171792967461116,1.6060648908913537,167.0,148.5,167.0,148.5,0.11077844311310912,164.6,156.875,0.0462574850296631,0.0,97.66828224110101,91.22393010653022,0,3.6304951358866617,2.440929561578169,1.1895655743084927,0,1212530,1.196664051870787,2.0,3.0,3.0,4.0,6.0,9.0,100-300,29.0,20.0,20.0,20.0,89.0,0.0,89.0,CORE,BUY,買進,強勢主攻,接近60日高｜中期多頭｜量能放大｜避開低價
2026-10-02,8021,553.0,9216082,553.0,553.0,553.0,0.09940357852882697,0.15208333333333335,0.15690376569037667,0.25681818181818183,0.20479302832244017,0.0,500.4,483.3,459.575,459.54761904761904,0.04489789853245046,2647791.8,5888535.65,1.5650889368395007,0.4496519945497824,553.0,413.5,553.0,413.5,0.25226039782956194,500.4,459.575,0.07382459312825708,0.0,98.84442568893114,95.31256749060833,0,15.462068659249326,6.040638551830829,9.421430107418496,0,49886026,0.3337513234973837,3.0,3.0,4.0,5.0,9.0,10.0,500-1000,29.0,20.0,20.0,20.0,89.0,0.0,89.0,CORE,BUY,買進,強勢主攻,20日強勢｜接近60日高｜中期多頭｜量能放大｜避開低價
2026-10-02,8150,127.0,99203568,127.0,127.0,127.0,0.09956709956709964,0.2153110047846889,0.1869158878504673,0.45809414466130893,0.4079822616407982,0.0,114.7,106.97,97.885,97.51904761904763,0.04635152359761392,77509505.6,46435264.6,2.1363842513777773,1.6691948730706703,127.0,84.4,127.0,84.4,0.3354330708635005,114.7,97.885,0.13240157480210704,0.0,95.46043463631743,89.11902194850887,0,7.247711968587339,4.006474862145487,3.2412371064418517,0,604074048,0.8696816453078318,3.0,3.0,4.0,4.0,8.0,8.0,100-300,29.0,20.0,20.0,20.0,89.0,0.0,89.0,CORE,BUY,買進,強勢主攻,20日強勢｜接近60日高｜中期多頭｜量能放大｜避開低價
2026-10-02,8438,84.2,900296,84.2,84.2,84.2,0.040791100123609425,0.05249999999999999,0.07948717948717943,0.23099415204678353,0.1960227272727273,0.0,80.5,76.14000000000001,72.195,72.10952380952381,0.026336174263750466,704236.6,407125.5,2.2113476065733977,1.7297776729779841,84.2,67.0,84.2,67.0,0.20427553443937918,80.5,72.195,0.09863420427436309,0.0,97.57105929275949,92.04857248916967,0,3.0777718971091304,1.5003593199387268,1.5774125771704035,0,3586878,0.7396465201278661,3.0,3.0,4.0,4.0,8.0,8.0,50-100,29.0,20.0,20.0,20.0,89.0,0.0,89.0,CORE,BUY,買進,強勢主攻,20日強勢｜接近60日高｜中期多頭｜量能放大｜避開低價
2026-10-02,3026,835.0,17157777,835.0,835.0,835.0,-0.0199530516431925,0.04899497487437188,0.08723958333333326,0.08160621761658038,0.21720116618075802,0.0,816.8,798.0,768.55,764.6190476190476,0.050993828261493145,12073098.4,10260674.45,1.6721880304856567,1.1766378963519302,852.0,638.0,852.0,638.0,0.2562874251493937,816.8,768.55,0.05778443113765535,0.0,81.8578270213174,79.22380880210821,0,31.435072780824726,25.616048750135448,5.8190240306892775,0,-29972491,-0.09239883760397827,1.0,1.0,2.0,2.0,3.0,3.0,500-1000,29.0,20.0,20.0,17.0,86.0,0.0,86.0,CORE,BUY,買進,強勢主攻,20日強勢｜接近60日高｜中期多頭｜量能放大｜避開低價
2026-10-02,1809,47.55,11390862,47.55,47.55,47.55,0.03934426229508192,0.05666666666666664,0.1527272727272726,0.2747989276139411,0.23506493506493498,0.0,46.3,42.825,40.195,40.114285714285714,0.035120374678461366,14738185.8,5000176.8,2.2780918466723015,2.94753293523541,47.85,36.0,47.85,36.0,0.249211356461636,46.3,40.195,0.12839116718972884,0.0,92.25091470625345,88.9709101974325,0,2.147985466254923,1.1116623418745717,1.0363231243803512,0,19115347,0.13110984980861717,2.0,2.0,3.0,3.0,7.0,8.0,50以下,29.0,20.0,20.0,16.0,85.0,0.0,85.0,CORE,BUY,買進,強勢主攻,20日強勢｜接近60日高｜中期多頭｜量能放大
2026-10-02,2371,31.1,18900562,31.1,31.1,31.1,0.01967213114754096,0.05962521294718903,0.07241379310344831,0.10088495575221246,0.1028368794326242,0.0,30.05,29.759999999999998,28.8325,28.802380952380954,0.01990743297157882,18882464.2,12301125.45,1.536490468032744,1.5350192367967435,31.1,27.45,31.1,27.45,0.11736334404767326,30.05,28.8325,0.039147909966586916,0.0,90.18310430574982,81.5389203714595,0,0.5927080857609006,0.3504260627846822,0.24228202297621843,0,104199441,3.2911161969667493,3.0,3.0,4.0,4.0,6.0,6.0,50以下,29.0,20.0,20.0,16.0,85.0,0.0,85.0,CORE,BUY,買進,強勢主攻,20日強勢｜接近60日高｜中期多頭｜量能放大
2026-10-02,3031,32.8,10999738,32.8,32.8,32.8,0.07540983606557372,0.049599999999999866,0.15901060070671358,0.3525773195876287,0.3306288032454361,0.0,31.159999999999997,29.6,26.807499999999997,26.704761904761902,0.03902194453114952,7061646.8,3357286.9,3.2763771246359665,2.1033790111890642,32.8,23.0,32.8,23.0,0.2987804877957689,31.159999999999997,26.807499999999997,0.13269817072766163,0.0,93.74997065186585,90.09658867976871,0,1.8333659983962534,1.162780164320044,0.6705858340762094,0,28488982,3.6423520830875464,1.0,1.0,3.0,3.0,6.0,6.0,50以下,29.0,20.0,20.0,16.0,85.0,0.0,85.0,CORE,BUY,買進,強勢主攻,20日強勢｜接近60日高｜中期多頭｜量能放大
2026-10-02,3518,44.35,10157623,44.35,44.35,44.35,0.09913258983890949,0.18582887700534778,0.36671802773497686,0.4636963696369638,0.3902821316614422,0.0,39.44,35.55499999999999,32.7375,32.69761904761905,0.04161074212208049,10022712.8,3174150.8,3.200107253883463,3.1576044843238065,44.35,28.95,44.35,28.95,0.3472378804882247,39.44,32.7375,0.1511273957124887,0.0,97.14419051398127,93.47794476201935,0,2.3866602835636357,0.9230056930954307,1.463654590468205,0,10458840,-5.7955344312626496,2.0,2.0,4.0,4.0,8.0,8.0,50以下,29.0,20.0,20.0,16.0,85.0,0.0,85.0,CORE,BUY,買進,強勢主攻,20日強勢｜接近60日高｜中期多頭｜量能放大
