signal_date,trade_date,symbol,day_ret,cum_ret,weight,hold_day_no,__price__,price_tier
2026-04-11,2026-04-11,1101,0.0250034178426576,0.0250034178426576,6.705117618938232e-05,1,,unknown
2026-04-11,2026-04-11,1103,-0.0014565058359091,-0.0014565058359091,8.381397023672789e-05,1,,unknown
2026-04-11,2026-04-11,1104,0.0234481887642341,0.0325546825228284,6.705117618938232e-05,3,,unknown
2026-04-11,2026-04-11,1106,0.0093087398724358,0.0212803069945928,6.705117618938232e-05,2,,unknown
2026-04-11,2026-04-11,1107,-0.007948623466863,0.0145895020188426,4.966753791806096e-05,2,,unknown
2026-04-11,2026-04-11,1109,-0.0327295440349779,-0.0184445712112566,6.705117618938232e-05,3,,unknown
2026-04-11,2026-04-11,1110,-0.0055783212161268,0.0046206030821827,6.705117618938232e-05,2,,unknown
2026-04-11,2026-04-11,1112,-0.0079006451246199,-0.0079006451246199,8.381397023672789e-05,1,,unknown
2026-04-11,2026-04-11,1115,-0.0215827338129497,-0.0215827338129497,6.705117618938232e-05,1,,unknown
2026-04-11,2026-04-11,1116,-0.0011148272017836,-0.0350026925148087,7.450130687709147e-05,2,,unknown
2026-04-11,2026-04-11,1118,0.0146551724137931,0.0124109117719342,6.705117618938232e-05,3,,unknown
2026-04-11,2026-04-11,1119,0.0175673863483976,0.0192075218267295,4.966753791806096e-05,3,,unknown
2026-04-11,2026-04-11,1120,-0.0075502947050513,-0.0075502947050513,8.381397023672789e-05,1,,unknown
2026-04-11,2026-04-11,1121,-0.0121983874326857,-0.0121983874326857,4.966753791806096e-05,1,,unknown
2026-04-11,2026-04-11,1122,0.0069162836802738,0.0613112340607413,8.381397023672789e-05,3,,unknown
2026-04-11,2026-04-11,1123,0.0240117334013529,0.0150964864895926,0.0001043018296279,2,,unknown
2026-04-11,2026-04-11,1124,0.0101010101010101,0.0090281465746151,4.966753791806096e-05,2,,unknown
2026-04-11,2026-04-11,1125,-0.0104688211197087,-0.0104688211197087,6.705117618938232e-05,1,,unknown
2026-04-11,2026-04-11,1127,0.0238538618426886,-0.0067956989247313,6.705117618938232e-05,3,,unknown
2026-04-11,2026-04-11,1128,-0.0021428571428571,0.0317577548005909,8.381397023672789e-05,2,,unknown
2026-04-11,2026-04-11,1129,0.010676785431954,0.0002945535212952,4.966753791806096e-05,2,,unknown
2026-04-11,2026-04-11,1130,-0.0091743119266054,-0.0063837776943296,8.381397023672789e-05,2,,unknown
2026-04-11,2026-04-11,1131,-0.0124052043708962,-0.0133852931209758,6.705117618938232e-05,2,,unknown
2026-04-11,2026-04-11,1133,-0.0129215436319388,-0.0129215436319388,6.705117618938232e-05,1,,unknown
2026-04-11,2026-04-11,1137,0.0242012525209638,0.0377500537750052,8.381397023672789e-05,3,,unknown
2026-04-11,2026-04-11,1138,-0.0056126669029894,0.0016067602951677,8.381397023672789e-05,3,,unknown
2026-04-11,2026-04-11,1139,0.0493674943900575,0.0493674943900575,4.966753791806096e-05,1,,unknown
2026-04-11,2026-04-11,1140,0.0249171602264721,0.0033460192587673,4.966753791806096e-05,2,,unknown
2026-04-11,2026-04-11,1141,0.0075672359136924,0.0857898506804781,0.0001043018296279,3,,unknown
2026-04-11,2026-04-11,1143,-0.0319650194127182,-0.0129146327401314,6.705117618938232e-05,2,,unknown
2026-04-11,2026-04-11,1145,-0.0203971508741636,-0.0151893240750788,6.705117618938232e-05,3,,unknown
2026-04-11,2026-04-11,1146,-0.0283710152188889,-0.0308595702148927,6.705117618938232e-05,2,,unknown
2026-04-11,2026-04-11,1147,-0.028169014084507,0.0048543689320388,6.705117618938232e-05,3,,unknown
2026-04-11,2026-04-11,1148,0.0295028112957231,0.0274905422446407,0.0001043018296279,3,,unknown
2026-04-11,2026-04-11,1149,-0.0204585175285287,-0.0204585175285287,6.705117618938232e-05,1,,unknown
2026-04-11,2026-04-11,1151,-0.0020567667626489,-0.0315369261477045,6.705117618938232e-05,3,,unknown
2026-04-11,2026-04-11,1152,0.0380771881461061,0.0414866032843561,7.450130687709147e-05,2,,unknown
2026-04-11,2026-04-11,1153,-0.0170501572587319,-0.0413109725333494,4.966753791806096e-05,2,,unknown
2026-04-11,2026-04-11,1154,-0.0049659031299178,-0.0049659031299178,6.705117618938232e-05,1,,unknown
2026-04-11,2026-04-11,1155,-0.0092679023869848,-0.0509676183176852,0.0001043018296279,2,,unknown
2026-04-11,2026-04-11,1156,0.0380165289256198,0.0457951706910906,4.966753791806096e-05,3,,unknown
2026-04-11,2026-04-11,1157,0.016072629455279,0.0225365457498645,6.705117618938232e-05,3,,unknown
2026-04-11,2026-04-11,1158,-0.0057055914796499,-0.0057055914796499,6.705117618938232e-05,1,,unknown
2026-04-11,2026-04-11,1159,-0.0025798129635602,-0.0025798129635602,6.705117618938232e-05,1,,unknown
2026-04-11,2026-04-11,1160,-0.0162275503692224,0.0670424206466924,7.450130687709147e-05,3,,unknown
2026-04-11,2026-04-11,1163,0.0140640155189135,0.0734086242299794,0.0001043018296279,3,,unknown
2026-04-11,2026-04-11,1164,0.0491182233834095,0.0544905462184874,0.0001043018296279,3,,unknown
2026-04-11,2026-04-11,1166,0.0055163989258049,0.0024453186163169,6.705117618938232e-05,2,,unknown
2026-04-11,2026-04-11,1167,-0.0369178921568628,-0.0543020457280386,6.705117618938232e-05,3,,unknown
2026-04-11,2026-04-11,1169,-0.0439896873992911,-0.0382557951045551,6.705117618938232e-05,3,,unknown
2026-04-11,2026-04-11,1170,0.0191536657211435,0.025509959038608,6.705117618938232e-05,3,,unknown
2026-04-11,2026-04-11,1171,-0.039755526360884,-0.0242047829115391,6.705117618938232e-05,3,,unknown
2026-04-11,2026-04-11,1172,0.0114300558514093,0.0283940834653988,6.705117618938232e-05,2,,unknown
2026-04-11,2026-04-11,1173,-0.0183094583056635,-0.0183094583056635,0.0001043018296279,1,,unknown
2026-04-11,2026-04-11,1175,-0.0556710556710555,-0.0326549929010884,6.705117618938232e-05,3,,unknown
2026-04-11,2026-04-11,1176,0.0254616981750628,-0.0087672969261646,6.705117618938232e-05,3,,unknown
2026-04-11,2026-04-11,1177,0.0296943705553445,0.0296943705553445,6.705117618938232e-05,1,,unknown
2026-04-11,2026-04-11,1178,-0.0334499011707465,-0.0306495882891125,6.705117618938232e-05,2,,unknown
2026-04-11,2026-04-11,1180,0.0180722891566265,0.0180722891566265,6.705117618938232e-05,1,,unknown
2026-04-11,2026-04-11,1182,-0.0003820804279299,-0.0064559005031803,4.966753791806096e-05,2,,unknown
2026-04-11,2026-04-11,1184,-0.0045751633986927,-0.0045751633986927,6.705117618938232e-05,1,,unknown
2026-04-11,2026-04-11,1185,-0.0519026663215118,-0.0548387096774194,0.0001043018296279,2,,unknown
2026-04-11,2026-04-11,1186,0.0398721083317659,0.0140302613480054,6.705117618938232e-05,3,,unknown
2026-04-11,2026-04-11,1187,-0.0079977984554788,0.0099106986517245,8.381397023672789e-05,2,,unknown
2026-04-11,2026-04-11,1189,-0.0039753528125621,-0.0039753528125621,6.705117618938232e-05,1,,unknown
2026-04-11,2026-04-11,1190,-0.0242214532871972,0.0021537798836959,8.381397023672789e-05,2,,unknown
2026-04-11,2026-04-11,1191,-0.0320688045869724,-0.0113048215745027,6.705117618938232e-05,2,,unknown
2026-04-11,2026-04-11,1192,-0.0192598706837252,-0.038700107874865,0.0001043018296279,3,,unknown
2026-04-11,2026-04-11,1193,0.0112744556206476,0.0346621430590896,6.705117618938232e-05,3,,unknown
2026-04-11,2026-04-11,1195,0.0187432739447568,0.0293282590310501,0.0001043018296279,3,,unknown
2026-04-11,2026-04-11,1196,-0.033509700176367,-0.033509700176367,6.705117618938232e-05,1,,unknown
2026-04-11,2026-04-11,1198,-0.0270461114030479,-0.0270461114030479,6.705117618938232e-05,1,,unknown
2026-04-11,2026-04-11,1202,-0.0609801720912831,-0.0609801720912831,4.966753791806096e-05,1,,unknown
2026-04-11,2026-04-11,1203,-0.0325534079348932,0.0176565008025679,0.0001043018296279,2,,unknown
2026-04-11,2026-04-11,1205,0.0035358219336887,0.0035358219336887,8.381397023672789e-05,1,,unknown
2026-04-11,2026-04-11,1207,0.0071281699794378,0.0130998345284059,4.966753791806096e-05,2,,unknown
2026-04-11,2026-04-11,1208,0.0014380729822038,0.0014380729822038,6.705117618938232e-05,1,,unknown
2026-04-11,2026-04-11,1209,-0.018443926224295,-0.018443926224295,0.0001043018296279,1,,unknown
2026-04-11,2026-04-11,1210,0.0666666666666666,0.0666666666666666,4.966753791806096e-05,1,,unknown
2026-04-11,2026-04-11,1212,-0.0092977734279422,0.0029725043349022,0.0001043018296279,3,,unknown
2026-04-11,2026-04-11,1213,0.0002636899006767,-0.0054186331061004,7.450130687709147e-05,3,,unknown
2026-04-11,2026-04-11,1214,0.0310746655157529,0.0310746655157529,4.966753791806096e-05,1,,unknown
2026-04-11,2026-04-11,1215,0.0163569448861828,0.0163569448861828,6.705117618938232e-05,1,,unknown
2026-04-11,2026-04-11,1216,0.0047470971583578,-0.0116657446877744,7.450130687709147e-05,3,,unknown
2026-04-11,2026-04-11,1217,-0.0120283018867923,-0.0120283018867923,0.0001043018296279,3,,unknown
2026-04-11,2026-04-11,1218,0.0464634146341462,0.0464634146341462,6.705117618938232e-05,1,,unknown
2026-04-11,2026-04-11,1219,-0.0138619351261436,-0.0534019338241819,6.705117618938232e-05,3,,unknown
2026-04-11,2026-04-11,1220,-0.0216337887266702,-0.0216337887266702,6.705117618938232e-05,1,,unknown
2026-04-11,2026-04-11,1221,-0.0201334902081522,-0.001249670770593,4.966753791806096e-05,2,,unknown
2026-04-11,2026-04-11,1223,-0.0091792656587471,0.0002725538293815,0.0001043018296279,3,,unknown
2026-04-11,2026-04-11,1224,-0.0205655526992288,-0.0131725005550209,6.705117618938232e-05,3,,unknown
2026-04-11,2026-04-11,1225,0.0249200362820452,0.0249200362820452,8.381397023672789e-05,1,,unknown
2026-04-11,2026-04-11,1227,-0.0127546338777757,-0.007563877871045,6.705117618938232e-05,3,,unknown
2026-04-11,2026-04-11,1228,-0.0320102432778489,-0.0466582597730138,0.0001043018296279,2,,unknown
2026-04-11,2026-04-11,1229,0.0109007943214467,-0.0315712782320083,0.0001043018296279,3,,unknown
2026-04-11,2026-04-11,1230,-0.0223956565999321,-0.0160519125683061,6.705117618938232e-05,2,,unknown
2026-04-11,2026-04-11,1231,-0.0177159126858588,0.0032310177705976,8.381397023672789e-05,3,,unknown
2026-04-11,2026-04-11,1232,-0.0215249908792413,-0.0343254920787327,6.705117618938232e-05,2,,unknown
2026-04-11,2026-04-11,1233,-0.0021471898652638,0.006388392615451,6.705117618938232e-05,3,,unknown
2026-04-11,2026-04-11,1234,-0.0138507809202195,-0.0166526360096811,6.705117618938232e-05,2,,unknown
2026-04-11,2026-04-11,1237,-0.0074920054819552,0.0006448047162859,8.381397023672789e-05,3,,unknown
2026-04-11,2026-04-11,1238,-0.0248546802966527,-0.0708556149732621,6.705117618938232e-05,3,,unknown
2026-04-11,2026-04-11,1240,0.0443693331187295,0.0583374109715653,8.381397023672789e-05,3,,unknown
2026-04-11,2026-04-11,1241,0.022761760242792,0.021212121212121,6.705117618938232e-05,3,,unknown
2026-04-11,2026-04-11,1242,-0.0426528991262907,-0.0617312782189007,0.0001043018296279,3,,unknown
2026-04-11,2026-04-11,1243,-0.0240500240500241,-0.0338095238095238,6.705117618938232e-05,2,,unknown
2026-04-11,2026-04-11,1245,0.0028204393715709,0.0028204393715709,7.450130687709147e-05,1,,unknown
2026-04-11,2026-04-11,1246,-0.0005509641873276,-0.0005509641873276,6.705117618938232e-05,1,,unknown
2026-04-11,2026-04-11,1248,0.02152466367713,-0.005240174672489,6.705117618938232e-05,2,,unknown
2026-04-11,2026-04-11,1249,-0.0142942227516378,0.0205549845837615,0.0001043018296279,3,,unknown
2026-04-11,2026-04-11,1250,0.0044884982233028,0.0044884982233028,6.705117618938232e-05,1,,unknown
2026-04-11,2026-04-11,1251,-0.0116679925749138,-0.0116679925749138,4.966753791806096e-05,1,,unknown
2026-04-11,2026-04-11,1253,-0.003962014967612,-0.0173718823675393,4.966753791806096e-05,3,,unknown
2026-04-11,2026-04-11,1254,0.0247248642995867,0.0233998110110909,0.0001043018296279,3,,unknown
2026-04-11,2026-04-11,1255,-0.0316064062120845,-0.0702428796085969,6.705117618938232e-05,3,,unknown
2026-04-11,2026-04-11,1256,-0.0277372262773722,-0.027618931743521,6.705117618938232e-05,2,,unknown
2026-04-11,2026-04-11,1258,0.0020563035495715,0.0469053708439897,8.381397023672789e-05,3,,unknown
2026-04-11,2026-04-11,1259,-0.0180074378547661,-0.0222178912492692,8.381397023672789e-05,3,,unknown
2026-04-11,2026-04-11,1260,0.0222664015904574,0.0562859490550535,0.0001043018296279,3,,unknown
2026-04-11,2026-04-11,1261,-0.0142897970848814,-0.0408787541713013,6.705117618938232e-05,2,,unknown
2026-04-11,2026-04-11,1262,-0.0056609547123623,-0.0056609547123623,6.705117618938232e-05,1,,unknown
2026-04-11,2026-04-11,1263,0.0174118840334713,-0.0198680889178406,4.966753791806096e-05,2,,unknown
2026-04-11,2026-04-11,1264,0.0105349122090647,0.0105349122090647,6.705117618938232e-05,1,,unknown
2026-04-11,2026-04-11,1266,0.0126941433093337,0.0647503103876399,6.705117618938232e-05,3,,unknown
2026-04-11,2026-04-11,1269,-0.0038161111442371,-0.0038161111442371,0.0001043018296279,1,,unknown
2026-04-11,2026-04-11,1270,0.0306035548473941,0.001601922306768,6.705117618938232e-05,3,,unknown
2026-04-11,2026-04-11,1271,0.0209308546208371,0.0432554325543252,4.966753791806096e-05,2,,unknown
2026-04-11,2026-04-11,1272,-0.008675228245634,-0.008675228245634,8.381397023672789e-05,1,,unknown
2026-04-11,2026-04-11,1273,0.0051067109890639,0.0051067109890639,6.705117618938232e-05,1,,unknown
2026-04-11,2026-04-11,1274,-0.0025218307738633,0.0182118569178162,0.0001043018296279,3,,unknown
2026-04-11,2026-04-11,1275,-0.0085704250087811,-0.0085704250087811,0.0001043018296279,1,,unknown
2026-04-11,2026-04-11,1276,0.0224179343474779,0.0969219756621331,0.0001043018296279,3,,unknown
2026-04-11,2026-04-11,1277,-0.0221463860410657,-0.0221463860410657,8.381397023672789e-05,1,,unknown
2026-04-11,2026-04-11,1278,0.0047651900460474,0.0689060713127485,0.0001043018296279,3,,unknown
2026-04-11,2026-04-11,1279,-0.0018296401707663,0.0146724529861541,6.705117618938232e-05,2,,unknown
2026-04-11,2026-04-11,1281,0.0153218912343,0.0247560894670471,6.705117618938232e-05,2,,unknown
2026-04-11,2026-04-11,1282,0.0311076737990889,0.0242424242424241,8.381397023672789e-05,3,,unknown
2026-04-11,2026-04-11,1283,0.0090065869068423,0.0032076984763433,0.0001043018296279,3,,unknown
2026-04-11,2026-04-11,1284,0.0200312755975873,0.0452499046165584,8.381397023672789e-05,2,,unknown
2026-04-11,2026-04-11,1285,0.0023025946310233,0.0236893426637605,8.381397023672789e-05,3,,unknown
2026-04-11,2026-04-11,1286,0.0210577524497881,0.0210577524497881,6.705117618938232e-05,1,,unknown
2026-04-11,2026-04-11,1287,0.0365165014430919,0.0365165014430919,8.381397023672789e-05,3,,unknown
2026-04-11,2026-04-11,1288,0.0053262316910784,0.0244233378561735,6.705117618938232e-05,3,,unknown
2026-04-11,2026-04-11,1289,-0.0073576455534228,-0.002159132671812,8.381397023672789e-05,3,,unknown
2026-04-11,2026-04-11,1290,-0.0046656298600311,-0.0177592633194475,0.0001043018296279,3,,unknown
2026-04-11,2026-04-11,1291,0.0175383651738179,0.0469668895512771,8.381397023672789e-05,3,,unknown
2026-04-11,2026-04-11,1292,-0.0134765625,-0.0053170539582514,4.966753791806096e-05,3,,unknown
2026-04-11,2026-04-11,1293,0.0277920741121975,0.0390218522372527,0.0001043018296279,3,,unknown
2026-04-11,2026-04-11,1294,-0.0269027362612095,-0.0024749558043606,6.705117618938232e-05,2,,unknown
2026-04-11,2026-04-11,1296,-0.0238365493757094,-0.0238365493757094,6.705117618938232e-05,1,,unknown
2026-04-11,2026-04-11,1297,-0.0173387096774193,0.0074410913600659,6.705117618938232e-05,2,,unknown
2026-04-11,2026-04-11,1298,0.0189031505250873,0.0189031505250873,6.705117618938232e-05,1,,unknown
2026-04-11,2026-04-11,1299,-0.0008733361440703,-0.0401839958340566,8.381397023672789e-05,3,,unknown
2026-04-11,2026-04-11,1300,-0.0013396179608038,0.0072057646116892,6.705117618938232e-05,3,,unknown
2026-04-11,2026-04-11,1302,-0.0017419682035676,0.0266225225633816,0.0001043018296279,2,,unknown
2026-04-11,2026-04-11,1303,-0.00969868173258,-0.0247136829415309,8.381397023672789e-05,3,,unknown
2026-04-11,2026-04-11,1304,0.036392322195454,0.0258684931861921,8.381397023672789e-05,3,,unknown
2026-04-11,2026-04-11,1305,0.0100161308474322,0.0100161308474322,8.381397023672789e-05,1,,unknown
2026-04-11,2026-04-11,1306,-0.0207116303770577,-0.0195400770969026,0.0001043018296279,2,,unknown
2026-04-11,2026-04-11,1307,0.0573171034038229,0.0236783678367837,0.0001043018296279,2,,unknown
2026-04-11,2026-04-11,1308,0.0174978127734033,0.0354344729344731,6.705117618938232e-05,3,,unknown
2026-04-11,2026-04-11,1309,-0.0144247683827839,-0.0078507762233632,6.705117618938232e-05,3,,unknown
2026-04-11,2026-04-11,1310,-0.0135900574724567,-0.0258385754974078,6.705117618938232e-05,3,,unknown
2026-04-11,2026-04-11,1311,0.0118361529404473,0.0095838743584988,4.966753791806096e-05,3,,unknown
2026-04-11,2026-04-11,1313,-0.0047846889952153,0.0304180749108755,8.381397023672789e-05,3,,unknown
2026-04-11,2026-04-11,1314,-0.0272854865951424,-0.0415133259886078,6.705117618938232e-05,3,,unknown
2026-04-11,2026-04-11,1315,-0.0102350265352539,-0.0347504621072088,6.705117618938232e-05,3,,unknown
2026-04-11,2026-04-11,1317,-0.0159579768988673,0.0012069315156313,8.381397023672789e-05,3,,unknown
2026-04-11,2026-04-11,1318,0.02744219537563,0.0240829346092503,6.705117618938232e-05,2,,unknown
2026-04-11,2026-04-11,1320,-0.0043616760597893,-0.0043616760597893,8.381397023672789e-05,1,,unknown
2026-04-11,2026-04-11,1321,-0.0601268943752261,-0.0903884699818652,6.705117618938232e-05,3,,unknown
2026-04-11,2026-04-11,1322,-0.0007279185895849,0.030043369299338,8.381397023672789e-05,3,,unknown
2026-04-11,2026-04-11,1324,0.013085145595282,0.0175860792299147,6.705117618938232e-05,3,,unknown
2026-04-11,2026-04-11,1325,-0.1,-0.0999999999999999,0.0001043018296279,1,,unknown
2026-04-11,2026-04-11,1327,-0.0234950321449444,-0.0234950321449444,6.705117618938232e-05,1,,unknown
2026-04-11,2026-04-11,1328,0.0008159934720521,-0.0357704402515723,0.0001043018296279,2,,unknown
2026-04-11,2026-04-11,1330,-0.0019948242398101,-0.0017257186000109,8.381397023672789e-05,3,,unknown
2026-04-11,2026-04-11,1332,0.0358262427227944,0.0358262427227944,0.0001043018296279,1,,unknown
2026-04-11,2026-04-11,1333,0.0119423791821562,0.0077279037482649,4.966753791806096e-05,3,,unknown
2026-04-11,2026-04-11,1335,-0.050798258345428,-0.050798258345428,6.705117618938232e-05,1,,unknown
2026-04-11,2026-04-11,1336,-0.0004589352701732,0.0423880472781754,4.966753791806096e-05,3,,unknown
2026-04-11,2026-04-11,1337,0.0898833945152233,0.056241498378152,0.0001043018296279,2,,unknown
2026-04-11,2026-04-11,1339,0.0170450082475845,0.0170450082475845,6.705117618938232e-05,1,,unknown
2026-04-11,2026-04-11,1340,-0.0067923482118102,-0.0267590328715022,8.381397023672789e-05,2,,unknown
2026-04-11,2026-04-11,1341,-0.0247900661068428,-0.0247900661068428,6.705117618938232e-05,1,,unknown
2026-04-11,2026-04-11,1342,-0.0117808757117612,-0.0117808757117612,6.705117618938232e-05,1,,unknown
2026-04-11,2026-04-11,1343,-0.026839870602507,-0.0583027635118609,8.381397023672789e-05,2,,unknown
2026-04-11,2026-04-11,1344,0.0417678484701311,0.0417678484701311,0.0001043018296279,1,,unknown
2026-04-11,2026-04-11,1347,-0.0072671129193677,-0.0057069747996515,4.966753791806096e-05,3,,unknown
2026-04-11,2026-04-11,1348,0.0116731517509727,0.0313152400835072,4.966753791806096e-05,2,,unknown
2026-04-11,2026-04-11,1349,0.0196762141967621,0.056107313298078,4.966753791806096e-05,3,,unknown
2026-04-11,2026-04-11,1350,-0.004342603714312,-0.0262943887232312,8.381397023672789e-05,3,,unknown
2026-04-11,2026-04-11,1351,0.0217561433714197,0.0222361415596619,6.705117618938232e-05,2,,unknown
2026-04-11,2026-04-11,1352,-0.0071225071225071,0.0188517566409598,6.705117618938232e-05,2,,unknown
2026-04-11,2026-04-11,1353,0.03546155681005,0.04451395572666,8.381397023672789e-05,2,,unknown
2026-04-11,2026-04-11,1354,0.0208277703604804,0.1034781353730696,6.705117618938232e-05,3,,unknown
2026-04-11,2026-04-11,1355,-0.0220856801501961,-0.0220856801501961,6.705117618938232e-05,1,,unknown
2026-04-11,2026-04-11,1356,0.0190914049715575,0.0190914049715575,8.381397023672789e-05,1,,unknown
2026-04-11,2026-04-11,1357,0.003127649001783,-0.0379839093992656,6.705117618938232e-05,3,,unknown
2026-04-11,2026-04-11,1358,0.0103514265831594,0.0103514265831594,4.966753791806096e-05,1,,unknown
2026-04-11,2026-04-11,1360,-0.0169990389235943,0.0145691258524487,8.381397023672789e-05,3,,unknown
2026-04-11,2026-04-11,1361,0.004126700869953,0.004126700869953,6.705117618938232e-05,1,,unknown
2026-04-11,2026-04-11,1362,0.0495572693516137,0.0495572693516137,8.381397023672789e-05,1,,unknown
2026-04-11,2026-04-11,1364,-0.0106377084603025,-0.0199084907966889,6.705117618938232e-05,2,,unknown
2026-04-11,2026-04-11,1365,0.0285581611330392,0.0179227941176469,6.705117618938232e-05,3,,unknown
2026-04-11,2026-04-11,1367,0.0391271632806622,0.1273469387755104,6.705117618938232e-05,3,,unknown
2026-04-11,2026-04-11,1368,0.0651428571428571,0.0176569282803804,6.705117618938232e-05,2,,unknown
2026-04-11,2026-04-11,1369,-0.0545439519572463,-0.0545439519572463,0.0001043018296279,1,,unknown
2026-04-11,2026-04-11,1370,-0.0060542658828999,0.0022101149594644,4.966753791806096e-05,2,,unknown
2026-04-11,2026-04-11,1371,0.0363940046591357,0.0426265752818924,6.705117618938232e-05,3,,unknown
2026-04-11,2026-04-11,1372,-0.0086562657272269,-0.0086562657272269,6.705117618938232e-05,1,,unknown
2026-04-11,2026-04-11,1373,0.0120639999999998,0.0120639999999998,4.966753791806096e-05,1,,unknown
2026-04-11,2026-04-11,1374,0.0483713964807186,0.0846481601032922,6.705117618938232e-05,3,,unknown
2026-04-11,2026-04-11,1375,-0.0274803135482252,-0.0077597408539376,6.705117618938232e-05,3,,unknown
2026-04-11,2026-04-11,1376,-0.0421558164354322,-0.0421558164354322,6.705117618938232e-05,1,,unknown
2026-04-11,2026-04-11,1377,-0.0455824017309772,-0.0455824017309772,6.705117618938232e-05,1,,unknown
2026-04-11,2026-04-11,1378,0.0504820567755757,0.047536386700494,6.705117618938232e-05,2,,unknown
2026-04-11,2026-04-11,1380,0.0176351179903577,0.0176351179903577,6.705117618938232e-05,1,,unknown
2026-04-11,2026-04-11,1382,0.0121046466224132,-0.0140737923164698,0.0001043018296279,3,,unknown
2026-04-11,2026-04-11,1383,0.0309973264198331,0.0309973264198331,8.381397023672789e-05,1,,unknown
2026-04-11,2026-04-11,1385,0.0303146584804296,0.0216894977168948,6.705117618938232e-05,3,,unknown
2026-04-11,2026-04-11,1386,0.003096910642798,0.003096910642798,7.450130687709147e-05,1,,unknown
2026-04-11,2026-04-11,1387,-0.0155437328780719,-0.0155437328780719,6.705117618938232e-05,1,,unknown
2026-04-11,2026-04-11,1388,0.0173444976076557,0.0173444976076557,6.705117618938232e-05,1,,unknown
2026-04-11,2026-04-11,1389,0.0352193371240785,0.0081482261290664,6.705117618938232e-05,2,,unknown
2026-04-11,2026-04-11,1390,0.0187036485585851,0.0276657225416987,0.0001043018296279,2,,unknown
2026-04-11,2026-04-11,1391,-0.0375771428571428,-0.0648098791755509,6.705117618938232e-05,3,,unknown
2026-04-11,2026-04-11,1392,0.0070212048230577,0.0343713361348261,4.966753791806096e-05,2,,unknown
2026-04-11,2026-04-11,1394,0.0040368157597288,-0.0078187330461143,0.0001043018296279,3,,unknown
2026-04-11,2026-04-11,1395,-0.026176140422492,-0.0249821191376314,6.705117618938232e-05,2,,unknown
2026-04-11,2026-04-11,1396,-0.0208690855601862,-0.0180404450181326,0.0001043018296279,2,,unknown
2026-04-11,2026-04-11,1397,0.075556350900515,0.0900893898173338,8.381397023672789e-05,3,,unknown
2026-04-11,2026-04-11,1402,-0.0072332730560579,-0.0072332730560579,0.0001043018296279,1,,unknown
2026-04-11,2026-04-11,1403,0.0100706713780918,-0.0283820530251529,6.705117618938232e-05,3,,unknown
2026-04-11,2026-04-11,1404,0.0587420886075948,0.0587420886075948,0.0001043018296279,1,,unknown
2026-04-11,2026-04-11,1406,-0.0247181266261925,-0.0066254416961131,0.0001043018296279,3,,unknown
2026-04-11,2026-04-11,1407,-0.0457095935404405,-0.0156691134952003,0.0001043018296279,2,,unknown
2026-04-11,2026-04-11,1408,0.010728582866293,0.0108904548366433,8.381397023672789e-05,2,,unknown
2026-04-11,2026-04-11,1409,0.0349316197067062,0.0539180043626601,4.966753791806096e-05,3,,unknown
2026-04-11,2026-04-11,1410,0.0159274500838286,0.0159274500838286,6.705117618938232e-05,1,,unknown
2026-04-11,2026-04-11,1411,-0.0069972619409794,-0.0247983268598743,8.381397023672789e-05,2,,unknown
2026-04-11,2026-04-11,1412,-0.0321815718157181,-0.0321815718157181,0.0001043018296279,1,,unknown
2026-04-11,2026-04-11,1413,0.0046935394809497,-0.0188730115934214,8.381397023672789e-05,3,,unknown
2026-04-11,2026-04-11,1414,-0.0596717654557041,-0.0558355331573474,6.705117618938232e-05,3,,unknown
2026-04-11,2026-04-11,1416,-0.0040774719673802,0.0092975206611569,0.0001043018296279,3,,unknown
2026-04-11,2026-04-11,1417,0.0052665799739921,0.0619183351076615,6.705117618938232e-05,3,,unknown
2026-04-11,2026-04-11,1418,0.020229100658055,0.0263577295574355,4.966753791806096e-05,2,,unknown
2026-04-11,2026-04-11,1419,-0.0035999550005625,0.0374838936394519,6.705117618938232e-05,3,,unknown
2026-04-11,2026-04-11,1420,0.0565709312445605,0.1036363636363639,6.705117618938232e-05,3,,unknown
2026-04-11,2026-04-11,1421,0.0376799061090866,0.0376799061090866,8.381397023672789e-05,1,,unknown
2026-04-11,2026-04-11,1423,-0.024326787952448,-0.0491023505459929,6.705117618938232e-05,3,,unknown
2026-04-11,2026-04-11,1424,-0.0564162148205523,-0.0818992588870743,0.0001043018296279,3,,unknown
2026-04-11,2026-04-11,1425,0.0376836278475622,0.0341608317419901,6.705117618938232e-05,3,,unknown
2026-04-11,2026-04-11,1426,0.0176779913494498,0.0176779913494498,7.450130687709147e-05,1,,unknown
2026-04-11,2026-04-11,1427,0.0102753260439993,0.0331402397952307,6.705117618938232e-05,2,,unknown
2026-04-11,2026-04-11,1428,0.0177353342428376,0.0641940085592012,8.381397023672789e-05,2,,unknown
2026-04-11,2026-04-11,1430,0.0616438356164383,0.063945086705202,6.705117618938232e-05,3,,unknown
2026-04-11,2026-04-11,1434,0.0279469096324849,0.008509175297606,6.705117618938232e-05,3,,unknown
2026-04-11,2026-04-11,1435,-0.0512544802867384,-0.0636165320441013,6.705117618938232e-05,2,,unknown
2026-04-11,2026-04-11,1436,0.0367948104429203,0.0486152191449316,8.381397023672789e-05,2,,unknown
2026-04-11,2026-04-11,1437,-0.029057813690673,0.0203989120580236,6.705117618938232e-05,3,,unknown
2026-04-11,2026-04-11,1438,-0.0143088951172741,-0.0143088951172741,0.0001043018296279,1,,unknown
2026-04-11,2026-04-11,1439,0.0195700994546037,0.0195700994546037,6.705117618938232e-05,1,,unknown
2026-04-11,2026-04-11,1440,0.007471161317315,0.007471161317315,6.705117618938232e-05,1,,unknown
2026-04-11,2026-04-11,1441,-0.0082423702383603,0.0410382321992284,0.0001043018296279,2,,unknown
2026-04-11,2026-04-11,1442,0.0325303323369088,0.0166204986149585,6.705117618938232e-05,3,,unknown
2026-04-11,2026-04-11,1444,0.0116872078198044,0.0116872078198044,6.705117618938232e-05,1,,unknown
2026-04-11,2026-04-11,1445,0.0047945205479451,0.0047945205479451,6.705117618938232e-05,1,,unknown
2026-04-11,2026-04-11,1446,0.0284431137724552,0.0253731343283585,4.966753791806096e-05,3,,unknown
2026-04-11,2026-04-11,1447,0.0245573957738434,-0.0180623973727421,6.705117618938232e-05,3,,unknown
2026-04-11,2026-04-11,1448,-0.0107349298100742,-0.0107349298100742,6.705117618938232e-05,1,,unknown
2026-04-11,2026-04-11,1450,0.0112347294938919,0.0112347294938919,6.705117618938232e-05,1,,unknown
2026-04-11,2026-04-11,1451,0.0332778702163061,0.0375939849624058,4.966753791806096e-05,2,,unknown
2026-04-11,2026-04-11,1452,0.0012075471698111,0.0012075471698111,6.705117618938232e-05,1,,unknown
2026-04-11,2026-04-11,1453,0.012747982198084,0.0424722416336673,6.705117618938232e-05,2,,unknown
2026-04-11,2026-04-11,1455,0.0387634150248277,0.0765272244355907,0.0001043018296279,2,,unknown
2026-04-11,2026-04-11,1456,0.010355815188529,0.010355815188529,6.705117618938232e-05,1,,unknown
2026-04-11,2026-04-11,1457,-0.0222244519139116,-0.0463375250770661,0.0001043018296279,3,,unknown
2026-04-11,2026-04-11,1458,-0.0129751877987708,-0.028673835125448,4.966753791806096e-05,2,,unknown
2026-04-11,2026-04-11,1459,0.002532054735481,0.0004300844040643,0.0001043018296279,2,,unknown
2026-04-11,2026-04-11,1460,0.0336787564766838,0.046494992846924,0.0001043018296279,2,,unknown
2026-04-11,2026-04-11,1461,0.0134459191759113,0.0133204585406918,6.705117618938232e-05,3,,unknown
2026-04-11,2026-04-11,1462,0.0385846210112461,0.0385846210112461,8.381397023672789e-05,1,,unknown
2026-04-11,2026-04-11,1463,-0.0355744680851064,-0.0355744680851064,8.381397023672789e-05,1,,unknown
2026-04-11,2026-04-11,1464,0.0197120089472948,0.0197120089472948,7.450130687709147e-05,1,,unknown
2026-04-11,2026-04-11,1465,-0.0118279569892474,-0.0118279569892474,6.705117618938232e-05,1,,unknown
2026-04-11,2026-04-11,1466,0.0129680522157333,0.0356484326982173,0.0001043018296279,3,,unknown
2026-04-11,2026-04-11,1467,-0.0616993464052287,-0.0883921767843535,6.705117618938232e-05,2,,unknown
2026-04-11,2026-04-11,1470,-0.0135652173913043,0.0294010889292195,6.705117618938232e-05,2,,unknown
2026-04-11,2026-04-11,1471,-0.0284958871915392,-0.0284958871915392,6.705117618938232e-05,1,,unknown
2026-04-11,2026-04-11,1472,0.070910556003223,0.070910556003223,6.705117618938232e-05,1,,unknown
2026-04-11,2026-04-11,1474,0.0210989419546729,0.0401773737947577,4.966753791806096e-05,3,,unknown
2026-04-11,2026-04-11,1475,-0.0271310371368096,-0.0380517503805175,6.705117618938232e-05,2,,unknown
2026-04-11,2026-04-11,1476,0.0111036990811475,0.0111036990811475,0.0001043018296279,1,,unknown
2026-04-11,2026-04-11,1477,0.0017581962974455,0.0259506408219469,4.966753791806096e-05,3,,unknown
2026-04-11,2026-04-11,1478,0.0258909533962838,0.0258909533962838,0.0001043018296279,1,,unknown
2026-04-11,2026-04-11,1479,0.0429678328246065,0.0405247130475521,4.966753791806096e-05,2,,unknown
2026-04-11,2026-04-11,1480,0.0506615402012891,0.1249545949872865,6.705117618938232e-05,3,,unknown
2026-04-11,2026-04-11,1482,0.0572489829609101,0.0572489829609101,6.705117618938232e-05,1,,unknown
2026-04-11,2026-04-11,1483,-0.0015572443004858,0.0372743156668609,6.705117618938232e-05,3,,unknown
2026-04-11,2026-04-11,1484,0.0082295373665479,0.0564642569600404,0.0001043018296279,3,,unknown
2026-04-11,2026-04-11,1485,0.0220333102012493,0.0056333219528852,6.705117618938232e-05,3,,unknown
2026-04-11,2026-04-11,1487,0.0349609210858057,0.0349609210858057,6.705117618938232e-05,1,,unknown
2026-04-11,2026-04-11,1489,-0.0015655577299412,-0.0015655577299412,6.705117618938232e-05,1,,unknown
2026-04-11,2026-04-11,1490,0.0149870382372003,0.0158923214140924,0.0001043018296279,3,,unknown
2026-04-11,2026-04-11,1491,-0.0195356285028023,-0.0079390797148412,0.0001043018296279,2,,unknown
2026-04-11,2026-04-11,1492,0.0173316708229427,0.0001225790634959,6.705117618938232e-05,3,,unknown
2026-04-11,2026-04-11,1493,-0.0020068807339449,-0.0183997180119843,6.705117618938232e-05,3,,unknown
2026-04-11,2026-04-11,1494,-0.0166532125452208,-0.0279296586375056,6.705117618938232e-05,2,,unknown
2026-04-11,2026-04-11,1495,-0.0282894736842105,-0.0684746373547164,0.0001043018296279,2,,unknown
2026-04-11,2026-04-11,1496,0.0038713083262456,0.0234414710719093,8.381397023672789e-05,2,,unknown
2026-04-11,2026-04-11,1497,0.0142188528820315,0.0142188528820315,6.705117618938232e-05,1,,unknown
2026-04-11,2026-04-11,1498,-0.0503031584884375,-0.0500687563908182,6.705117618938232e-05,3,,unknown
2026-04-11,2026-04-11,1500,0.0064200550290431,-0.0108173076923077,6.705117618938232e-05,3,,unknown
2026-04-11,2026-04-11,1501,-0.0061763979247303,-0.0061763979247303,6.705117618938232e-05,1,,unknown
2026-04-11,2026-04-11,1502,0.0146809712027102,0.0265638389031706,6.705117618938232e-05,2,,unknown
2026-04-11,2026-04-11,1504,0.0103986135181977,0.0103986135181977,6.705117618938232e-05,1,,unknown
2026-04-11,2026-04-11,1505,-0.023405395747722,-0.023405395747722,6.705117618938232e-05,1,,unknown
2026-04-11,2026-04-11,1506,-0.0700520467013645,-0.0700520467013645,6.705117618938232e-05,1,,unknown
2026-04-11,2026-04-11,1507,-0.0116239445685509,-0.0186466165413533,0.0001043018296279,3,,unknown
2026-04-11,2026-04-11,1509,-0.0074656188605106,-0.0074656188605106,8.381397023672789e-05,1,,unknown
2026-04-11,2026-04-11,1510,-0.0342345505617978,-0.0342345505617978,6.705117618938232e-05,1,,unknown
2026-04-11,2026-04-11,1511,-0.0008873830267828,-0.0431121069303872,0.0001043018296279,2,,unknown
2026-04-11,2026-04-11,1512,-0.0235429890363532,-0.0586337338673786,6.705117618938232e-05,3,,unknown
2026-04-11,2026-04-11,1513,0.0191418293936278,0.0446405056623651,6.705117618938232e-05,3,,unknown
2026-04-11,2026-04-11,1514,0.0201351537718934,0.0118553645524599,0.0001043018296279,2,,unknown
2026-04-11,2026-04-11,1515,-0.0054470100651272,0.0032649810869997,6.705117618938232e-05,2,,unknown
2026-04-11,2026-04-11,1517,0.0130765385323756,0.044742911409578,7.450130687709147e-05,2,,unknown
2026-04-11,2026-04-11,1518,-0.0300655457395271,-0.0510246758678378,0.0001043018296279,3,,unknown
2026-04-11,2026-04-11,1520,-0.0050524679362611,0.0597123046672876,8.381397023672789e-05,3,,unknown
2026-04-11,2026-04-11,1522,0.0097662030186445,0.0097662030186445,0.0001043018296279,1,,unknown
2026-04-11,2026-04-11,1523,0.017597134625866,0.017597134625866,7.450130687709147e-05,1,,unknown
2026-04-11,2026-04-11,1524,-0.0068046825442592,-0.0068046825442592,6.705117618938232e-05,1,,unknown
2026-04-11,2026-04-11,1525,-0.0156984553391538,0.0201862002958321,6.705117618938232e-05,2,,unknown
2026-04-11,2026-04-11,1526,0.005159286716089,0.0184743440085266,6.705117618938232e-05,2,,unknown
2026-04-11,2026-04-11,1527,0.0169834273346287,0.0169834273346287,6.705117618938232e-05,1,,unknown
2026-04-11,2026-04-11,1528,0.0575688752838945,0.104123711340206,6.705117618938232e-05,3,,unknown
2026-04-11,2026-04-11,1529,-0.0243502948241974,-0.044997862334331,4.966753791806096e-05,2,,unknown
2026-04-11,2026-04-11,1530,-0.0046364080039043,0.0428668825634905,0.0001043018296279,3,,unknown
2026-04-11,2026-04-11,1531,-0.0530810448760884,-0.0530810448760884,8.381397023672789e-05,1,,unknown
2026-04-11,2026-04-11,1532,0.0312102810337522,0.0194052771185258,8.381397023672789e-05,2,,unknown
2026-04-11,2026-04-11,1533,-0.0052800329450521,-0.0052800329450521,6.705117618938232e-05,1,,unknown
2026-04-11,2026-04-11,1534,-0.0063730084348642,-0.040021731256791,8.381397023672789e-05,3,,unknown
2026-04-11,2026-04-11,1535,-0.005861206627071,-0.0234147090434516,0.0001043018296279,3,,unknown
2026-04-11,2026-04-11,1536,0.0152911773400339,0.0152911773400339,6.705117618938232e-05,1,,unknown
2026-04-11,2026-04-11,1538,-0.0200408997955009,-0.0200408997955009,6.705117618938232e-05,1,,unknown
2026-04-11,2026-04-11,1539,-0.0246971920312383,-0.0713744434972056,6.705117618938232e-05,3,,unknown
2026-04-11,2026-04-11,1540,-0.007659769063679,-0.007659769063679,6.705117618938232e-05,1,,unknown
2026-04-11,2026-04-11,1541,-0.0108295270369824,0.0252748930971289,8.381397023672789e-05,2,,unknown
2026-04-11,2026-04-11,1544,-0.0039899859176967,0.0835815814111839,4.966753791806096e-05,3,,unknown
2026-04-11,2026-04-11,1545,0.0250567908033316,0.0016816897618727,0.0001043018296279,2,,unknown
2026-04-11,2026-04-11,1546,-0.0028901734104046,-0.0028901734104046,6.705117618938232e-05,1,,unknown
2026-04-11,2026-04-11,1547,0.0080348943985306,0.0080348943985306,6.705117618938232e-05,1,,unknown
2026-04-11,2026-04-11,1548,0.0441546762589926,0.026795189246551,8.381397023672789e-05,2,,unknown
2026-04-11,2026-04-11,1550,0.0327645051194538,0.0691739949748742,6.705117618938232e-05,2,,unknown
2026-04-11,2026-04-11,1553,0.0036482033579161,0.0036482033579161,6.705117618938232e-05,1,,unknown
2026-04-11,2026-04-11,1554,0.0087719298245614,0.012101210121012,8.381397023672789e-05,3,,unknown
2026-04-11,2026-04-11,1555,0.0156985871271586,0.0122315460105246,4.966753791806096e-05,2,,unknown
2026-04-11,2026-04-11,1556,-0.0082733261835451,-0.0082733261835451,6.705117618938232e-05,1,,unknown
2026-04-11,2026-04-11,1557,-0.0410171730515191,-0.0334198788362959,0.0001043018296279,2,,unknown
2026-04-11,2026-04-11,1559,0.0162392316070898,0.0162392316070898,6.705117618938232e-05,1,,unknown
2026-04-11,2026-04-11,1561,0.0208739215140552,0.048599199542596,6.705117618938232e-05,3,,unknown
2026-04-11,2026-04-11,1563,0.0162210427104518,0.0540776948803705,6.705117618938232e-05,2,,unknown
2026-04-11,2026-04-11,1564,-0.0005284481240092,-0.0107514383681061,0.0001043018296279,3,,unknown
2026-04-11,2026-04-11,1565,-0.0107671601615073,0.0483152077019077,6.705117618938232e-05,3,,unknown
2026-04-11,2026-04-11,1566,0.0396946564885496,0.1098435462842244,6.705117618938232e-05,3,,unknown
2026-04-11,2026-04-11,1567,0.0103009493031711,0.0170801138674256,8.381397023672789e-05,3,,unknown
2026-04-11,2026-04-11,1568,0.0065063649222063,-0.0067001675041877,7.450130687709147e-05,2,,unknown
2026-04-11,2026-04-11,1569,-0.0119582074932659,-0.0119582074932659,6.705117618938232e-05,1,,unknown
2026-04-11,2026-04-11,1572,0.0077301475755446,-0.0130763936682724,4.966753791806096e-05,3,,unknown
2026-04-11,2026-04-11,1573,-0.0295221416062047,-0.0280631420696568,8.381397023672789e-05,3,,unknown
2026-04-11,2026-04-11,1574,0.0385399475779051,0.0335233310791229,0.0001043018296279,2,,unknown
2026-04-11,2026-04-11,1575,0.0358735699049834,0.0358735699049834,6.705117618938232e-05,1,,unknown
2026-04-11,2026-04-11,1576,0.0158160403813796,-0.0221358384623691,6.705117618938232e-05,3,,unknown
2026-04-11,2026-04-11,1577,0.0078235218673847,-0.0030449124587668,6.705117618938232e-05,2,,unknown
2026-04-11,2026-04-11,1578,0.0379187708940891,0.0379187708940891,8.381397023672789e-05,1,,unknown
2026-04-11,2026-04-11,1579,0.0660844250363899,0.0660844250363899,6.705117618938232e-05,1,,unknown
2026-04-11,2026-04-11,1580,0.0260761589403972,0.0630360205831903,4.966753791806096e-05,3,,unknown
2026-04-11,2026-04-11,1581,0.0235217893461787,0.0300796643324923,0.0001043018296279,3,,unknown
2026-04-11,2026-04-11,1582,0.0007822685788787,0.0192672854506101,7.450130687709147e-05,3,,unknown
2026-04-11,2026-04-11,1583,0.0038307579735719,0.0038307579735719,6.705117618938232e-05,1,,unknown
2026-04-11,2026-04-11,1585,-0.075014425851125,-0.075014425851125,6.705117618938232e-05,1,,unknown
2026-04-11,2026-04-11,1586,0.0437422716834481,0.0404569567035724,0.0001043018296279,2,,unknown
2026-04-11,2026-04-11,1587,0.0028551034975019,0.033753333946473,4.966753791806096e-05,2,,unknown
2026-04-11,2026-04-11,1589,0.0997167138810199,0.0997167138810199,6.705117618938232e-05,1,,unknown
2026-04-11,2026-04-11,1590,-0.0381221320155311,-0.0384615384615384,8.381397023672789e-05,3,,unknown
2026-04-11,2026-04-11,1591,0.0477091453988485,0.0477091453988485,8.381397023672789e-05,1,,unknown
2026-04-11,2026-04-11,1592,-0.0464628820960698,-0.0684300341296928,0.0001043018296279,2,,unknown
2026-04-11,2026-04-11,1593,0.0210927200820272,0.0503239415398522,8.381397023672789e-05,2,,unknown
2026-04-11,2026-04-11,1594,-0.0127182486927235,-0.0495712640245722,6.705117618938232e-05,3,,unknown
2026-04-11,2026-04-11,1595,-0.0447120418848167,-0.0749340904481848,4.966753791806096e-05,2,,unknown
2026-04-11,2026-04-11,1596,0.0334055057222395,0.0365046535677353,6.705117618938232e-05,2,,unknown
2026-04-11,2026-04-11,1597,0.0195211786372007,-0.0260380014074596,0.0001043018296279,3,,unknown
2026-04-11,2026-04-11,1598,-0.024641343938155,-0.024641343938155,6.705117618938232e-05,1,,unknown
2026-04-11,2026-04-11,1599,-0.0375583062415443,-0.0375583062415443,0.0001043018296279,1,,unknown
2026-04-11,2026-04-11,1600,0.0272952853598014,0.0272952853598014,8.381397023672789e-05,1,,unknown
2026-04-11,2026-04-11,1601,-0.0069444444444444,-0.0150667240637107,6.705117618938232e-05,3,,unknown
2026-04-11,2026-04-11,1602,-0.0171208800297755,-0.0172428051604368,6.705117618938232e-05,3,,unknown
2026-04-11,2026-04-11,1603,0.0250379823761772,-0.0028966658784583,0.0001043018296279,3,,unknown
2026-04-11,2026-04-11,1604,0.0212747790696019,0.0142457389977104,0.0001043018296279,2,,unknown
2026-04-11,2026-04-11,1606,0.0459615970740627,0.0343601181505819,8.381397023672789e-05,2,,unknown
2026-04-11,2026-04-11,1607,0.0237038097966197,0.0237038097966197,6.705117618938232e-05,1,,unknown
2026-04-11,2026-04-11,1608,-0.0031548055759353,-0.0010048527032987,8.381397023672789e-05,2,,unknown
2026-04-11,2026-04-11,1609,-0.0223631383437769,-0.0567642906273758,0.0001043018296279,3,,unknown
2026-04-11,2026-04-11,1610,0.0019388194743643,0.0019388194743643,4.966753791806096e-05,2,,unknown
2026-04-11,2026-04-11,1611,0.0086851835927421,-0.0343294640652013,0.0001043018296279,2,,unknown
2026-04-11,2026-04-11,1612,0.0134687844786309,0.0043529387494067,8.381397023672789e-05,3,,unknown
2026-04-11,2026-04-11,1614,-0.0061728395061727,-0.0061728395061727,0.0001043018296279,1,,unknown
2026-04-11,2026-04-11,1615,-0.0142893990198605,-0.0401366353543978,0.0001043018296279,2,,unknown
2026-04-11,2026-04-11,1616,-0.0042749513248115,0.0123940267676549,6.705117618938232e-05,2,,unknown
2026-04-11,2026-04-11,1617,-0.0410550605730402,-0.0234023108558001,8.381397023672789e-05,3,,unknown
2026-04-11,2026-04-11,1618,-0.0165416446936513,0.0007173011953194,6.705117618938232e-05,2,,unknown
2026-04-11,2026-04-11,1619,-0.0231721358664364,-0.0089077102803739,6.705117618938232e-05,2,,unknown
2026-04-11,2026-04-11,1620,0.0336893713885484,0.0336893713885484,6.705117618938232e-05,1,,unknown
2026-04-11,2026-04-11,1621,-0.0103626943005181,-0.0026109660574411,8.381397023672789e-05,2,,unknown
2026-04-11,2026-04-11,1622,-0.0203510952306975,-0.0375457875457874,8.381397023672789e-05,3,,unknown
2026-04-11,2026-04-11,1626,-0.0253807106598984,-0.0253807106598984,0.0001043018296279,1,,unknown
2026-04-11,2026-04-11,1627,0.010396942885668,0.0508808364365511,0.0001043018296279,3,,unknown
2026-04-11,2026-04-11,1628,-0.0243656866693516,-0.0080664974203586,0.0001043018296279,3,,unknown
2026-04-11,2026-04-11,1629,-0.0240112191331702,-0.0036372078625599,6.705117618938232e-05,2,,unknown
2026-04-11,2026-04-11,1630,0.0472591179276435,0.0306947854976165,6.705117618938232e-05,3,,unknown
2026-04-11,2026-04-11,1631,0.0007392075694854,-0.0194118499203246,6.705117618938232e-05,2,,unknown
2026-04-11,2026-04-11,1634,-0.0056629834254144,-0.020144276575473,7.450130687709147e-05,2,,unknown
2026-04-11,2026-04-11,1635,-0.0259568470129025,-0.0155246604665433,0.0001043018296279,3,,unknown
2026-04-11,2026-04-11,1636,-0.0365271143579658,-0.0365271143579658,0.0001043018296279,1,,unknown
2026-04-11,2026-04-11,1637,0.0567451820128481,0.0136443661971832,0.0001043018296279,2,,unknown
2026-04-11,2026-04-11,1638,0.0019845044446091,0.0019845044446091,6.705117618938232e-05,1,,unknown
2026-04-11,2026-04-11,1639,0.0028318370789901,0.0231128596016718,4.966753791806096e-05,2,,unknown
2026-04-11,2026-04-11,1640,-0.0450871389106782,-0.061318224487059,8.381397023672789e-05,3,,unknown
2026-04-11,2026-04-11,1641,-0.0020280218915238,-0.0020280218915238,0.0001043018296279,1,,unknown
2026-04-11,2026-04-11,1642,-0.0129946344735076,-0.0245256442124449,0.0001043018296279,2,,unknown
2026-04-11,2026-04-11,1645,0.0121415114088339,0.0121415114088339,0.0001043018296279,1,,unknown
2026-04-11,2026-04-11,1646,0.0211572623300932,0.0211572623300932,0.0001043018296279,1,,unknown
2026-04-11,2026-04-11,1647,0.0028263557675323,0.0028263557675323,6.705117618938232e-05,1,,unknown
2026-04-11,2026-04-11,1648,-0.0107855626326963,0.0065023438681386,8.381397023672789e-05,2,,unknown
2026-04-11,2026-04-11,1650,-0.0055377118174769,0.0365966289540522,4.966753791806096e-05,2,,unknown
2026-04-11,2026-04-11,1651,0.0271934645747977,0.0271934645747977,8.381397023672789e-05,1,,unknown
2026-04-11,2026-04-11,1652,0.0280154336520719,0.0280154336520719,8.381397023672789e-05,1,,unknown
2026-04-11,2026-04-11,1653,0.0693363214594637,0.0978021756241296,6.705117618938232e-05,3,,unknown
2026-04-11,2026-04-11,1654,0.033434650455927,0.0256410256410255,8.381397023672789e-05,3,,unknown
2026-04-11,2026-04-11,1655,-0.0192427372980507,0.030471059032773,6.705117618938232e-05,3,,unknown
2026-04-11,2026-04-11,1656,-0.0334759358288769,-0.0334759358288769,8.381397023672789e-05,1,,unknown
2026-04-11,2026-04-11,1657,-0.0062413519003738,-0.0214240157708586,0.0001043018296279,2,,unknown
2026-04-11,2026-04-11,1658,0.0076674737691686,0.0494536284673579,6.705117618938232e-05,2,,unknown
2026-04-11,2026-04-11,1659,-0.0012055455093429,-0.0012055455093429,0.0001043018296279,1,,unknown
2026-04-11,2026-04-11,1661,-0.0177766327450726,0.0132890365448505,4.966753791806096e-05,3,,unknown
2026-04-11,2026-04-11,1662,-0.0119730185497469,-0.0302879841112214,6.705117618938232e-05,2,,unknown
2026-04-11,2026-04-11,1663,0.0237983158114964,0.0759674582233951,8.381397023672789e-05,2,,unknown
2026-04-11,2026-04-11,1664,0.035716656708491,0.035716656708491,7.450130687709147e-05,1,,unknown
2026-04-11,2026-04-11,1665,-0.0040658955485455,-0.0073365008384573,4.966753791806096e-05,2,,unknown
2026-04-11,2026-04-11,1666,-0.0027250632165565,-0.0457150911482804,6.705117618938232e-05,2,,unknown
2026-04-11,2026-04-11,1667,-0.0324808378234804,-0.0324808378234804,6.705117618938232e-05,1,,unknown
2026-04-11,2026-04-11,1668,-0.0285938862954477,-0.0129637385435029,6.705117618938232e-05,2,,unknown
2026-04-11,2026-04-11,1669,-0.0280519480519479,-0.0280519480519479,8.381397023672789e-05,1,,unknown
2026-04-11,2026-04-11,1670,-0.0205525606469002,-0.0205525606469002,8.381397023672789e-05,1,,unknown
2026-04-11,2026-04-11,1671,-0.0011485251892455,-0.0011485251892455,6.705117618938232e-05,1,,unknown
2026-04-11,2026-04-11,1672,0.0082653220356605,0.0082653220356605,6.705117618938232e-05,1,,unknown
2026-04-11,2026-04-11,1674,0.0212422073424149,0.0438989851309887,0.0001043018296279,2,,unknown
2026-04-11,2026-04-11,1676,0.0069141580682905,0.0451584409848737,6.705117618938232e-05,3,,unknown
2026-04-11,2026-04-11,1679,0.0112311426259934,-0.012684694730973,7.450130687709147e-05,3,,unknown
2026-04-11,2026-04-11,1681,-0.008533267375711,0.0004991888181706,6.705117618938232e-05,3,,unknown
2026-04-11,2026-04-11,1682,-0.0116845530209063,-0.0302159034784447,6.705117618938232e-05,3,,unknown
2026-04-11,2026-04-11,1683,0.0275447700050719,0.017855072463768,0.0001043018296279,2,,unknown
2026-04-11,2026-04-11,1684,0.0138810198300283,0.0384950188606247,8.381397023672789e-05,3,,unknown
2026-04-11,2026-04-11,1685,0.0082017010935599,0.0082017010935599,6.705117618938232e-05,1,,unknown
2026-04-11,2026-04-11,1686,-0.0056472632493483,-0.0136455041654696,4.966753791806096e-05,3,,unknown
2026-04-11,2026-04-11,1688,-0.0236826831391733,-0.0314623839439023,8.381397023672789e-05,2,,unknown
2026-04-11,2026-04-11,1690,0.0027975940691005,0.0507108310127508,6.705117618938232e-05,3,,unknown
2026-04-11,2026-04-11,1691,-0.0430991667126537,-0.0756436910283063,6.705117618938232e-05,2,,unknown
2026-04-11,2026-04-11,1692,0.0149812734082397,0.0297373203370228,4.966753791806096e-05,3,,unknown
2026-04-11,2026-04-11,1693,0.0122695204662417,0.0122695204662417,4.966753791806096e-05,1,,unknown
2026-04-11,2026-04-11,1694,0.0272489082969433,0.0120025812002582,6.705117618938232e-05,3,,unknown
2026-04-11,2026-04-11,1696,-0.0319627101714666,-0.0102127659574469,8.381397023672789e-05,2,,unknown
2026-04-11,2026-04-11,1697,-0.0065078925505399,-0.0115037542191911,8.381397023672789e-05,2,,unknown
2026-04-11,2026-04-11,1698,0.0060783752860411,0.0282853384008185,4.966753791806096e-05,2,,unknown
2026-04-11,2026-04-11,1700,0.0072796602825202,0.0169743634613701,6.705117618938232e-05,3,,unknown
2026-04-11,2026-04-11,1701,0.0210330519387609,0.0724376314998496,6.705117618938232e-05,3,,unknown
2026-04-11,2026-04-11,1702,-0.0111266699466373,0.0257124911674648,0.0001043018296279,3,,unknown
2026-04-11,2026-04-11,1703,0.022581109124905,0.022581109124905,6.705117618938232e-05,1,,unknown
2026-04-11,2026-04-11,1704,-0.0395536395347841,-0.0395536395347841,6.705117618938232e-05,1,,unknown
2026-04-11,2026-04-11,1705,-0.0191745669684225,-0.0191745669684225,4.966753791806096e-05,1,,unknown
2026-04-11,2026-04-11,1706,-0.0383994837044207,-0.0020929259104226,8.381397023672789e-05,3,,unknown
2026-04-11,2026-04-11,1707,0.0155065472088213,0.0155065472088213,6.705117618938232e-05,1,,unknown
2026-04-11,2026-04-11,1708,-0.0985200845665961,-0.0985200845665961,8.381397023672789e-05,1,,unknown
2026-04-11,2026-04-11,1709,-0.0271431112918393,-0.0271431112918393,6.705117618938232e-05,1,,unknown
2026-04-11,2026-04-11,1712,0.0031377470975839,-0.005654989114146,0.0001043018296279,3,,unknown
2026-04-11,2026-04-11,1713,-0.0427365774824922,-0.0427365774824922,6.705117618938232e-05,1,,unknown
2026-04-11,2026-04-11,1714,-0.0163878456811198,-0.0284397482014387,0.0001043018296279,3,,unknown
2026-04-11,2026-04-11,1716,0.0037305244678516,-0.014648858250754,8.381397023672789e-05,3,,unknown
2026-04-11,2026-04-11,1717,0.0227933403805495,0.0227933403805495,7.450130687709147e-05,1,,unknown
2026-04-11,2026-04-11,1718,-0.0010720986330742,-0.0034759358288768,8.381397023672789e-05,3,,unknown
2026-04-11,2026-04-11,1719,0.025379593633096,0.0109929847400012,0.0001043018296279,2,,unknown
2026-04-11,2026-04-11,1720,-0.0112143543735981,-0.0112143543735981,4.966753791806096e-05,1,,unknown
2026-04-11,2026-04-11,1721,0.0131297935499468,0.0028452717300979,6.705117618938232e-05,3,,unknown
2026-04-11,2026-04-11,1723,-0.0268659295093296,-0.0268659295093296,8.381397023672789e-05,1,,unknown
2026-04-11,2026-04-11,1724,-0.0107650903498655,-0.0107650903498655,7.450130687709147e-05,1,,unknown
2026-04-11,2026-04-11,1726,0.0226184140500267,0.0479956367602945,0.0001043018296279,3,,unknown
2026-04-11,2026-04-11,1727,-0.0012186205215697,-0.0012186205215697,6.705117618938232e-05,1,,unknown
2026-04-11,2026-04-11,1728,-0.0185382484551459,-0.0185382484551459,4.966753791806096e-05,1,,unknown
2026-04-11,2026-04-11,1729,0.0083077709611452,0.0083077709611452,6.705117618938232e-05,1,,unknown
2026-04-11,2026-04-11,1730,-0.0209371884346959,-0.0209371884346959,6.705117618938232e-05,1,,unknown
2026-04-11,2026-04-11,1731,0.0013003901170349,0.0071942446043167,6.705117618938232e-05,2,,unknown
2026-04-11,2026-04-11,1732,-0.0126146788990827,-0.0276679841897234,6.705117618938232e-05,3,,unknown
2026-04-11,2026-04-11,1733,-0.0040675297410776,0.0444294953139572,6.705117618938232e-05,3,,unknown
2026-04-11,2026-04-11,1734,0.0021712402228792,0.0021712402228792,8.381397023672789e-05,1,,unknown
2026-04-11,2026-04-11,1735,-0.0304176867720157,-0.0343579134032807,6.705117618938232e-05,2,,unknown
2026-04-11,2026-04-11,1737,-0.0155433646812956,-0.0155433646812956,0.0001043018296279,1,,unknown
2026-04-11,2026-04-11,1738,0.0191873589164786,0.038594249201278,6.705117618938232e-05,3,,unknown
2026-04-11,2026-04-11,1739,0.0419079881980111,0.0420218579234974,6.705117618938232e-05,3,,unknown
2026-04-11,2026-04-11,1740,-0.0066738639709491,-0.0066738639709491,4.966753791806096e-05,1,,unknown
2026-04-11,2026-04-11,1741,-0.031414770841783,-0.050701069673316,6.705117618938232e-05,2,,unknown
2026-04-11,2026-04-11,1742,-0.0085880702351091,-0.0085880702351091,6.705117618938232e-05,1,,unknown
2026-04-11,2026-04-11,1744,-0.0068021252992352,0.0021503475904323,4.966753791806096e-05,3,,unknown
2026-04-11,2026-04-11,1745,-0.0420392156862745,-0.0463772642098689,6.705117618938232e-05,3,,unknown
2026-04-11,2026-04-11,1747,0.0242836328314715,0.0409674234945705,0.0001043018296279,2,,unknown
2026-04-11,2026-04-11,1752,-0.0175499137293566,0.0083485124468731,6.705117618938232e-05,2,,unknown
2026-04-11,2026-04-11,1753,0.0067122799053147,-0.0091596719114033,6.705117618938232e-05,2,,unknown
2026-04-11,2026-04-11,1754,0.0080858710043503,0.0080858710043503,6.705117618938232e-05,1,,unknown
2026-04-11,2026-04-11,1755,-0.0028602726387536,-0.0149693399062161,6.705117618938232e-05,3,,unknown
2026-04-11,2026-04-11,1759,-0.0594855305466237,0.010054844606947,0.0001043018296279,3,,unknown
2026-04-11,2026-04-11,1761,0.0145800963636077,-0.029203291752598,4.966753791806096e-05,2,,unknown
2026-04-11,2026-04-11,1762,-0.0157977072807941,-0.0241812449145646,4.966753791806096e-05,2,,unknown
2026-04-11,2026-04-11,1763,-0.0308190022135194,-0.0308190022135194,0.0001043018296279,1,,unknown
2026-04-11,2026-04-11,1764,-0.0100067102835095,-0.0069748266810256,0.0001043018296279,3,,unknown
2026-04-11,2026-04-11,1765,0.0155275550464555,0.0155275550464555,4.966753791806096e-05,1,,unknown
2026-04-11,2026-04-11,1766,0.0251093471569738,0.0251093471569738,6.705117618938232e-05,1,,unknown
2026-04-11,2026-04-11,1767,-0.0144501077189848,-0.0159496327387197,8.381397023672789e-05,2,,unknown
2026-04-11,2026-04-11,1768,-0.0169971377608163,0.0053561579907512,6.705117618938232e-05,3,,unknown
2026-04-11,2026-04-11,1769,-0.0319735391400221,-0.0167973124300112,6.705117618938232e-05,2,,unknown
2026-04-11,2026-04-11,1770,0.0117222723174028,0.0117222723174028,6.705117618938232e-05,1,,unknown
2026-04-11,2026-04-11,1771,0.0549506204102303,0.0731581658938689,6.705117618938232e-05,3,,unknown
2026-04-11,2026-04-11,1772,0.0292049756625203,0.017783126086375,6.705117618938232e-05,2,,unknown
2026-04-11,2026-04-11,1773,-0.0114442150614845,-0.0238854914473101,4.966753791806096e-05,3,,unknown
2026-04-11,2026-04-11,1775,-0.0074850299401196,-0.0177777777777776,0.0001043018296279,2,,unknown
2026-04-11,2026-04-11,1776,-0.0099842354177615,-0.0099842354177615,6.705117618938232e-05,1,,unknown
2026-04-11,2026-04-11,1777,0.0131708923279552,0.0131708923279552,6.705117618938232e-05,1,,unknown
2026-04-11,2026-04-11,1778,-0.0288524817290706,-0.0757515822784811,4.966753791806096e-05,2,,unknown
2026-04-11,2026-04-11,1779,-0.0317286719681664,-0.0317286719681664,8.381397023672789e-05,1,,unknown
2026-04-11,2026-04-11,1781,-0.0071789793825369,0.043565534161029,0.0001043018296279,3,,unknown
2026-04-11,2026-04-11,1782,-0.012595889762288,-0.0206190409093043,6.705117618938232e-05,3,,unknown
2026-04-11,2026-04-11,1783,0.0084637086432417,0.0922222222222222,0.0001043018296279,3,,unknown
2026-04-11,2026-04-11,1784,0.0076720085283374,0.0076720085283374,6.705117618938232e-05,1,,unknown
2026-04-11,2026-04-11,1786,0.0155471004985567,0.0304179978700744,0.0001043018296279,2,,unknown
2026-04-11,2026-04-11,1787,-0.0126644413901434,0.0545244835902274,6.705117618938232e-05,3,,unknown
2026-04-11,2026-04-11,1788,0.0142145673376219,-0.0282334228054478,8.381397023672789e-05,3,,unknown
2026-04-11,2026-04-11,1789,-0.0028506271379703,-0.0223588596981554,0.0001043018296279,3,,unknown
2026-04-11,2026-04-11,1790,0.0054806070826307,0.0054806070826307,0.0001043018296279,1,,unknown
2026-04-11,2026-04-11,1792,0.0111336775393349,0.062262210796915,6.705117618938232e-05,3,,unknown
2026-04-11,2026-04-11,1793,-0.0083290488431876,-0.0251693116344891,6.705117618938232e-05,2,,unknown
2026-04-11,2026-04-11,1794,-0.0027587519025875,-0.0027587519025875,6.705117618938232e-05,1,,unknown
2026-04-11,2026-04-11,1795,0.0018556701030927,0.0018556701030927,0.0001043018296279,1,,unknown
2026-04-11,2026-04-11,1796,-0.0251221947758448,-0.0191422981333615,0.0001043018296279,2,,unknown
2026-04-11,2026-04-11,1797,0.0299094437257438,-0.0027557871530213,6.705117618938232e-05,2,,unknown
2026-04-11,2026-04-11,1798,0.0211741729909376,0.032488452655889,6.705117618938232e-05,2,,unknown
2026-04-11,2026-04-11,1800,0.0200614494849087,0.0200614494849087,6.705117618938232e-05,1,,unknown
2026-04-11,2026-04-11,1801,-0.0316537638386134,-0.0334159721489608,6.705117618938232e-05,3,,unknown
2026-04-11,2026-04-11,1802,0.0286238177957922,0.0286238177957922,0.0001043018296279,1,,unknown
2026-04-11,2026-04-11,1803,-0.0128522762465159,-0.0128522762465159,8.381397023672789e-05,1,,unknown
2026-04-11,2026-04-11,1806,-0.0120027832540878,-0.0120027832540878,6.705117618938232e-05,1,,unknown
2026-04-11,2026-04-11,1807,0.009308799860803,0.009308799860803,0.0001043018296279,1,,unknown
2026-04-11,2026-04-11,1809,-0.0016197417941022,-0.0016197417941022,6.705117618938232e-05,1,,unknown
2026-04-11,2026-04-11,1810,0.0115794349235758,0.0115794349235758,6.705117618938232e-05,1,,unknown
2026-04-11,2026-04-11,1811,-0.0009356998742653,0.008739039296153,6.705117618938232e-05,2,,unknown
2026-04-11,2026-04-11,1812,0.0053073861123396,0.0053073861123396,4.966753791806096e-05,1,,unknown
2026-04-11,2026-04-11,1813,0.0008403361344535,0.0008403361344535,6.705117618938232e-05,1,,unknown
2026-04-11,2026-04-11,1815,0.0176937156802927,0.0176937156802927,0.0001043018296279,1,,unknown
2026-04-11,2026-04-11,1816,0.0045330263347245,0.0165283238677733,4.966753791806096e-05,3,,unknown
2026-04-11,2026-04-11,1817,-0.0041523192221997,-0.0041523192221997,6.705117618938232e-05,1,,unknown
2026-04-11,2026-04-11,1818,-0.0105820105820104,-0.0105820105820104,6.705117618938232e-05,1,,unknown
2026-04-11,2026-04-11,1819,-0.0345659163987137,-0.0395841663334667,8.381397023672789e-05,2,,unknown
2026-04-11,2026-04-11,1820,-0.0004104892065484,-0.0259529411764705,6.705117618938232e-05,2,,unknown
2026-04-11,2026-04-11,1822,0.0171890798786653,0.0233977619532046,6.705117618938232e-05,2,,unknown
2026-04-11,2026-04-11,1824,-0.0001710863986313,-0.0001710863986313,6.705117618938232e-05,1,,unknown
2026-04-11,2026-04-11,1825,-0.0013579576317218,0.011276127612761,4.966753791806096e-05,3,,unknown
2026-04-11,2026-04-11,1826,-0.0092278051006439,-0.0092278051006439,6.705117618938232e-05,1,,unknown
2026-04-11,2026-04-11,1827,-0.0083585024935027,-0.037168383004842,6.705117618938232e-05,3,,unknown
2026-04-11,2026-04-11,1828,0.0071099154496541,-0.0247487904726461,4.966753791806096e-05,3,,unknown
2026-04-11,2026-04-11,1829,-0.0086597938144329,-0.0226980147706483,0.0001043018296279,3,,unknown
2026-04-11,2026-04-11,1830,0.0027532129995704,-0.0015461543522601,6.705117618938232e-05,2,,unknown
2026-04-11,2026-04-11,1831,-0.0012937595129377,-0.0012937595129377,6.705117618938232e-05,1,,unknown
2026-04-11,2026-04-11,1833,0.0144230769230768,0.0956973293768548,6.705117618938232e-05,3,,unknown
2026-04-11,2026-04-11,1834,0.0032930522478022,0.0032930522478022,4.966753791806096e-05,1,,unknown
2026-04-11,2026-04-11,1835,0.0057185479860766,0.0057185479860766,8.381397023672789e-05,1,,unknown
2026-04-11,2026-04-11,1836,0.0493717709638958,0.0041246160596752,4.966753791806096e-05,3,,unknown
2026-04-11,2026-04-11,1837,0.0130173564753004,0.0130173564753004,8.381397023672789e-05,1,,unknown
2026-04-11,2026-04-11,1838,-0.029124709527498,0.0198203475883618,7.450130687709147e-05,3,,unknown
2026-04-11,2026-04-11,1840,-0.0479718131719215,-0.0479718131719215,0.0001043018296279,1,,unknown
2026-04-11,2026-04-11,1844,-0.0204271123491179,0.0009487666034153,8.381397023672789e-05,3,,unknown
2026-04-11,2026-04-11,1845,0.0153332703630237,0.0052839129011643,6.705117618938232e-05,3,,unknown
2026-04-11,2026-04-11,1846,0.0210519026349502,0.0210519026349502,6.705117618938232e-05,1,,unknown
2026-04-11,2026-04-11,1847,-0.0389928698752227,-0.0132692747654997,6.705117618938232e-05,2,,unknown
2026-04-11,2026-04-11,1848,0.000639795265515,-0.0445937690897983,6.705117618938232e-05,3,,unknown
2026-04-11,2026-04-11,1849,-0.0189828503843879,-0.0613099448295375,6.705117618938232e-05,3,,unknown
2026-04-11,2026-04-11,1852,0.0070280953435672,0.0070280953435672,6.705117618938232e-05,1,,unknown
2026-04-11,2026-04-11,1853,-0.0177394830207805,-0.0117287098419174,0.0001043018296279,2,,unknown
2026-04-11,2026-04-11,1854,0.002803738317757,-0.0009310986964619,4.966753791806096e-05,2,,unknown
2026-04-11,2026-04-11,1856,-0.0410880730454632,-0.0446318582393633,8.381397023672789e-05,3,,unknown
2026-04-11,2026-04-11,1857,0.0729740975761989,0.0767825451508508,4.966753791806096e-05,3,,unknown
2026-04-11,2026-04-11,1858,-0.0270027002700269,-0.0256872465074358,6.705117618938232e-05,3,,unknown
2026-04-11,2026-04-11,1860,0.0084777127524229,-0.019131041258104,6.705117618938232e-05,3,,unknown
2026-04-11,2026-04-11,1861,-0.0054842601733026,0.0208573760801642,6.705117618938232e-05,3,,unknown
2026-04-11,2026-04-11,1862,0.0206707140792135,0.0279516669093025,8.381397023672789e-05,3,,unknown
2026-04-11,2026-04-11,1863,-0.0087593041904839,-0.0207994800129996,6.705117618938232e-05,3,,unknown
2026-04-11,2026-04-11,1864,-0.0042060988433229,-0.0135416666666667,0.0001043018296279,3,,unknown
2026-04-11,2026-04-11,1865,0.030539506265476,0.0221031480241125,0.0001043018296279,3,,unknown
2026-04-11,2026-04-11,1866,0.0099608542304561,-0.0072008229511946,4.966753791806096e-05,3,,unknown
2026-04-11,2026-04-11,1867,-0.0250505050505049,-0.0369828388984966,4.966753791806096e-05,3,,unknown
2026-04-11,2026-04-11,1868,0.0467181203469708,0.0121524337890497,6.705117618938232e-05,2,,unknown
2026-04-11,2026-04-11,1869,0.0421090890210027,0.0603603127641589,6.705117618938232e-05,3,,unknown
2026-04-11,2026-04-11,1870,0.0285152409046214,0.1033755274261603,0.0001043018296279,2,,unknown
2026-04-11,2026-04-11,1871,0.0053564070869385,-0.0226316843581014,0.0001043018296279,3,,unknown
2026-04-11,2026-04-11,1872,0.0042194092827003,-0.0165289256198346,4.966753791806096e-05,2,,unknown
2026-04-11,2026-04-11,1873,0.0023123296721447,0.0023123296721447,6.705117618938232e-05,1,,unknown
2026-04-11,2026-04-11,1874,0.0201262825572219,-0.0274642588412338,0.0001043018296279,2,,unknown
2026-04-11,2026-04-11,1875,-0.0514638609332113,-0.0514638609332113,6.705117618938232e-05,1,,unknown
2026-04-11,2026-04-11,1876,-0.0291595197255574,-0.0199134199134198,6.705117618938232e-05,3,,unknown
2026-04-11,2026-04-11,1877,0.0010775862068965,0.0485327313769752,0.0001043018296279,2,,unknown
2026-04-11,2026-04-11,1878,-0.0001026799466065,-0.0001026799466065,6.705117618938232e-05,1,,unknown
2026-04-11,2026-04-11,1879,-0.0395934466019417,-0.0457457231140251,0.0001043018296279,3,,unknown
2026-04-11,2026-04-11,1880,0.0051037207770825,-0.0231218497479799,0.0001043018296279,2,,unknown
2026-04-11,2026-04-11,1882,0.0175924810218099,0.0175924810218099,6.705117618938232e-05,1,,unknown
2026-04-11,2026-04-11,1883,0.0204761904761905,0.0263409961685825,8.381397023672789e-05,2,,unknown
2026-04-11,2026-04-11,1884,0.0157839354612416,0.0373636063044195,4.966753791806096e-05,2,,unknown
2026-04-11,2026-04-11,1885,0.0181255526083112,-0.0086095566078344,0.0001043018296279,3,,unknown
2026-04-11,2026-04-11,1886,-0.0249046443796275,-0.0180750112968819,6.705117618938232e-05,2,,unknown
2026-04-11,2026-04-11,1887,0.0153424187880346,-0.0021059725381179,6.705117618938232e-05,2,,unknown
2026-04-11,2026-04-11,1888,-0.0285944692718658,-0.0335951863613569,6.705117618938232e-05,3,,unknown
2026-04-11,2026-04-11,1889,-0.0275084827920503,-0.0275084827920503,8.381397023672789e-05,1,,unknown
2026-04-11,2026-04-11,1891,0.0009315943571999,-0.0086555360281196,6.705117618938232e-05,3,,unknown
2026-04-11,2026-04-11,1893,0.0205783218023771,-0.0160345491084791,4.966753791806096e-05,3,,unknown
2026-04-11,2026-04-11,1894,-0.0079688330086771,-0.0119929453262788,0.0001043018296279,3,,unknown
2026-04-11,2026-04-11,1896,-0.0037453183520598,0.08130081300813,6.705117618938232e-05,3,,unknown
2026-04-11,2026-04-11,1897,0.0053885265833977,0.0031431801262784,8.381397023672789e-05,3,,unknown
2026-04-11,2026-04-11,1898,-3.315430011274767e-05,-3.315430011274767e-05,6.705117618938232e-05,1,,unknown
2026-04-11,2026-04-11,1899,0.0292775296174014,0.0473555495170574,6.705117618938232e-05,3,,unknown
2026-04-11,2026-04-11,2002,0.0114379084967319,0.0473773265651438,6.705117618938232e-05,3,,unknown
2026-04-11,2026-04-11,2003,0.0196319018404906,0.0196319018404906,6.705117618938232e-05,1,,unknown
2026-04-11,2026-04-11,2004,-0.0153589766687685,-0.0005486215882593,6.705117618938232e-05,2,,unknown
2026-04-11,2026-04-11,2005,0.0102077910747262,0.0102077910747262,6.705117618938232e-05,1,,unknown
2026-04-11,2026-04-11,2008,0.0091848450057405,0.0091848450057405,6.705117618938232e-05,1,,unknown
2026-04-11,2026-04-11,2009,-0.0256722363616245,-0.0256722363616245,0.0001043018296279,1,,unknown
2026-04-11,2026-04-11,2011,0.0189347290640393,0.0189347290640393,6.705117618938232e-05,1,,unknown
2026-04-11,2026-04-11,2013,0.0107530023668294,-0.0165467830438118,0.0001043018296279,2,,unknown
2026-04-11,2026-04-11,2014,-0.0370644922164565,-0.0136674259681092,6.705117618938232e-05,3,,unknown
2026-04-11,2026-04-11,2015,-0.0045444937645319,-0.0045444937645319,0.0001043018296279,1,,unknown
2026-04-11,2026-04-11,2016,0.0223356118224702,0.0548326214363761,6.705117618938232e-05,3,,unknown
2026-04-11,2026-04-11,2017,0.0081552764638721,0.0081552764638721,7.450130687709147e-05,1,,unknown
2026-04-11,2026-04-11,2018,0.0210901529778702,0.0210901529778702,0.0001043018296279,1,,unknown
2026-04-11,2026-04-11,2020,-0.033909574468085,-0.033909574468085,6.705117618938232e-05,1,,unknown
2026-04-11,2026-04-11,2021,-0.0309288979002715,-0.0309288979002715,8.381397023672789e-05,1,,unknown
2026-04-11,2026-04-11,2023,-0.011876355748373,-0.011876355748373,8.381397023672789e-05,1,,unknown
2026-04-11,2026-04-11,2025,-0.0102049015668943,-0.0184860557768924,6.705117618938232e-05,2,,unknown
2026-04-11,2026-04-11,2027,0.0080458786270649,0.0145589248793933,6.705117618938232e-05,2,,unknown
2026-04-11,2026-04-11,2028,0.0299299109679862,0.0373974432360235,0.0001043018296279,2,,unknown
2026-04-11,2026-04-11,2029,-0.0035530085959886,-0.0227068345323742,6.705117618938232e-05,2,,unknown
2026-04-11,2026-04-11,2031,0.0005464480874315,0.0338791643139466,8.381397023672789e-05,3,,unknown
2026-04-11,2026-04-11,2032,-0.032275918319788,-0.0231703372636654,0.0001043018296279,2,,unknown
2026-04-11,2026-04-11,2033,-0.0325707201622901,-0.0326797385620915,6.705117618938232e-05,3,,unknown
2026-04-11,2026-04-11,2034,-0.0252066948981649,-0.0378297369129717,6.705117618938232e-05,2,,unknown
2026-04-11,2026-04-11,2035,-0.0201575658788373,-0.0201575658788373,4.966753791806096e-05,1,,unknown
2026-04-11,2026-04-11,2036,-0.0109890109890109,0.0112359550561798,6.705117618938232e-05,2,,unknown
2026-04-11,2026-04-11,2037,0.0155123785647133,0.0536498130385303,4.966753791806096e-05,3,,unknown
2026-04-11,2026-04-11,2038,0.0986570247933884,0.0986570247933884,6.705117618938232e-05,1,,unknown
2026-04-11,2026-04-11,2039,-0.0023261662265811,-0.0023261662265811,6.705117618938232e-05,1,,unknown
2026-04-11,2026-04-11,2040,0.0018985791278784,0.0018985791278784,6.705117618938232e-05,1,,unknown
2026-04-11,2026-04-11,2041,0.0126582278481011,0.0126582278481011,6.705117618938232e-05,1,,unknown
2026-04-11,2026-04-11,2042,-0.0310286677908937,-0.0310286677908937,6.705117618938232e-05,1,,unknown
2026-04-11,2026-04-11,2043,0.0435897435897436,0.0626631853785899,6.705117618938232e-05,3,,unknown
2026-04-11,2026-04-11,2044,-0.0148826030689592,0.0315555125350885,7.450130687709147e-05,2,,unknown
2026-04-11,2026-04-11,2045,0.0334964245389537,0.0334964245389537,8.381397023672789e-05,1,,unknown
2026-04-11,2026-04-11,2046,0.0166618787704682,-0.0153032832498607,6.705117618938232e-05,2,,unknown
2026-04-11,2026-04-11,2047,-0.0227897838899803,-0.0110021208907741,8.381397023672789e-05,2,,unknown
2026-04-11,2026-04-11,2048,0.0187674359624652,-0.0180884869225126,8.381397023672789e-05,3,,unknown
2026-04-11,2026-04-11,2049,-0.0395532805956257,-0.0562414266117969,6.705117618938232e-05,3,,unknown
2026-04-11,2026-04-11,2050,0.0093749999999999,0.0408751696065128,6.705117618938232e-05,3,,unknown
2026-04-11,2026-04-11,2051,-0.0386929924901775,-0.0386929924901775,8.381397023672789e-05,1,,unknown
2026-04-11,2026-04-11,2052,0.0075810918649956,0.0542226369686402,6.705117618938232e-05,3,,unknown
2026-04-11,2026-04-11,2053,-0.0110787172011661,-0.0110787172011661,6.705117618938232e-05,1,,unknown
2026-04-11,2026-04-11,2054,-0.0161387762147234,0.0304153296877116,8.381397023672789e-05,3,,unknown
2026-04-11,2026-04-11,2055,-0.012828852269442,0.0039692748722852,8.381397023672789e-05,2,,unknown
2026-04-11,2026-04-11,2056,0.024470588235294,0.0441247002398079,6.705117618938232e-05,3,,unknown
2026-04-11,2026-04-11,2057,0.0354687595059923,0.0557330273237599,6.705117618938232e-05,2,,unknown
2026-04-11,2026-04-11,2059,-0.0137047298634475,-0.0137047298634475,4.966753791806096e-05,1,,unknown
2026-04-11,2026-04-11,2060,-0.0055632823365785,-0.0055632823365785,6.705117618938232e-05,1,,unknown
2026-04-11,2026-04-11,2061,0.0092222563787274,-0.0006696700353095,0.0001043018296279,3,,unknown
2026-04-11,2026-04-11,2062,-0.0221136445892147,-0.0500650423654327,6.705117618938232e-05,2,,unknown
2026-04-11,2026-04-11,2063,0.0154798761609908,0.0154798761609908,6.705117618938232e-05,1,,unknown
2026-04-11,2026-04-11,2064,-0.0080617579518247,-0.0080617579518247,8.381397023672789e-05,1,,unknown
2026-04-11,2026-04-11,2065,0.0035665582712682,0.0260067563944448,6.705117618938232e-05,3,,unknown
2026-04-11,2026-04-11,2067,0.0241861243618712,0.0313500758469578,6.705117618938232e-05,2,,unknown
2026-04-11,2026-04-11,2068,0.0189132449454352,-0.0220911236159012,6.705117618938232e-05,3,,unknown
2026-04-11,2026-04-11,2069,-0.0273094031240301,0.0268646936769685,0.0001043018296279,3,,unknown
2026-04-11,2026-04-11,2070,0.0198930747233618,0.0210864369647478,6.705117618938232e-05,3,,unknown
2026-04-11,2026-04-11,2071,0.0010256013313465,0.0010256013313465,6.705117618938232e-05,1,,unknown
2026-04-11,2026-04-11,2072,-0.0130648961233668,0.0196382143054711,6.705117618938232e-05,3,,unknown
2026-04-11,2026-04-11,2073,0.0201470736375541,0.0201470736375541,0.0001043018296279,1,,unknown
2026-04-11,2026-04-11,2074,0.0107432366442035,0.0237412206944307,6.705117618938232e-05,2,,unknown
2026-04-11,2026-04-11,2076,0.0176183898459694,0.0095930082225783,4.966753791806096e-05,2,,unknown
2026-04-11,2026-04-11,2077,0.0480920654148999,0.0147783251231525,8.381397023672789e-05,2,,unknown
2026-04-11,2026-04-11,2078,0.0600147275405007,0.0672845227062095,6.705117618938232e-05,3,,unknown
2026-04-11,2026-04-11,2080,0.0117117117117118,0.0280744583460481,4.966753791806096e-05,2,,unknown
2026-04-11,2026-04-11,2081,0.0244826581171668,0.0619335347432024,0.0001043018296279,2,,unknown
2026-04-11,2026-04-11,2082,-0.0120147874306839,-0.0120147874306839,6.705117618938232e-05,1,,unknown
2026-04-11,2026-04-11,2083,-0.000478927203065,-0.000478927203065,8.381397023672789e-05,1,,unknown
2026-04-11,2026-04-11,2084,-0.0082956646805013,-0.0082956646805013,8.381397023672789e-05,1,,unknown
2026-04-11,2026-04-11,2085,-0.0401679751688881,-0.0587287376902417,4.966753791806096e-05,3,,unknown
2026-04-11,2026-04-11,2086,-0.0135088025100226,0.0064911968699983,6.705117618938232e-05,2,,unknown
2026-04-11,2026-04-11,2087,0.045629847900507,0.1099866599199597,6.705117618938232e-05,2,,unknown
2026-04-11,2026-04-11,2088,-0.0378173960021611,-0.0367766360194699,8.381397023672789e-05,3,,unknown
2026-04-11,2026-04-11,2089,-0.0314033366045142,-0.0120120120120119,0.0001043018296279,3,,unknown
2026-04-11,2026-04-11,2090,0.0204241948153967,-0.0298730395817774,0.0001043018296279,2,,unknown
2026-04-11,2026-04-11,2091,-0.0234460196292257,-0.0551305724083354,8.381397023672789e-05,2,,unknown
2026-04-11,2026-04-11,2092,-0.0350481771567025,-0.0350481771567025,0.0001043018296279,1,,unknown
2026-04-11,2026-04-11,2093,0.036574074074074,-0.0024504343951882,4.966753791806096e-05,3,,unknown
2026-04-11,2026-04-11,2094,0.0074708855196661,0.0074708855196661,8.381397023672789e-05,1,,unknown
2026-04-11,2026-04-11,2095,0.0063459829927656,0.0063459829927656,6.705117618938232e-05,1,,unknown
2026-04-11,2026-04-11,2097,-0.0059241706161137,-0.0045481510777141,7.450130687709147e-05,2,,unknown
2026-04-11,2026-04-11,2098,-0.0297605297605297,-0.0297605297605297,6.705117618938232e-05,1,,unknown
2026-04-11,2026-04-11,2099,0.05125977410947,0.0087536473530638,6.705117618938232e-05,2,,unknown
2026-04-11,2026-04-11,2100,-0.0110290397652534,0.0093979138696684,0.0001043018296279,3,,unknown
2026-04-11,2026-04-11,2101,0.0241198684370811,-0.0149970708845929,6.705117618938232e-05,3,,unknown
2026-04-11,2026-04-11,2102,-0.0084152575697995,-0.0084152575697995,6.705117618938232e-05,1,,unknown
2026-04-11,2026-04-11,2103,0.0190835692565796,0.0190835692565796,4.966753791806096e-05,1,,unknown
2026-04-11,2026-04-11,2104,-0.0137860170398596,-0.0137860170398596,6.705117618938232e-05,1,,unknown
2026-04-11,2026-04-11,2106,-0.010928961748634,0.0157651836810042,6.705117618938232e-05,2,,unknown
2026-04-11,2026-04-11,2107,0.0004038772213246,-0.034307992202729,6.705117618938232e-05,3,,unknown
2026-04-11,2026-04-11,2108,0.04011052407846,0.04011052407846,0.0001043018296279,1,,unknown
2026-04-11,2026-04-11,2109,0.0305036827616993,0.0615419987737584,8.381397023672789e-05,2,,unknown
2026-04-11,2026-04-11,2110,0.0303486330574367,0.0163285502226619,6.705117618938232e-05,3,,unknown
2026-04-11,2026-04-11,2111,-0.0019896263412726,-0.0456405067745908,8.381397023672789e-05,3,,unknown
2026-04-11,2026-04-11,2113,0.0170856245090338,0.0170856245090338,0.0001043018296279,1,,unknown
2026-04-11,2026-04-11,2115,-0.0838757396449703,-0.0838757396449703,6.705117618938232e-05,1,,unknown
2026-04-11,2026-04-11,2116,-0.0146411712937034,-0.0212968849332485,6.705117618938232e-05,3,,unknown
2026-04-11,2026-04-11,2118,0.0477869173521348,0.0477869173521348,6.705117618938232e-05,1,,unknown
2026-04-11,2026-04-11,2120,0.0080388201935164,0.0080388201935164,6.705117618938232e-05,1,,unknown
2026-04-11,2026-04-11,2121,-0.014915884194053,0.0001489572989077,6.705117618938232e-05,3,,unknown
2026-04-11,2026-04-11,2122,0.0072563718140929,0.0083448400072041,8.381397023672789e-05,2,,unknown
2026-04-11,2026-04-11,2124,0.0072070912630106,0.0072070912630106,6.705117618938232e-05,1,,unknown
2026-04-11,2026-04-11,2125,-0.0435458786936235,-0.0276679841897233,8.381397023672789e-05,2,,unknown
2026-04-11,2026-04-11,2126,-0.0247074122236671,-0.0051401094345878,4.966753791806096e-05,2,,unknown
2026-04-11,2026-04-11,2127,-0.0271029913671954,0.0025861177200785,6.705117618938232e-05,2,,unknown
2026-04-11,2026-04-11,2128,-0.0397721644378404,-0.0397721644378404,6.705117618938232e-05,1,,unknown
2026-04-11,2026-04-11,2129,-0.0023354815822147,-0.0023354815822147,6.705117618938232e-05,1,,unknown
2026-04-11,2026-04-11,2130,0.0071112401131991,0.0373720008969278,0.0001043018296279,2,,unknown
2026-04-11,2026-04-11,2131,0.0049680745723357,0.0035289304101739,6.705117618938232e-05,2,,unknown
2026-04-11,2026-04-11,2132,-0.0037252128908012,-0.0037252128908012,6.705117618938232e-05,1,,unknown
2026-04-11,2026-04-11,2133,-0.0529899978718876,-0.0944240944240945,6.705117618938232e-05,3,,unknown
2026-04-11,2026-04-11,2134,-0.0014745120067405,-0.0014745120067405,8.381397023672789e-05,1,,unknown
2026-04-11,2026-04-11,2135,0.0214706966457796,0.0155128714080678,6.705117618938232e-05,3,,unknown
2026-04-11,2026-04-11,2136,-0.0124610591900311,-0.0124610591900311,6.705117618938232e-05,1,,unknown
2026-04-11,2026-04-11,2137,0.0088865191504488,0.0401282638570772,0.0001043018296279,3,,unknown
2026-04-11,2026-04-11,2138,0.0003995205753095,0.0032051282051281,6.705117618938232e-05,2,,unknown
2026-04-11,2026-04-11,2139,-0.0103571700555937,-0.0103571700555937,4.966753791806096e-05,1,,unknown
2026-04-11,2026-04-11,2140,-0.0103743797925124,-0.0383519614288845,4.966753791806096e-05,3,,unknown
2026-04-11,2026-04-11,2141,0.039080151220276,0.0689218732021632,6.705117618938232e-05,3,,unknown
2026-04-11,2026-04-11,2142,0.0387718746725347,0.0612922220437877,4.966753791806096e-05,3,,unknown
2026-04-11,2026-04-11,2143,0.0057226042869333,0.0298123875610383,6.705117618938232e-05,3,,unknown
2026-04-11,2026-04-11,2144,0.0237328280435813,0.0151728673431041,6.705117618938232e-05,2,,unknown
2026-04-11,2026-04-11,2145,-0.0047892720306512,-0.0047892720306512,6.705117618938232e-05,1,,unknown
2026-04-11,2026-04-11,2146,0.0371442753143613,0.0073115860517436,6.705117618938232e-05,3,,unknown
2026-04-11,2026-04-11,2147,-0.0145165066729102,-0.0191097646236306,0.0001043018296279,2,,unknown
2026-04-11,2026-04-11,2148,0.0331807164018314,0.0494323621939545,8.381397023672789e-05,3,,unknown
2026-04-11,2026-04-11,2149,0.0414476648145367,0.0414476648145367,6.705117618938232e-05,1,,unknown
2026-04-11,2026-04-11,2150,-0.002435825370058,0.0137090632140135,6.705117618938232e-05,2,,unknown
2026-04-11,2026-04-11,2151,0.0159479251423921,-0.0301382631660712,6.705117618938232e-05,2,,unknown
2026-04-11,2026-04-11,2152,0.0467419904039621,0.0473904289917919,0.0001043018296279,2,,unknown
2026-04-11,2026-04-11,2153,0.0378502035116907,0.1732325776658267,6.705117618938232e-05,3,,unknown
2026-04-11,2026-04-11,2154,-0.0111065405183051,0.0126368997472618,6.705117618938232e-05,2,,unknown
2026-04-11,2026-04-11,2159,-0.026580823177742,-0.026580823177742,6.705117618938232e-05,1,,unknown
2026-04-11,2026-04-11,2160,0.012875211431168,0.012875211431168,7.450130687709147e-05,1,,unknown
2026-04-11,2026-04-11,2161,0.002551950419249,0.008804108584006,6.705117618938232e-05,3,,unknown
2026-04-11,2026-04-11,2162,0.0018611996277599,-0.0162268435189543,0.0001043018296279,3,,unknown
2026-04-11,2026-04-11,2163,-0.0044557606619987,-0.0137331838565023,6.705117618938232e-05,2,,unknown
2026-04-11,2026-04-11,2164,0.0513922588099364,0.0948840119357015,0.0001043018296279,3,,unknown
2026-04-11,2026-04-11,2165,-0.0181523022432114,-0.0181523022432114,6.705117618938232e-05,1,,unknown
2026-04-11,2026-04-11,2166,0.013953488372093,0.0095708552022228,6.705117618938232e-05,3,,unknown
2026-04-11,2026-04-11,2168,-0.0179597701149425,-0.0179597701149425,6.705117618938232e-05,1,,unknown
2026-04-11,2026-04-11,2169,0.0366629553045967,0.0226737800094147,6.705117618938232e-05,2,,unknown
2026-04-11,2026-04-11,2170,0.0249757516973812,0.0491437081161578,8.381397023672789e-05,3,,unknown
2026-04-11,2026-04-11,2171,0.0024157367997237,0.0047273146546751,0.0001043018296279,3,,unknown
2026-04-11,2026-04-11,2172,0.00604370060437,-0.0025351463470844,6.705117618938232e-05,3,,unknown
2026-04-11,2026-04-11,2173,-0.0284785435630691,-0.0284785435630691,6.705117618938232e-05,1,,unknown
2026-04-11,2026-04-11,2174,0.0013352506162693,0.0013352506162693,4.966753791806096e-05,1,,unknown
2026-04-11,2026-04-11,2177,-0.0375012259881464,-0.0295879303281582,8.381397023672789e-05,2,,unknown
2026-04-11,2026-04-11,2178,-0.0279744581034707,0.0337706735655547,6.705117618938232e-05,3,,unknown
2026-04-11,2026-04-11,2180,-0.0346594829002266,-0.0346594829002266,4.966753791806096e-05,1,,unknown
2026-04-11,2026-04-11,2181,0.0084141563363093,0.0039005051473881,6.705117618938232e-05,2,,unknown
2026-04-11,2026-04-11,2183,0.0091383812010443,0.0091383812010443,0.0001043018296279,1,,unknown
2026-04-11,2026-04-11,2184,-0.0113082472216805,-0.0113082472216805,7.450130687709147e-05,1,,unknown
2026-04-11,2026-04-11,2185,0.0329403606102634,0.0618428087684903,4.966753791806096e-05,3,,unknown
2026-04-11,2026-04-11,2186,-0.0077343897377852,-0.0077343897377852,0.0001043018296279,1,,unknown
2026-04-11,2026-04-11,2187,0.0178585990377557,0.0484670306593866,0.0001043018296279,3,,unknown
2026-04-11,2026-04-11,2188,-0.0056270096463022,-0.0002020610224289,6.705117618938232e-05,2,,unknown
2026-04-11,2026-04-11,2190,0.0108920446711704,0.0108920446711704,8.381397023672789e-05,1,,unknown
2026-04-11,2026-04-11,2191,0.0089392133492252,0.0654499685336689,6.705117618938232e-05,3,,unknown
2026-04-11,2026-04-11,2192,0.0063229672486826,0.0483929993757132,6.705117618938232e-05,3,,unknown
2026-04-11,2026-04-11,2194,-0.0233766233766232,0.0276343759489827,6.705117618938232e-05,2,,unknown
2026-04-11,2026-04-11,2195,-0.0255133789670193,-0.0422018348623852,0.0001043018296279,2,,unknown
2026-04-11,2026-04-11,2196,0.018186610437533,0.0505847158009247,6.705117618938232e-05,2,,unknown
2026-04-11,2026-04-11,2198,0.0052889700932783,0.0052889700932783,6.705117618938232e-05,1,,unknown
2026-04-11,2026-04-11,2199,-0.0089099603547634,0.040506329113924,6.705117618938232e-05,2,,unknown
2026-04-11,2026-04-11,2200,0.0227890262073799,0.0594697657526781,6.705117618938232e-05,2,,unknown
2026-04-11,2026-04-11,2201,-0.0207118614567922,-0.0102902374670184,0.0001043018296279,3,,unknown
2026-04-11,2026-04-11,2202,-0.0319994373725297,-0.0144636975511956,6.705117618938232e-05,2,,unknown
2026-04-11,2026-04-11,2203,-0.0743749999999999,-0.0602791878172589,0.0001043018296279,3,,unknown
2026-04-11,2026-04-11,2204,0.0081345874834943,0.0081345874834943,6.705117618938232e-05,1,,unknown
2026-04-11,2026-04-11,2205,0.0128598338485317,-0.00504115958532,7.450130687709147e-05,3,,unknown
2026-04-11,2026-04-11,2206,-0.0148650125696798,0.0014815363531981,0.0001043018296279,3,,unknown
2026-04-11,2026-04-11,2207,-0.0176563202878993,0.0202055594487267,6.705117618938232e-05,3,,unknown
2026-04-11,2026-04-11,2208,0.0,0.02171552660152,0.0001043018296279,3,,unknown
2026-04-11,2026-04-11,2209,-0.0242727231597521,-0.0221935074356184,4.966753791806096e-05,2,,unknown
2026-04-11,2026-04-11,2210,0.0342922067861386,0.0120268836222143,4.966753791806096e-05,3,,unknown
2026-04-11,2026-04-11,2211,-0.0062650602409638,-0.0377974801679888,6.705117618938232e-05,3,,unknown
2026-04-11,2026-04-11,2212,-0.0334126237760691,-0.0126017179023507,6.705117618938232e-05,3,,unknown
2026-04-11,2026-04-11,2214,6.343165239441895e-05,0.0081851899219849,4.966753791806096e-05,3,,unknown
2026-04-11,2026-04-11,2215,-0.032665089445067,-0.032665089445067,4.966753791806096e-05,1,,unknown
2026-04-11,2026-04-11,2216,-0.0182207014542344,-0.0037326388888889,4.966753791806096e-05,3,,unknown
2026-04-11,2026-04-11,2217,0.0211609435173298,0.0220219215481591,0.0001043018296279,3,,unknown
2026-04-11,2026-04-11,2219,0.0083426028921023,0.0083426028921023,6.705117618938232e-05,1,,unknown
2026-04-11,2026-04-11,2220,0.0412556053811656,0.023057717726538,6.705117618938232e-05,2,,unknown
2026-04-11,2026-04-11,2221,0.0301826846703734,0.0326433121019109,6.705117618938232e-05,2,,unknown
2026-04-11,2026-04-11,2222,-0.0142365928696387,-0.0451676989599157,6.705117618938232e-05,3,,unknown
2026-04-11,2026-04-11,2223,0.008240680183126,-0.0185892538833718,8.381397023672789e-05,3,,unknown
2026-04-11,2026-04-11,2224,0.0182562165564998,0.0182562165564998,6.705117618938232e-05,1,,unknown
2026-04-11,2026-04-11,2226,0.0331574443810609,-0.0009308739872437,6.705117618938232e-05,3,,unknown
2026-04-11,2026-04-11,2227,-0.0101267395626242,-0.0386750331845058,6.705117618938232e-05,3,,unknown
2026-04-11,2026-04-11,2228,0.0353302611367127,0.0353302611367127,6.705117618938232e-05,1,,unknown
2026-04-11,2026-04-11,2229,-0.0060748456159968,-0.0060748456159968,6.705117618938232e-05,1,,unknown
2026-04-11,2026-04-11,2230,-0.0214056776556776,0.0162862577270566,6.705117618938232e-05,3,,unknown
2026-04-11,2026-04-11,2231,-0.0517111538783365,-0.0612160371106692,0.0001043018296279,3,,unknown
2026-04-11,2026-04-11,2232,0.0188003018108653,0.0188003018108653,6.705117618938232e-05,1,,unknown
2026-04-11,2026-04-11,2234,0.0182168881268753,-0.0140426120641947,6.705117618938232e-05,2,,unknown
2026-04-11,2026-04-11,2235,0.0119180633147113,0.0119180633147113,0.0001043018296279,1,,unknown
2026-04-11,2026-04-11,2236,-0.0447377642798738,-0.0488485694347523,6.705117618938232e-05,2,,unknown
2026-04-11,2026-04-11,2237,-0.0289889118586732,-0.0289889118586732,6.705117618938232e-05,1,,unknown
2026-04-11,2026-04-11,2239,0.0288675055514433,0.0288675055514433,6.705117618938232e-05,1,,unknown
2026-04-11,2026-04-11,2240,-0.0319617927994121,-0.0162404330782152,0.0001043018296279,3,,unknown
2026-04-11,2026-04-11,2241,-0.0146922183507549,-0.0146922183507549,6.705117618938232e-05,1,,unknown
2026-04-11,2026-04-11,2242,-0.0066666666666665,0.0072104551599818,6.705117618938232e-05,3,,unknown
2026-04-11,2026-04-11,2243,-0.0026062027625747,-0.0026062027625747,6.705117618938232e-05,1,,unknown
2026-04-11,2026-04-11,2244,0.0112623970415195,-0.0134470318137093,8.381397023672789e-05,3,,unknown
2026-04-11,2026-04-11,2245,-0.0111532455944679,-0.0057194123584165,8.381397023672789e-05,3,,unknown
2026-04-11,2026-04-11,2246,0.0304162219850587,0.0271276595744682,6.705117618938232e-05,3,,unknown
2026-04-11,2026-04-11,2250,-0.0043589743589743,0.0109346524342619,8.381397023672789e-05,2,,unknown
2026-04-11,2026-04-11,2251,-0.0110835642409216,-0.0110835642409216,6.705117618938232e-05,1,,unknown
2026-04-11,2026-04-11,2252,-0.0075144508670519,-0.0539944903581264,6.705117618938232e-05,3,,unknown
2026-04-11,2026-04-11,2253,-0.017391304347826,-0.0066379619662721,6.705117618938232e-05,3,,unknown
2026-04-11,2026-04-11,2254,0.0083234244946492,0.0083234244946492,6.705117618938232e-05,1,,unknown
2026-04-11,2026-04-11,2255,-0.0081659105638367,-0.0328614762386249,0.0001043018296279,3,,unknown
2026-04-11,2026-04-11,2256,-0.0242219215155616,-0.0242219215155616,6.705117618938232e-05,1,,unknown
2026-04-11,2026-04-11,2257,-0.0039989336177018,-0.0164538633671186,6.705117618938232e-05,3,,unknown
2026-04-11,2026-04-11,2258,-0.0107268355835028,0.0225578283311029,0.0001043018296279,3,,unknown
2026-04-11,2026-04-11,2259,0.0036111947035812,0.0036111947035812,0.0001043018296279,1,,unknown
2026-04-11,2026-04-11,2260,-0.0128748626157952,-0.0128748626157952,0.0001043018296279,1,,unknown
2026-04-11,2026-04-11,2262,-0.0051425899953249,-0.0051425899953249,8.381397023672789e-05,1,,unknown
2026-04-11,2026-04-11,2263,0.0392156862745098,0.0238636363636366,6.705117618938232e-05,3,,unknown
2026-04-11,2026-04-11,2264,-0.030833588409346,-0.0526777700209435,6.705117618938232e-05,3,,unknown
2026-04-11,2026-04-11,2265,-0.055472263868066,-0.0337423312883437,4.966753791806096e-05,2,,unknown
2026-04-11,2026-04-11,2266,-0.0446838852796703,-0.0575269657652024,0.0001043018296279,2,,unknown
2026-04-11,2026-04-11,2267,-0.0291974148599715,-0.0182172159643998,8.381397023672789e-05,3,,unknown
2026-04-11,2026-04-11,2268,-0.0703296703296704,-0.0522778192681105,6.705117618938232e-05,2,,unknown
2026-04-11,2026-04-11,2269,0.0016338655774228,0.0016338655774228,8.381397023672789e-05,1,,unknown
2026-04-11,2026-04-11,2270,0.0104179285281647,0.0104179285281647,8.381397023672789e-05,1,,unknown
2026-04-11,2026-04-11,2271,-0.0317585301837269,-0.0195348837209302,6.705117618938232e-05,2,,unknown
2026-04-11,2026-04-11,2272,0.0058890888270897,0.0058890888270897,6.705117618938232e-05,1,,unknown
2026-04-11,2026-04-11,2273,0.0742503043045257,0.0742503043045257,6.705117618938232e-05,1,,unknown
2026-04-11,2026-04-11,2274,6.387327542145549e-05,0.0075289575289574,6.705117618938232e-05,2,,unknown
2026-04-11,2026-04-11,2275,0.0106431852986219,0.0002273416186724,4.966753791806096e-05,2,,unknown
2026-04-11,2026-04-11,2276,-0.0416982113350141,-0.0483888892520706,6.705117618938232e-05,2,,unknown
2026-04-11,2026-04-11,2277,-0.0274270948689551,-0.0162422522589797,6.705117618938232e-05,3,,unknown
2026-04-11,2026-04-11,2278,-0.026342570194024,-0.026342570194024,8.381397023672789e-05,1,,unknown
2026-04-11,2026-04-11,2281,0.0344584264377276,0.0344584264377276,8.381397023672789e-05,1,,unknown
2026-04-11,2026-04-11,2282,0.0181776079657287,0.0104561645409628,6.705117618938232e-05,2,,unknown
2026-04-11,2026-04-11,2283,0.010566762728146,0.0095969289827255,6.705117618938232e-05,2,,unknown
2026-04-11,2026-04-11,2284,0.0005890669180019,0.0005890669180019,6.705117618938232e-05,1,,unknown
2026-04-11,2026-04-11,2285,0.0152830188679244,0.0131801920542271,8.381397023672789e-05,2,,unknown
2026-04-11,2026-04-11,2287,-0.0177276390008058,-0.012340292926145,0.0001043018296279,2,,unknown
2026-04-11,2026-04-11,2288,0.0049578328648096,-0.0033454987834548,6.705117618938232e-05,2,,unknown
2026-04-11,2026-04-11,2289,-0.0269403463758819,-0.0548286604361371,0.0001043018296279,3,,unknown
2026-04-11,2026-04-11,2290,0.029180546302465,0.023249652248791,6.705117618938232e-05,2,,unknown
2026-04-11,2026-04-11,2291,0.0244591480187348,0.0094498571533223,7.450130687709147e-05,2,,unknown
2026-04-11,2026-04-11,2292,-0.0353990353990354,-0.0580289700524304,6.705117618938232e-05,3,,unknown
2026-04-11,2026-04-11,2293,0.0086319644258436,0.0266696250277347,8.381397023672789e-05,2,,unknown
2026-04-11,2026-04-11,2294,-0.0040509259259259,-0.0040509259259259,6.705117618938232e-05,1,,unknown
2026-04-11,2026-04-11,2296,0.0223097112860892,0.0223097112860892,0.0001043018296279,1,,unknown
2026-04-11,2026-04-11,2297,0.0073759499329459,0.0300144739849166,7.450130687709147e-05,3,,unknown
2026-04-11,2026-04-11,2298,0.0237283935319994,0.0237283935319994,0.0001043018296279,1,,unknown
2026-04-11,2026-04-11,2301,-0.0187861999496347,-0.0319022063208108,4.966753791806096e-05,3,,unknown
2026-04-11,2026-04-11,2302,-0.0128089155841807,-0.0128089155841807,6.705117618938232e-05,1,,unknown
2026-04-11,2026-04-11,2304,-0.0339882403556576,-0.0392240764512907,6.705117618938232e-05,3,,unknown
2026-04-11,2026-04-11,2307,0.0082051282051283,0.0239583333333335,4.966753791806096e-05,3,,unknown
2026-04-11,2026-04-11,2309,-0.0244322718930807,-0.0244322718930807,8.381397023672789e-05,1,,unknown
2026-04-11,2026-04-11,2310,0.0198695136417557,0.0198695136417557,0.0001043018296279,1,,unknown
2026-04-11,2026-04-11,2311,-0.0166565349544073,-0.0147399196004387,0.0001043018296279,3,,unknown
2026-04-11,2026-04-11,2312,0.0517945411562432,0.0340164800338051,6.705117618938232e-05,2,,unknown
2026-04-11,2026-04-11,2313,0.1,0.0955486183373801,7.450130687709147e-05,2,,unknown
2026-04-11,2026-04-11,2314,0.0137792549508379,0.0081944635725106,8.381397023672789e-05,3,,unknown
2026-04-11,2026-04-11,2316,0.022736060629495,0.0183260183260185,8.381397023672789e-05,3,,unknown
2026-04-11,2026-04-11,2317,0.0216389501101985,0.0216389501101985,6.705117618938232e-05,1,,unknown
2026-04-11,2026-04-11,2318,-0.0188990985245948,-0.0188990985245948,0.0001043018296279,1,,unknown
2026-04-11,2026-04-11,2319,-0.0353956834532372,-0.0352568714923009,6.705117618938232e-05,2,,unknown
2026-04-11,2026-04-11,2320,0.0322807723250202,0.0442522889114955,8.381397023672789e-05,2,,unknown
2026-04-11,2026-04-11,2322,0.0433526011560694,0.0433526011560694,0.0001043018296279,1,,unknown
2026-04-11,2026-04-11,2323,-0.0274081513097329,-0.0274081513097329,6.705117618938232e-05,1,,unknown
2026-04-11,2026-04-11,2324,-0.0079936448041307,0.0600031831927423,6.705117618938232e-05,3,,unknown
2026-04-11,2026-04-11,2325,0.0222612128522865,0.0366992882562278,6.705117618938232e-05,2,,unknown
2026-04-11,2026-04-11,2326,-0.0181427034779491,0.0119733924611968,6.705117618938232e-05,3,,unknown
2026-04-11,2026-04-11,2327,-0.0038545731417148,-0.0208615931521585,6.705117618938232e-05,3,,unknown
2026-04-11,2026-04-11,2328,0.037483266398929,0.0237780713342139,6.705117618938232e-05,3,,unknown
2026-04-11,2026-04-11,2329,0.0318928921301839,0.0268630849220103,4.966753791806096e-05,3,,unknown
2026-04-11,2026-04-11,2332,-0.010728573160383,0.0124061782767816,6.705117618938232e-05,2,,unknown
2026-04-11,2026-04-11,2333,-0.0031104199066873,0.0217853347502656,4.966753791806096e-05,3,,unknown
2026-04-11,2026-04-11,2334,-0.0181167983083525,-0.0181167983083525,6.705117618938232e-05,1,,unknown
2026-04-11,2026-04-11,2335,-0.0142723004694835,0.0065196548418025,6.705117618938232e-05,2,,unknown
2026-04-11,2026-04-11,2337,-0.037178946001234,0.0176751209801968,6.705117618938232e-05,2,,unknown
2026-04-11,2026-04-11,2338,-0.0385945749135262,-0.0484684684684684,0.0001043018296279,3,,unknown
2026-04-11,2026-04-11,2339,0.000920658152546,0.0335161486898234,6.705117618938232e-05,3,,unknown
2026-04-11,2026-04-11,2340,0.0092068667881461,0.0056383792048928,6.705117618938232e-05,2,,unknown
2026-04-11,2026-04-11,2341,-0.0033956587148076,-0.0223065570314144,8.381397023672789e-05,3,,unknown
2026-04-11,2026-04-11,2342,0.0549738219895288,0.0593525179856113,6.705117618938232e-05,2,,unknown
2026-04-11,2026-04-11,2343,-0.012428414767881,0.0143929912390488,0.0001043018296279,3,,unknown
2026-04-11,2026-04-11,2344,0.0307103712129046,0.0307103712129046,6.705117618938232e-05,1,,unknown
2026-04-11,2026-04-11,2345,-0.0013919352117429,0.0604703247480402,0.0001043018296279,3,,unknown
2026-04-11,2026-04-11,2346,0.0188685535220187,0.0013104871736067,6.705117618938232e-05,2,,unknown
2026-04-11,2026-04-11,2347,-0.0042529378847229,-0.0233809001097693,0.0001043018296279,3,,unknown
2026-04-11,2026-04-11,2348,0.0255829015544042,0.0255829015544042,6.705117618938232e-05,1,,unknown
2026-04-11,2026-04-11,2349,0.0151336013241902,0.0151336013241902,8.381397023672789e-05,1,,unknown
2026-04-11,2026-04-11,2351,0.0071405733773846,0.0071405733773846,6.705117618938232e-05,1,,unknown
2026-04-11,2026-04-11,2352,0.0039081004263381,-0.0001179523472517,0.0001043018296279,2,,unknown
2026-04-11,2026-04-11,2353,0.0048270313757039,0.0623006591537318,0.0001043018296279,3,,unknown
2026-04-11,2026-04-11,2354,0.0139259603110131,-0.0300843694493784,0.0001043018296279,3,,unknown
2026-04-11,2026-04-11,2355,-0.0111951588502269,-0.0036706869428424,6.705117618938232e-05,3,,unknown
2026-04-11,2026-04-11,2356,-0.0417901297639726,-0.0417901297639726,0.0001043018296279,1,,unknown
2026-04-11,2026-04-11,2357,-0.0202702702702702,0.0055414819506016,6.705117618938232e-05,3,,unknown
2026-04-11,2026-04-11,2358,0.0407936728180937,0.0445620387132712,6.705117618938232e-05,3,,unknown
2026-04-11,2026-04-11,2359,0.0836956521739131,0.0836956521739131,8.381397023672789e-05,2,,unknown
2026-04-11,2026-04-11,2360,0.0271012248345769,0.0327718006795016,6.705117618938232e-05,2,,unknown
2026-04-11,2026-04-11,2361,0.0362455823128133,0.0362455823128133,6.705117618938232e-05,1,,unknown
2026-04-11,2026-04-11,2362,-0.02541841940392,-0.0295008912655971,6.705117618938232e-05,2,,unknown
2026-04-11,2026-04-11,2363,-0.0587155963302752,-0.1031468531468531,0.0001043018296279,3,,unknown
2026-04-11,2026-04-11,2364,0.0042776735459661,0.0042776735459661,6.705117618938232e-05,1,,unknown
2026-04-11,2026-04-11,2365,0.0374802438473695,0.0374802438473695,6.705117618938232e-05,1,,unknown
2026-04-11,2026-04-11,2366,0.0005597537083683,-0.0200109649122807,8.381397023672789e-05,2,,unknown
2026-04-11,2026-04-11,2367,0.0392212456289575,0.0827097282394642,6.705117618938232e-05,2,,unknown
2026-04-11,2026-04-11,2368,0.0221069253327319,0.0852694610778443,6.705117618938232e-05,3,,unknown
2026-04-11,2026-04-11,2370,0.0057838660578386,0.0057838660578386,6.705117618938232e-05,1,,unknown
2026-04-11,2026-04-11,2371,-0.0088543369196003,-0.0088543369196003,0.0001043018296279,1,,unknown
2026-04-11,2026-04-11,2372,-0.0124344278220323,0.0184331797235022,0.0001043018296279,2,,unknown
2026-04-11,2026-04-11,2374,-0.0531802387067532,-0.0744350908285333,8.381397023672789e-05,2,,unknown
2026-04-11,2026-04-11,2375,-0.0169497891840626,-0.0610784243380929,8.381397023672789e-05,3,,unknown
2026-04-11,2026-04-11,2376,0.0394526795895096,0.0115401686640033,6.705117618938232e-05,2,,unknown
2026-04-11,2026-04-11,2377,0.0072223730654357,0.0398609631664517,6.705117618938232e-05,2,,unknown
2026-04-11,2026-04-11,2378,-0.0172447856396941,0.0008335489063262,6.705117618938232e-05,3,,unknown
2026-04-11,2026-04-11,2379,0.0066547222933195,-0.0058139534883723,6.705117618938232e-05,3,,unknown
2026-04-11,2026-04-11,2381,0.0180505415162455,-0.0082063305978895,6.705117618938232e-05,2,,unknown
2026-04-11,2026-04-11,2382,0.0037150702632855,0.0037150702632855,6.705117618938232e-05,1,,unknown
2026-04-11,2026-04-11,2383,-0.0099255583126551,-0.036231884057971,4.966753791806096e-05,3,,unknown
2026-04-11,2026-04-11,2385,-0.0042472506636329,-0.0058306830228684,6.705117618938232e-05,3,,unknown
2026-04-11,2026-04-11,2386,0.0069001029866118,0.0069001029866118,6.705117618938232e-05,1,,unknown
2026-04-11,2026-04-11,2387,-0.0040733197556008,-0.0326409495548961,4.966753791806096e-05,2,,unknown
2026-04-11,2026-04-11,2388,0.0146372997183359,0.0024177729118195,6.705117618938232e-05,3,,unknown
2026-04-11,2026-04-11,2390,-0.0308189105741721,-0.0557732641571918,6.705117618938232e-05,2,,unknown
2026-04-11,2026-04-11,2391,0.01185222095672,0.0249486245808847,6.705117618938232e-05,3,,unknown
2026-04-11,2026-04-11,2393,0.0047581284694686,-0.022879177377892,6.705117618938232e-05,2,,unknown
2026-04-11,2026-04-11,2394,-0.020096463022508,-0.0051686615886832,6.705117618938232e-05,2,,unknown
2026-04-11,2026-04-11,2398,-0.0085311572700297,0.0041322314049585,6.705117618938232e-05,2,,unknown
2026-04-11,2026-04-11,2399,0.0191626861477944,0.0251540331241877,8.381397023672789e-05,3,,unknown
2026-04-11,2026-04-11,2400,-0.0232340472388922,0.0225949622456624,8.381397023672789e-05,3,,unknown
2026-04-11,2026-04-11,2401,0.0172509738452979,0.0095897976602903,4.966753791806096e-05,3,,unknown
2026-04-11,2026-04-11,2402,0.0795055954568231,0.1168135476067047,6.705117618938232e-05,2,,unknown
2026-04-11,2026-04-11,2403,0.0549164476620223,0.0549164476620223,6.705117618938232e-05,1,,unknown
2026-04-11,2026-04-11,2404,0.0063619227144204,0.0336398838334945,7.450130687709147e-05,3,,unknown
2026-04-11,2026-04-11,2405,-0.0184636232743287,-0.0184636232743287,6.705117618938232e-05,1,,unknown
