date,nav,daily_ret,holdings,avg_exposure
2015-03-27,97000.0,-0.03,2,0.56
2015-04-03,97724.26666666668,0.007466666666666654,1,0.28
2015-04-06,96959.07454709521,-0.007830113703298523,2,0.56
2015-04-07,95716.48784162896,-0.012815579266515088,1,0.28
2015-04-08,95135.0507358249,-0.0060745762711864075,1,0.28
2015-04-09,95105.72777632778,-0.00030822456361062405,1,0.28
2015-04-13,95693.76319097004,0.0061829652996845666,1,0.28
2015-04-14,95093.07478679834,-0.006277194919933758,1,0.28
2015-04-16,94749.09369415553,-0.003617309603396866,1,0.28
2015-04-20,92253.91001623838,-0.0263346442760862,3,0.8400000000000001
2015-04-21,92525.72777640734,0.002946409102021855,3,0.4
2015-04-23,91441.55172668384,-0.011717563058173975,3,0.4
2015-04-28,88698.30517488332,-0.03,3,0.8400000000000001
2015-04-29,87894.00345325847,-0.009067836415126967,3,0.8400000000000001
2015-05-05,86621.78008213303,-0.014474518410143872,1,0.28
2015-05-06,87928.83880852583,0.015089261905648564,3,0.8400000000000001
2015-05-12,87228.6500786252,-0.007963129496402864,1,0.28
2015-05-19,88941.98115631175,0.01964183873236854,3,0.8400000000000001
2015-05-20,87351.3037451406,-0.01788443871489224,2,0.56
2015-05-21,85821.98594830712,-0.017507669963295204,2,0.4
2015-06-03,85382.24406583523,-0.005123883788202726,1,0.28
2015-06-09,87315.40491788741,0.022641251389007595,1,0.28
2015-06-10,88488.81728613215,0.013438778292882462,1,0.28
2015-06-15,87126.11978209247,-0.01539965778538255,1,0.28
2015-06-18,86850.48569927017,-0.0031636216959011337,2,0.56
2015-06-19,87295.00538631235,0.005118217629563926,4,0.9
2015-06-22,84879.74200019271,-0.02766783019751487,3,0.8400000000000001
2015-06-24,83550.62573462636,-0.015658816040738405,1,0.28
2015-06-26,86029.14601703477,0.029664891921703664,5,0.8999999999999999
2015-06-29,84440.30039520886,-0.018468689919475794,5,0.8999999999999999
2015-07-02,83648.72510125907,-0.00937437799539973,2,0.4
2015-07-07,82425.13600275994,-0.014627707678962754,3,0.4
2015-07-09,83347.95904851303,0.01119589351629565,2,0.56
2015-07-13,83929.3300042799,0.006975227256956425,1,0.28
2015-07-16,81411.4501041515,-0.03,4,0.9
2015-07-21,82475.54402548894,0.01307056832885441,1,0.28
2015-07-24,82586.01280110271,0.001339412512145879,1,0.28
2015-07-31,82027.55997751029,-0.006762075134168156,1,0.28
2015-08-03,80462.8553169098,-0.01907535297928516,3,0.8400000000000001
2015-08-04,80762.97637967838,0.0037299330428497346,3,0.8400000000000001
2015-08-06,83394.88036738684,0.03258800140469695,3,0.8400000000000001
2015-08-07,87147.64998391924,0.045,2,0.56
2015-08-11,85878.25474827124,-0.014566029444078216,1,0.28
2015-08-12,83908.91243111958,-0.022931792488380832,1,0.28
2015-08-14,82359.9330311241,-0.018460248799756874,3,0.8400000000000001
2015-08-18,83533.28486993905,0.01424663420223433,1,0.28
2015-08-19,83094.3716812385,-0.005254350878023372,3,0.8400000000000001
2015-08-21,83750.34961199661,0.007894372596913552,2,0.56
2015-08-24,82613.75928176679,-0.013571171171171159,1,0.28
2015-08-25,83127.87969066798,0.006223181384927871,3,0.8400000000000001
2015-09-03,85485.92676793113,0.028366500938527675,5,0.8999999999999999
2015-09-04,88538.95964110245,0.035713865294569505,5,0.8999999999999999
2015-09-07,90717.78843978936,0.02460870115843819,5,0.8999999999999999
2015-09-08,93688.4403441874,0.03274607941274608,1,0.28
2015-09-09,92315.79575309815,-0.01465116279069764,1,0.28
2015-09-17,92799.69463318834,0.005241777705999403,5,0.8999999999999999
2015-09-21,92873.33675372302,0.0007935599446288839,5,0.8999999999999999
2015-09-22,90087.13665111133,-0.03,5,0.8999999999999999
2015-09-23,87855.01020336067,-0.024777415852334433,1,0.28
2015-09-29,85219.35989725986,-0.03,5,0.8999999999999999
2015-09-30,83738.19827986209,-0.01738057665750422,5,0.8999999999999999
2015-10-02,82606.94386252589,-0.013509419125014126,5,0.8999999999999999
2015-10-05,81332.752611105,-0.015424747507199878,2,0.56
2015-10-07,80252.57062895816,-0.013281020836854776,5,0.8999999999999999
2015-10-08,78904.89450843142,-0.016792933982857996,2,0.4
2015-10-12,78910.71928313808,7.382019509624804e-05,1,0.28
2015-10-13,79294.16911980473,0.0048592870544089724,1,0.28
2015-10-14,77419.97407628426,-0.023635975561945573,2,0.56
2015-10-15,76418.08571151664,-0.012940954536879833,1,0.28
2015-10-20,78317.01694303004,0.02484923842088896,1,0.28
2015-10-22,81841.2827054664,0.045,5,0.8999999999999999
2015-11-02,82936.1341492916,0.013377740519602837,2,0.56
2015-11-06,86658.25446548553,0.04487935631884911,5,0.8999999999999999
2015-11-09,84567.32542336178,-0.02412844633232881,5,0.8999999999999999
2015-11-11,82882.96744821787,-0.019917361306055936,5,0.8999999999999999
2015-11-16,82379.52414095419,-0.006074146748886605,5,0.8999999999999999
2015-11-17,81610.73751003902,-0.009332253845018028,3,0.4
2015-11-20,82084.49497342434,0.00580508739217116,5,0.8999999999999999
2015-11-24,84331.16329768347,0.02737019122778917,5,0.8999999999999999
2015-11-25,86180.1731611927,0.021925582325745464,2,0.4
2015-11-27,83594.76796635691,-0.03,2,0.56
2015-11-30,81086.9249273662,-0.03,3,0.8400000000000001
2015-12-02,81059.03106720508,-0.00034399948186585993,3,0.4
2015-12-04,78796.75986284291,-0.027908934693366305,5,0.8999999999999999
2015-12-09,78918.32571297912,0.00154277727089036,5,0.8999999999999999
2015-12-10,77431.8363955331,-0.018835793892185156,2,0.56
2015-12-17,78568.5787428882,0.014680555185963312,5,0.8999999999999999
2015-12-18,78607.99603882295,0.0005016928722070754,3,0.8400000000000001
2015-12-22,79301.74328691013,0.008825403051167401,2,0.56
2015-12-31,80985.85006662797,0.021236693039960234,5,0.8999999999999999
2016-01-01,78556.27456462913,-0.03,3,0.8400000000000001
2016-01-05,77878.97333136256,-0.008621860405426186,3,0.4
2016-01-12,77989.0685959079,0.0014136712367391747,5,0.8999999999999999
2016-01-15,78083.24599794706,0.0012075718268560612,3,0.4
2016-01-18,78135.6429527475,0.0006710396594145924,2,0.56
2016-01-20,79698.60280292922,0.020003161055792643,1,0.28
2016-01-21,80236.63864153725,0.006750881692850302,1,0.28
2016-01-25,78897.94304426649,-0.016684342962714094,4,0.9
2016-01-28,80887.43498157451,0.025216017814200627,3,0.4
2016-02-01,81545.71481647166,0.00813822115940625,3,0.4
2016-02-03,80695.24203282554,-0.010429398841621708,1,0.28
2016-02-05,79563.40093282035,-0.014026119402985102,1,0.28
2016-02-10,78467.712985778,-0.013771255806014439,5,0.8999999999999999
2016-02-11,77193.27629645713,-0.016241542423338477,2,0.56
2016-02-18,78307.20965791371,0.014430445433855993,2,0.56
2016-02-19,79477.743751828,0.014947973488364467,4,0.9
2016-02-23,79026.4933817536,-0.005677694770544264,1,0.28
2016-02-24,81494.2689494378,0.03122719308527476,2,0.56
2016-02-26,84288.11113071107,0.034282682908741494,3,0.8400000000000001
2016-03-02,86558.40339842673,0.026934905021123952,5,0.8999999999999999
2016-03-03,86497.16841858362,-0.0007074411892888134,4,0.9
2016-03-07,85354.20702944438,-0.01321385902031064,1,0.28
2016-03-08,83845.40565832958,-0.01767694204685569,1,0.28
2016-03-15,87615.43130514454,0.04496400986093188,5,0.8999999999999999
2016-03-16,91532.46458512901,0.04470711633367816,4,0.9
2016-03-17,94059.28490331242,0.02760572797461773,4,0.9
2016-03-18,94445.38469140037,0.004104855660818887,5,0.8999999999999999
2016-03-21,94749.43368056216,0.0032193101881608692,3,0.4
2016-03-22,95025.6360820987,0.002915082347275382,2,0.56
2016-03-24,94027.83989906465,-0.010500284177756069,5,0.8999999999999999
2016-03-25,94362.97080630081,0.00356416682118749,3,0.4
2016-03-28,97336.66352121958,0.03151334352351916,3,0.4
2016-03-29,95275.0009443437,-0.021180740147585104,5,0.8999999999999999
2016-03-31,92416.75091601339,-0.03,5,0.8999999999999999
2016-04-05,93519.4104837284,0.01193138210103366,5,0.8999999999999999
2016-04-06,95131.10701105073,0.01723381829489578,4,0.9
2016-04-07,94636.89248999194,-0.0051950885108630745,4,0.9
2016-04-08,94937.47654096197,0.003176182597096743,5,0.8999999999999999
2016-04-11,95748.16131146572,0.008539143866479115,3,0.4
2016-04-13,96196.78944074226,0.004685501247560752,3,0.4
2016-04-15,96682.51320931246,0.005049272136773521,5,0.8999999999999999
2016-04-18,96025.05037388753,-0.006800224917628735,3,0.4
2016-04-21,95681.91623669752,-0.0035733814859138847,5,0.8999999999999999
2016-04-26,94548.25458729464,-0.01184823312483041,3,0.4
2016-04-27,93826.66252273037,-0.007631997731888565,4,0.9
2016-05-02,93856.83900617657,0.00032161949103623987,2,0.56
2016-05-09,94681.57399568538,0.008787159233591363,5,0.8999999999999999
2016-05-10,95466.30135293982,0.00828806835520295,1,0.28
2016-05-11,95408.06944504078,-0.0006099734364251406,3,0.8400000000000001
2016-05-13,93891.65345803174,-0.015894001375665243,1,0.28
2016-05-17,93014.21996018154,-0.009345170369615314,3,0.4
2016-05-23,92616.12710565288,-0.00427991391745354,3,0.8400000000000001
2016-05-24,92092.42679360426,-0.005654526143715826,2,0.56
2016-05-25,93908.71187305024,0.019722415215711546,2,0.4
2016-05-27,92864.06444648413,-0.011124073642691577,2,0.56
2016-05-31,90960.28128460517,-0.020500752074835912,4,0.9
2016-06-01,90782.40912245463,-0.0019554926572183124,3,0.4
2016-06-02,90867.6968644644,0.000939474319245296,3,0.4
2016-06-06,91401.66517229972,0.005876327080588103,3,0.4
2016-06-07,93893.80574189674,0.027265811458676608,3,0.8400000000000001
2016-06-08,97227.59062815875,0.03550590861580595,4,0.9
2016-06-09,98550.55331262083,0.01360686484067762,5,0.8999999999999999
2016-06-10,99067.29778691921,0.0052434456928839085,1,0.28
2016-06-14,101757.26615458017,0.027152939746541985,3,0.8400000000000001
2016-06-15,102171.18892652904,0.0040677465854879555,5,0.8999999999999999
2016-06-16,103191.53932232536,0.00998667438949041,3,0.8400000000000001
2016-06-27,102831.44026592086,-0.0034896180323439573,5,0.8999999999999999
2016-06-28,107458.85507788729,0.045,3,0.8400000000000001
2016-06-29,108290.52029608093,0.007739382832534773,5,0.8999999999999999
2016-06-30,107846.72552432661,-0.004098186716075588,5,0.8999999999999999
2016-07-05,109967.15961907624,0.01966155286069693,5,0.8999999999999999
2016-07-07,108325.74647677655,-0.014926393916015565,5,0.8999999999999999
2016-07-08,105620.37032440177,-0.024974451968856552,2,0.56
2016-07-13,103484.21703590955,-0.020224822938333154,2,0.56
2016-07-14,102532.95376544434,-0.009192351236856917,3,0.4
2016-07-15,100315.76701456349,-0.021624138088842212,4,0.9
2016-07-20,101057.93401542793,0.007398308590480074,3,0.4
2016-07-21,101514.464912886,0.004517516629504526,2,0.4
2016-07-25,100414.27697115703,-0.0108377455633843,5,0.8999999999999999
2016-07-28,98813.94026704242,-0.01593734230217388,3,0.4
2016-07-29,95849.52205903114,-0.03,4,0.9
2016-08-01,94493.22230166012,-0.01415030276870554,3,0.8400000000000001
2016-08-04,96169.70189226198,0.017741797239698827,3,0.8400000000000001
2016-08-05,95399.32234507147,-0.008010626341064713,1,0.28
2016-08-09,97159.61117399974,0.018451795942125128,3,0.8400000000000001
2016-08-10,99862.62065624478,0.027820299500831897,1,0.28
2016-08-11,100783.77639194744,0.009224229543039347,1,0.28
2016-08-12,103211.52351784216,0.024088669950738918,1,0.28
2016-08-16,104025.20960675215,0.007883674818241851,1,0.28
2016-08-18,103912.3191781971,-0.001085221832109795,1,0.28
2016-08-19,101634.93163698804,-0.021916434540389974,1,0.28
2016-08-22,100893.94789894499,-0.007290640394088688,1,0.28
2016-08-24,100194.14634040584,-0.006936011258475606,5,0.8999999999999999
2016-08-25,97188.32195019367,-0.03,5,0.8999999999999999
2016-09-01,101561.79643795238,0.045,5,0.8999999999999999
2016-09-02,101757.79850828246,0.0019298799076463426,4,0.9
2016-09-05,100024.02985831445,-0.01703818945952224,5,0.8999999999999999
2016-09-06,97023.30896256502,-0.03,5,0.8999999999999999
2016-09-09,96563.35055793272,-0.004740700039510815,3,0.4
2016-09-12,97050.07852119989,0.005040504088299628,5,0.8999999999999999
2016-09-13,97304.02697785631,0.002616674406924169,2,0.4
2016-09-15,98692.44697013193,0.014268885218816271,3,0.4
2016-09-19,96798.50439785935,-0.019190349721957642,3,0.8400000000000001
2016-09-20,96364.02565489325,-0.004488486115243085,4,0.9
2016-09-26,95629.77704760383,-0.00761953023754911,3,0.4
2016-09-27,94870.12989837845,-0.007943625643372766,5,0.8999999999999999
2016-09-29,92787.30588375923,-0.021954476259812006,3,0.8400000000000001
2016-10-04,92067.87226128775,-0.007753578095830749,1,0.28
2016-10-13,92322.87075080581,0.0027696794034119347,4,0.9
2016-10-18,92602.58437878624,0.003029732781332344,1,0.28
2016-10-27,94290.6806315633,0.018229472364097107,4,0.9
2016-10-28,95511.04301629067,0.012942555685814813,1,0.28
2016-11-01,96275.50472389237,0.00800390911312002,1,0.28
2016-11-10,93387.23958217559,-0.03,5,0.8999999999999999
2016-11-17,96167.2079937025,0.029768182719232077,5,0.8999999999999999
2016-11-18,97445.87608487676,0.013296300452624135,2,0.56
2016-11-21,96640.08999668006,-0.008269062997543767,3,0.4
2016-11-22,94101.82183690259,-0.026265167591055426,2,0.56
2016-11-25,92463.93630678592,-0.017405460363514147,3,0.8400000000000001
2016-11-28,89690.01821758234,-0.03,4,0.9
2016-12-05,89967.02970518116,0.003088543107738189,5,0.8999999999999999
2016-12-06,91041.67468594809,0.01194487563153412,3,0.8400000000000001
2016-12-08,90031.72942198395,-0.011093219313550447,2,0.56
2016-12-15,88875.13964957719,-0.012846468459866544,3,0.4
2016-12-19,87320.80591673042,-0.01748895966830892,5,0.8999999999999999
2016-12-20,87769.3184042602,0.005136375950967253,2,0.4
2016-12-26,86151.89842137555,-0.018428079564602476,4,0.9
2016-12-27,87871.00595367634,0.01995437783497826,2,0.56
2016-12-29,87416.84698941532,-0.005168473483738683,1,0.28
2016-12-30,85709.53113498542,-0.01953074165025223,2,0.56
2017-01-03,84529.12891536654,-0.013772123169823893,3,0.8400000000000001
2017-01-05,83153.40448126344,-0.0162751521487997,3,0.8400000000000001
2017-01-12,81859.31044657809,-0.015562730627306324,1,0.28
2017-01-16,82122.69361780977,0.003217510259917944,1,0.28
2017-01-23,82086.23677909786,-0.00044393135570504057,2,0.4
2017-02-08,82707.2612421218,0.007565512653420382,3,0.4
2017-02-09,82544.39711278312,-0.0019691636126348607,2,0.56
2017-02-13,83194.12495810706,0.007871253144367873,2,0.4
2017-02-17,80698.30120936385,-0.03,3,0.8400000000000001
2017-02-23,82688.62690152481,0.024663786750569343,2,0.56
2017-02-27,86409.61511209342,0.045,4,0.9
2017-02-28,87841.29069891188,0.016568475452196446,1,0.28
2017-03-03,87412.14983678385,-0.004885411618084863,1,0.28
2017-03-13,89736.7692150674,0.026593778812488575,3,0.4
2017-03-14,93083.69740682491,0.03729717730015569,4,0.9
2017-03-15,92540.77471614392,-0.005832629190782233,5,0.8999999999999999
2017-03-16,92513.10635851389,-0.00029898558462354785,1,0.28
2017-03-21,92591.11848366108,0.0008432548448308545,2,0.56
2017-03-22,90507.4476569219,-0.022504003200985858,3,0.8400000000000001
2017-03-24,94201.5097045962,0.040815006315027644,5,0.8999999999999999
2017-03-27,95318.3219861492,0.011855566700100333,1,0.28
2017-03-29,99607.64647552591,0.045,2,0.56
2017-03-30,98720.26440998209,-0.008908774546358411,1,0.28
2017-04-03,100226.47432653145,0.015257352941176496,1,0.28
2017-04-06,101095.29042140426,0.008668528956154649,5,0.8999999999999999
2017-04-10,103146.64200401929,0.020291267516658766,3,0.4
2017-04-12,102209.24852692115,-0.009087968923521653,5,0.8999999999999999
2017-04-13,99142.97107111351,-0.03,5,0.8999999999999999
2017-04-14,98478.67460261764,-0.006700388956665181,4,0.9
2017-04-21,98616.36459575169,0.0013981706566385263,5,0.8999999999999999
2017-04-24,98164.49536916107,-0.004582091709047538,5,0.8999999999999999
2017-04-26,102581.89766077332,0.045,5,0.8999999999999999
2017-04-27,104178.83139130355,0.015567402894135506,1,0.28
2017-04-28,103876.9624463135,-0.0028976034858387493,1,0.28
2017-05-01,102008.2211118522,-0.017989949748743708,1,0.28
2017-05-05,100809.1759114707,-0.01175439770748231,5,0.8999999999999999
2017-05-08,98096.27225740663,-0.02691127696993085,5,0.8999999999999999
2017-05-09,99216.80808081059,0.011422817581321163,3,0.4
2017-05-10,101514.38262858345,0.023157110092692418,4,0.9
2017-05-12,104152.19458820997,0.025984613128935748,5,0.8999999999999999
2017-05-15,105320.14467899369,0.0112138788376134,3,0.4
2017-05-16,109476.66822970465,0.03946560805987932,5,0.8999999999999999
2017-05-17,109431.50811232261,-0.0004125090588917406,5,0.8999999999999999
2017-05-18,107742.3326775087,-0.015435914792292836,5,0.8999999999999999
2017-05-19,110204.80382214271,0.022855186846609435,5,0.8999999999999999
2017-05-23,115164.01999413912,0.045,5,0.8999999999999999
2017-05-24,120346.40089387538,0.045,3,0.8400000000000001
2017-05-25,119387.71950231821,-0.007966016303242562,5,0.8999999999999999
2017-05-26,116986.6602335941,-0.020111442606770665,4,0.9
2017-05-31,116250.34162589809,-0.006294039048775065,3,0.4
2017-06-01,119410.41335503837,0.02718333283965401,4,0.9
2017-06-02,121338.99710079601,0.016150884094366703,5,0.8999999999999999
2017-06-06,118617.10835685913,-0.0224321018713862,5,0.8999999999999999
2017-06-13,115058.59510615336,-0.03,5,0.8999999999999999
2017-06-14,111606.83725296873,-0.03,4,0.9
2017-06-20,108258.63213537967,-0.03,5,0.8999999999999999
2017-06-28,111194.21235075567,0.027116361600661804,3,0.4
2017-06-30,110360.58770402592,-0.007497014719616181,4,0.9
2017-07-03,109338.54849218174,-0.009260907658313361,5,0.8999999999999999
2017-07-10,108923.7138908564,-0.0037940379403793626,1,0.28
2017-07-11,109635.2335097544,0.006532274685482564,2,0.4
2017-07-12,110810.80925576865,0.010722609040730156,1,0.28
2017-07-13,109233.18796693561,-0.014237070367310648,4,0.9
2017-07-14,108845.75304510035,-0.0035468608858375255,3,0.4
2017-07-19,107868.11555442272,-0.008981861609910909,3,0.4
2017-07-24,105259.62254067934,-0.024182243291599213,5,0.8999999999999999
2017-07-25,108479.6976758954,0.030591741234599425,2,0.4
2017-07-26,105225.30674561854,-0.03,5,0.8999999999999999
2017-07-28,102727.52791384576,-0.023737434549002054,5,0.8999999999999999
2017-07-31,101852.76719251952,-0.008515348700495081,2,0.56
2017-08-09,105624.23043002177,0.03702857901124588,3,0.8400000000000001
2017-08-10,105764.03974229394,0.0013236481033090364,1,0.28
2017-08-17,105623.499304959,-0.0013288111694426386,2,0.56
2017-08-21,102454.79432581025,-0.03,4,0.9
2017-08-24,102887.3252385071,0.004221675672115371,5,0.8999999999999999
2017-08-25,101981.77419489161,-0.008801385802539908,3,0.8400000000000001
2017-08-29,99604.56475021504,-0.023310140105364436,2,0.56
2017-08-31,99081.06551689419,-0.005255775522273105,4,0.9
2017-09-01,96108.63355138736,-0.03,4,0.9
2017-09-05,94279.05163025403,-0.01903660320126293,5,0.8999999999999999
2017-09-07,96860.80543661135,0.027384172429762148,5,0.8999999999999999
2017-09-12,94665.16514651504,-0.022667995379547078,5,0.8999999999999999
2017-09-18,95652.74565212242,0.010432353908419345,5,0.8999999999999999
2017-09-20,94075.82751765822,-0.0164858637743579,5,0.8999999999999999
2017-09-25,91882.51113787066,-0.023314345859736046,3,0.8400000000000001
2017-09-26,91826.01283603653,-0.0006148972327210125,2,0.4
2017-09-28,89735.93429871049,-0.02276129032258065,1,0.28
2017-09-29,91316.55793174464,0.01761416589002801,1,0.28
2017-10-02,91422.47174469277,0.0011598533206573338,1,0.28
2017-10-04,92173.21124796548,0.008211761167092818,1,0.28
2017-10-09,91243.8977161728,-0.010082251873514863,1,0.28
2017-10-12,89627.3730944573,-0.017716523101018004,1,0.28
2017-10-13,91082.94359408545,0.016240245020839133,5,0.8999999999999999
2017-10-16,89815.76044552094,-0.013912408828284735,3,0.4
2017-10-17,89058.93791841457,-0.008426388902707665,3,0.4
2017-10-18,87914.03882043457,-0.01285552157638365,2,0.56
2017-10-23,85296.40553612649,-0.029774917856460175,4,0.9
2017-10-25,87365.59895921867,0.02425885839017908,5,0.8999999999999999
2017-11-01,88137.95920851757,0.008840553472991607,2,0.56
2017-11-09,88779.736540661,0.0072815088743445775,3,0.4
2017-11-10,89755.60080065872,0.010991970668337868,5,0.8999999999999999
2017-11-14,87062.93277663896,-0.03,3,0.8400000000000001
2017-11-23,89180.6719988685,0.024324234834388694,5,0.8999999999999999
2017-11-27,88606.0278982257,-0.00644359464627152,1,0.28
2017-11-28,88993.67927028045,0.004375,1,0.28
2017-12-01,90657.42985564623,0.01869515452117507,1,0.28
2017-12-05,91258.16681689252,0.006626450388047159,3,0.8400000000000001
2017-12-06,93129.75360805512,0.02050870466111702,2,0.56
2017-12-07,93846.60608727779,0.007697351828499413,1,0.28
2017-12-08,93594.43650696994,-0.0026870399561741997,2,0.56
2017-12-12,95529.79503737741,0.020678136464482626,2,0.4
2017-12-15,95203.95340671588,-0.0034108900844394916,5,0.8999999999999999
2017-12-18,95088.46328870751,-0.0012130811156022474,5,0.8999999999999999
2017-12-20,93472.22147555748,-0.01699724401100898,5,0.8999999999999999
2017-12-21,92341.76063522244,-0.012094083381025154,4,0.9
2017-12-22,89741.6950270202,-0.028156985423672586,5,0.8999999999999999
2017-12-28,89233.02908569253,-0.005668111585974866,3,0.4
2017-12-29,87998.47566379285,-0.01383516209804005,4,0.9
2018-01-01,88717.68237458031,0.00817294510345002,5,0.8999999999999999
2018-01-03,91838.36443629175,0.03517542363804567,5,0.8999999999999999
2018-01-04,95971.09083592487,0.045,5,0.8999999999999999
2018-01-05,98271.65711373139,0.023971450754265402,4,0.9
2018-01-08,100342.334979117,0.021070957040942057,5,0.8999999999999999
2018-01-09,97974.38314462072,-0.023598731631958636,5,0.8999999999999999
2018-01-15,97118.49534515708,-0.008735832490011836,5,0.8999999999999999
2018-01-16,94204.94048480236,-0.03,5,0.8999999999999999
2018-01-17,91420.47206947872,-0.02955756249082117,3,0.8400000000000001
2018-01-22,92337.93947191423,0.010035688743088637,5,0.8999999999999999
2018-01-23,92879.8222142547,0.005868473408000297,2,0.4
2018-01-24,93293.57635892575,0.004454725846875626,5,0.8999999999999999
2018-01-25,93276.91020043017,-0.00017864207961630282,3,0.4
2018-01-26,93283.61990752231,7.193320488124045e-05,1,0.28
2018-01-29,92544.79823844357,-0.00792016508162073,3,0.8400000000000001
2018-01-31,90877.18267978553,-0.01801954934691629,3,0.4
2018-02-06,90108.37272338668,-0.008459878857686589,4,0.9
2018-02-08,90484.25439796454,0.004171440047327679,2,0.56
2018-02-14,90735.88132462889,0.002780891861667474,3,0.8400000000000001
2018-02-15,88965.51687090319,-0.01951118375531956,4,0.9
2018-02-16,87432.60140361554,-0.017230445246690783,2,0.56
2018-02-20,88636.0436173375,0.013764227466669,5,0.8999999999999999
2018-02-21,89756.57339191911,0.012641920023181562,3,0.8400000000000001
2018-02-22,91219.35960802712,0.01629726003153884,3,0.4
2018-02-23,91626.06714799539,0.004458566051284599,4,0.9
2018-02-27,92558.79839848318,0.01017975865952237,3,0.8400000000000001
2018-03-05,89782.03444652868,-0.03,3,0.8400000000000001
2018-03-06,89972.0189625605,0.0021160638339619894,4,0.9
2018-03-19,92382.54205622703,0.026791919548561107,5,0.8999999999999999
2018-03-20,94345.24855142659,0.021245426370763848,5,0.8999999999999999
2018-03-22,94878.3155785151,0.0056501735410444285,1,0.28
2018-03-26,94976.3748991981,0.0010335272088789257,2,0.4
2018-03-27,93867.01925742066,-0.01168033253485226,4,0.9
2018-03-29,94631.41347177916,0.008143373683383085,1,0.28
2018-03-30,97064.02183312298,0.02570613998140548,4,0.9
2018-04-02,97636.70540564833,0.005900060204695974,1,0.28
2018-04-03,99171.6534713126,0.015721014543527118,2,0.56
2018-04-12,101202.53579312899,0.020478455795877766,5,0.8999999999999999
2018-04-13,101199.36399725426,-3.134107114862589e-05,5,0.8999999999999999
2018-04-18,100195.13178088551,-0.009923305608877346,3,0.8400000000000001
2018-04-20,99896.3698911601,-0.002981800456920012,5,0.8999999999999999
2018-04-23,100860.90238999079,0.00965533081814264,5,0.8999999999999999
2018-04-25,101929.22162580038,0.010592005529345788,5,0.8999999999999999
2018-04-26,103307.5238647045,0.013522150144186333,3,0.8400000000000001
2018-05-01,102955.3033876011,-0.0034094368340943683,1,0.28
2018-05-02,107588.29204004315,0.045,5,0.8999999999999999
2018-05-03,107356.01127837395,-0.0021589780566712022,4,0.9
2018-05-04,104859.26468738136,-0.023256700405145752,3,0.8400000000000001
2018-05-14,105357.24260313013,0.0047490120899989375,5,0.8999999999999999
2018-05-16,108686.31881217548,0.03159798156056173,5,0.8999999999999999
2018-05-17,112297.64419057844,0.03322704658572366,2,0.4
2018-05-18,111269.73501006223,-0.00915343494447452,2,0.56
2018-05-21,110712.62155579017,-0.005006873200710556,2,0.56
2018-05-24,110239.79078518543,-0.004270793735712423,3,0.8400000000000001
2018-05-25,114944.97620611484,0.042681371103996474,4,0.9
2018-05-28,116190.55779206153,0.010836329059855288,5,0.8999999999999999
2018-05-29,118110.19650903392,0.01652146915765594,3,0.8400000000000001
2018-05-31,120842.29286360605,0.023131756912817908,4,0.9
2018-06-01,122779.84861416176,0.01603375527426158,1,0.28
2018-06-04,128304.94180179904,0.045,5,0.8999999999999999
2018-06-05,134078.66418287996,0.045,4,0.9
2018-06-06,137702.56526646917,0.02702817115366175,4,0.9
2018-06-07,140389.0165408783,0.019509086626022965,4,0.9
2018-06-08,138754.3513386045,-0.011643825439847318,3,0.8400000000000001
2018-06-11,139242.29968919998,0.0035166345839829525,5,0.8999999999999999
2018-06-13,138803.00665232897,-0.0031548820857708977,3,0.4
2018-06-14,138734.3148060345,-0.0004948873079279464,3,0.8400000000000001
2018-06-18,141676.69232777748,0.021208722051618903,5,0.8999999999999999
2018-06-20,144327.18459896185,0.0187080332525853,3,0.4
2018-06-21,143202.44489399373,-0.0077929858334963445,5,0.8999999999999999
2018-06-22,141833.17681639304,-0.009561764665500506,4,0.9
2018-06-25,141103.00218933765,-0.005148122910626451,3,0.4
2018-06-27,143878.9954520469,0.01967352373540805,5,0.8999999999999999
2018-06-28,149715.63668107818,0.04056631901476233,4,0.9
2018-06-29,148661.38670168642,-0.007041682503995804,5,0.8999999999999999
2018-07-03,148839.551391298,0.0011984597585456966,3,0.4
2018-07-04,150256.32966110506,0.009518829212823635,4,0.9
2018-07-05,149304.17458990993,-0.006336871620268415,1,0.28
2018-07-09,146314.0445581965,-0.020027102657553565,5,0.8999999999999999
2018-07-10,142825.01518307996,-0.02384616860023143,2,0.56
2018-07-11,142755.30638146555,-0.000488071375487599,2,0.56
2018-07-13,143902.58848947217,0.008036703763157356,5,0.8999999999999999
2018-07-16,142077.10534215518,-0.012685547678320943,5,0.8999999999999999
2018-07-18,139676.89251023773,-0.016893734047700254,3,0.4
2018-07-20,136375.59108797956,-0.023635272541706963,5,0.8999999999999999
2018-07-25,138179.778117071,0.013229545072530807,5,0.8999999999999999
2018-07-26,139286.69998411424,0.008010737042184501,5,0.8999999999999999
2018-07-31,138939.6191431087,-0.002491844813935056,1,0.28
2018-08-03,134771.43056881544,-0.03,5,0.8999999999999999
2018-08-09,134116.74908233286,-0.004857717126838029,1,0.28
2018-08-14,134818.99128782834,0.005236051502145882,1,0.28
2018-08-15,134031.3772978077,-0.005842010702625476,1,0.28
2018-08-24,134408.72340573935,0.0028153564899451758,1,0.28
2018-08-28,136786.27030494102,0.01768893297218935,1,0.28
2018-09-03,135725.51626134772,-0.007754828326180237,1,0.28
2018-09-04,136226.80342141335,0.0036933892305142154,3,0.8400000000000001
2018-09-07,136234.97142357996,5.995884775578542e-05,3,0.8400000000000001
2018-09-10,142294.979027987,0.04448202646562274,4,0.9
2018-09-11,142511.51486563828,0.0015217391304347585,1,0.28
2018-09-12,143304.89587977345,0.005567136205682655,2,0.4
2018-09-13,144630.21252235066,0.009248230037368042,2,0.56
2018-09-17,145923.21378064438,0.008940049494111953,3,0.8400000000000001
2018-09-19,141600.23337135641,-0.029625035642282378,5,0.8999999999999999
2018-09-20,139437.6712000366,-0.015272306548028986,1,0.28
2018-09-24,138703.9090750108,-0.005262294749409305,3,0.4
2018-09-26,134542.79180276048,-0.03,5,0.8999999999999999
2018-10-05,135445.97822824007,0.006713004936033054,1,0.28
2018-10-08,135077.01294055584,-0.0027240771007794855,3,0.8400000000000001
2018-11-07,135956.67745804085,0.006512318405146536,1,0.28
2018-11-12,138560.35372804507,0.019150778900196216,5,0.8999999999999999
2018-11-13,137863.58517996073,-0.005028628531447653,5,0.8999999999999999
2018-11-14,139624.9630061841,0.012776236915093506,1,0.28
2018-11-15,139124.98445334414,-0.0035808679341802346,1,0.28
2018-11-19,141305.72964277194,0.01567472009428408,1,0.28
2018-11-20,147664.48747669667,0.045,4,0.9
2018-11-21,147641.25282848455,-0.0001573475695420479,1,0.28
2018-11-23,144800.89239100463,-0.019238257486067223,2,0.56
2018-11-26,143324.63053496045,-0.010195115732145071,5,0.8999999999999999
2018-11-30,139743.78017228583,-0.02498419391914049,5,0.8999999999999999
2018-12-03,142376.44189144153,0.018839204978639817,5,0.8999999999999999
2018-12-06,147779.19406233754,0.037946953155463106,5,0.8999999999999999
2018-12-07,147451.4065814574,-0.0022180895149682806,4,0.9
2018-12-10,148041.03994900733,0.003998831759018793,5,0.8999999999999999
2018-12-11,147645.47655643406,-0.0026719846922821735,3,0.4
2018-12-12,145290.44036824882,-0.015950615238016313,1,0.28
2018-12-13,140931.72715720136,-0.03,5,0.8999999999999999
2018-12-19,143877.49039852744,0.02090205875388354,5,0.8999999999999999
2018-12-20,145220.4029149409,0.009333722131889358,3,0.8400000000000001
2018-12-24,141845.21061304785,-0.023241860194190313,5,0.8999999999999999
2018-12-27,147469.76116281873,0.03965273501630309,5,0.8999999999999999
2018-12-28,147966.90962742432,0.0033711891894683678,4,0.9
2018-12-31,151917.56267750566,0.0266995712759627,5,0.8999999999999999
2019-01-03,154513.39448019033,0.017087108013937338,1,0.28
2019-01-04,157751.82589874772,0.02095890410958901,1,0.28
2019-01-07,159227.64120336412,0.009355297767289446,2,0.56
2019-01-08,160454.23788207417,0.007703415496455399,2,0.56
2019-01-10,165275.22820046626,0.03004588960707447,3,0.8400000000000001
2019-01-11,166543.433605465,0.0076732939279957535,1,0.28
2019-01-15,166962.61230691522,0.002516933225018258,5,0.8999999999999999
2019-01-16,165090.90163960346,-0.011210358064302024,5,0.8999999999999999
2019-01-17,163125.33618762993,-0.011905958671571142,5,0.8999999999999999
2019-01-22,164151.44063118595,0.006290282475652731,3,0.4
2019-01-23,165359.1835511693,0.007357492053310233,4,0.9
2019-01-24,160398.4080446342,-0.03,4,0.9
2019-01-28,155586.4558032952,-0.03,5,0.8999999999999999
2019-01-30,152040.88661464505,-0.022788417991426557,5,0.8999999999999999
2019-02-06,156184.95024033592,0.02725624480337433,5,0.8999999999999999
2019-02-08,158130.49691043718,0.012456684636435808,2,0.56
2019-02-11,155906.01095850472,-0.014067406321959417,1,0.28
2019-02-12,156648.98148506446,0.004765502766647583,1,0.28
2019-02-13,154396.49472204194,-0.014379198266522187,1,0.28
2019-02-15,153881.04429143976,-0.0033384853168470043,1,0.28
2019-02-22,150575.3371727694,-0.02148222436292804,3,0.8400000000000001
2019-02-28,155216.60532858304,0.030823561434156294,5,0.8999999999999999
2019-03-01,152810.04080049254,-0.015504555862408991,3,0.8400000000000001
2019-03-04,154532.36426467545,0.011271009778942204,4,0.9
2019-03-05,154363.97485526107,-0.0010896708286038238,1,0.28
2019-03-06,153865.79929639373,-0.0032272786402037026,2,0.56
2019-03-08,152355.81798846353,-0.009813625346471611,3,0.4
2019-03-11,152048.33299710148,-0.0020182031472229856,3,0.4
2019-03-12,156911.4088922832,0.03198375016235411,2,0.4
2019-03-13,159213.37018195295,0.014670451982557923,5,0.8999999999999999
2019-03-14,158671.37538145974,-0.003404204055688398,2,0.4
2019-03-15,153911.23412001596,-0.03,5,0.8999999999999999
2019-03-18,150574.85823798287,-0.021677273274486628,3,0.4
2019-03-19,147523.80395378545,-0.020262707333087777,3,0.4
2019-03-21,146349.7385530317,-0.007958481067377749,5,0.8999999999999999
2019-03-22,141959.24639644072,-0.03,5,0.8999999999999999
2019-03-25,137700.4690045475,-0.03,5,0.8999999999999999
2019-03-27,136714.27077884038,-0.007161908981403398,4,0.9
2019-03-29,132612.84265547513,-0.03,5,0.8999999999999999
2019-04-02,130417.1035646557,-0.01655751469353486,1,0.28
2019-04-05,132338.1410334051,0.014729950414801388,5,0.8999999999999999
2019-04-09,132032.92331740254,-0.0023063473131717804,5,0.8999999999999999
2019-04-12,133087.9215091763,0.007990417581208747,4,0.9
2019-04-15,137409.0102822214,0.03246792589474129,3,0.8400000000000001
2019-04-17,139395.59488052488,0.014457455113192809,2,0.4
2019-04-18,141329.1057755993,0.013870674297359645,5,0.8999999999999999
2019-04-19,145121.75041079128,0.026835552481411017,1,0.28
2019-04-22,145837.8115822957,0.004934209858119144,2,0.56
2019-04-23,148747.34846641432,0.019950497422794936,5,0.8999999999999999
2019-04-24,144349.06640113067,-0.02956880986874713,3,0.8400000000000001
2019-04-26,145163.62756784714,0.005642995739597806,5,0.8999999999999999
2019-04-30,146160.73408272298,0.006868845395929331,5,0.8999999999999999
2019-05-02,147802.54498910662,0.011232913659659437,3,0.4
2019-05-03,154453.65951361644,0.045,5,0.8999999999999999
2019-05-06,160726.89923479382,0.040615675542633206,5,0.8999999999999999
2019-05-07,162803.6958743193,0.012921276086410888,5,0.8999999999999999
2019-05-08,163442.49117444432,0.003923714978916492,4,0.9
2019-05-09,160334.74602385104,-0.019014303613840353,5,0.8999999999999999
2019-05-10,163648.00107977947,0.0206646103735717,3,0.4
2019-05-13,167103.60996968503,0.021116108153505238,5,0.8999999999999999
2019-05-14,167338.8421629254,0.001407702641989857,5,0.8999999999999999
2019-05-16,174461.97266933697,0.042567107638263074,5,0.8999999999999999
2019-05-17,177157.33929186416,0.01544959386442228,4,0.9
2019-05-21,178189.21878318774,0.005824649971873629,5,0.8999999999999999
2019-05-22,175772.2365896211,-0.013564132611791162,3,0.4
2019-05-23,172021.98073863875,-0.021335882866064634,4,0.9
2019-05-24,171832.98708094514,-0.0010986599321906932,2,0.4
2019-05-27,170784.69992681293,-0.006100616487789966,3,0.4
2019-05-30,165661.15892900855,-0.03,5,0.8999999999999999
2019-06-07,173115.9110808139,0.045,5,0.8999999999999999
2019-06-10,180839.2084248117,0.04461344596102665,5,0.8999999999999999
2019-06-18,182141.10193764028,0.007199177236887194,1,0.28
2019-06-21,187649.98609587262,0.030245145657010593,5,0.8999999999999999
2019-06-24,189573.7553531598,0.010251901944209553,1,0.28
2019-06-25,189938.08068259622,0.0019218131157328737,2,0.56
2019-06-26,191479.60713451295,0.008115942028985544,1,0.28
2019-06-27,195671.51342137065,0.021892181363798634,1,0.28
2019-07-01,192467.2854730178,-0.016375546405943305,4,0.9
2019-07-02,187815.42966802153,-0.024169592217002604,4,0.9
2019-07-03,189095.36615660702,0.006814863352003882,3,0.4
2019-07-04,186547.9869094568,-0.013471399637791781,2,0.4
2019-07-10,182435.6247418278,-0.022044527179084412,3,0.4
2019-07-15,181181.00752979424,-0.006877040675630191,5,0.8999999999999999
2019-07-16,178826.36327066878,-0.012996087676233305,4,0.9
2019-07-17,173461.5723725487,-0.03,4,0.9
2019-07-22,175241.99826059764,0.010264094022075659,5,0.8999999999999999
2019-07-24,172554.10949490638,-0.015338154051942374,3,0.4
2019-07-25,167377.48621005917,-0.03,4,0.9
2019-07-29,165714.62743742368,-0.009934781614228429,3,0.8400000000000001
2019-08-01,163104.75575772685,-0.01574919317657914,1,0.28
2019-08-05,162175.27675449863,-0.005698662794412015,4,0.9
2019-08-06,164771.45753998074,0.016008486851002646,2,0.4
2019-08-07,170208.04939655206,0.032994742765154864,2,0.56
2019-08-08,177867.41161939688,0.045,3,0.8400000000000001
2019-08-09,175622.39554892044,-0.012621851580548836,1,0.28
2019-08-12,173086.6775999422,-0.014438465783664443,1,0.28
2019-08-14,170578.3262162922,-0.014491880128680893,4,0.9
2019-08-16,168144.28973368206,-0.014269318597509203,3,0.4
2019-08-19,170366.18952487668,0.013214244710384326,2,0.4
2019-08-23,166270.47699007363,-0.02404064178593951,5,0.8999999999999999
2019-08-29,169014.248720281,0.01650185757493921,5,0.8999999999999999
2019-09-02,164564.77332270902,-0.026326037190721564,5,0.8999999999999999
2019-09-04,165039.60837259356,0.0028853991063654202,4,0.9
2019-09-06,166587.3836741904,0.009378205128205128,1,0.28
2019-09-10,167896.1491309967,0.007856329980942128,4,0.9
2019-09-11,166235.2243651265,-0.009892572131444823,2,0.56
2019-09-12,166660.43017653548,0.002557856272838004,1,0.28
2019-09-13,165618.7185525865,-0.006250503630919146,3,0.4
2019-09-16,168515.18490380183,0.017488761998213795,3,0.4
2019-09-17,171552.64327961902,0.01802483483937145,2,0.4
2019-09-18,177023.29127672457,0.03188903354982875,2,0.4
2019-09-19,179129.94300501334,0.011900421199353058,5,0.8999999999999999
2019-09-20,178252.1465856349,-0.004900333270099144,4,0.9
2019-09-25,184861.29232703714,0.03707750996550902,3,0.4
2019-09-26,193180.0504817538,0.045,4,0.9
2019-09-30,198923.1318635228,0.029729163893719254,5,0.8999999999999999
2019-10-01,201868.16564882128,0.014804883462819093,1,0.28
2019-10-03,202508.7438818264,0.0031732503782667416,5,0.8999999999999999
2019-10-04,200217.31295563345,-0.011315219690119178,2,0.56
2019-10-15,198394.05932712826,-0.009106373477848203,3,0.4
2019-10-17,196584.90951208028,-0.009118971713083918,5,0.8999999999999999
2019-10-21,192963.93078731734,-0.01841941344200897,5,0.8999999999999999
2019-10-22,194809.6590138729,0.009565146289385519,5,0.8999999999999999
2019-10-24,197043.91235363876,0.01146890431960947,3,0.8400000000000001
2019-10-30,193266.0094300552,-0.019172898459320617,1,0.28
2019-11-04,191969.85415723085,-0.006706586826347359,1,0.28
2019-11-06,190073.12861298036,-0.009880330182972321,2,0.56
2019-11-08,192225.4347969745,0.01132356898473831,1,0.28
2019-11-12,194061.86389325967,0.00955351771332862,2,0.4
2019-11-15,195187.03480443062,0.005798001155908843,5,0.8999999999999999
2019-11-18,198282.30407139994,0.015857965515335866,5,0.8999999999999999
2019-11-19,195914.00395578556,-0.011944082083903795,2,0.56
2019-11-22,204730.13413379592,0.045,4,0.9
2019-11-25,213151.7015863928,0.04113496768918831,5,0.8999999999999999
2019-11-26,210728.52142842748,-0.011368335978228922,4,0.9
2019-11-27,215108.84696249422,0.020786581258078425,2,0.56
2019-11-28,213700.60419269805,-0.006546652030735417,1,0.28
2019-12-02,213472.35306125824,-0.0010680883767365164,3,0.4
2019-12-03,213746.375836218,0.0012836452638020617,3,0.4
2019-12-04,216352.88043700065,0.012194380328487311,5,0.8999999999999999
2019-12-05,211352.03552363513,-0.023114297823373237,4,0.9
2019-12-11,205011.47445792606,-0.03,5,0.8999999999999999
2019-12-16,214236.99080853275,0.045,5,0.8999999999999999
2019-12-17,210211.0410892129,-0.018792038219571115,5,0.8999999999999999
2019-12-18,210938.07686397986,0.0034585993723251995,3,0.4
2019-12-19,220068.63985763997,0.04328551359434177,2,0.56
2019-12-23,220915.7926536187,0.003849493487698919,1,0.28
2019-12-24,221935.5669420466,0.004616122171160546,2,0.56
2019-12-26,227256.17499796572,0.023973661045993952,2,0.56
2019-12-27,233997.98100210645,0.02966610700105777,3,0.8400000000000001
2019-12-31,233399.86957084548,-0.0025560538116592025,1,0.28
2020-01-01,232260.3585206355,-0.004882226593807474,3,0.4
2020-01-03,229075.82407399517,-0.013711054555000116,2,0.56
2020-01-07,231997.77795843635,0.012755400515321647,3,0.4
2020-01-08,240396.47867671645,0.03620164293032491,2,0.4
2020-01-09,244086.74375648456,0.01535074515268062,5,0.8999999999999999
2020-01-10,253081.8906455834,0.0368522548609725,5,0.8999999999999999
2020-01-13,257939.40901222356,0.01919346482772498,3,0.4
2020-01-14,259135.57183495618,0.004637379093459505,5,0.8999999999999999
2020-01-15,261030.56971417234,0.007312766309146829,4,0.9
2020-01-16,253199.65262274718,-0.03,3,0.8400000000000001
2020-01-17,247510.0952524238,-0.022470636556522084,2,0.4
2020-01-24,250910.35739954558,0.013737872564971498,3,0.4
2020-01-27,252045.66834732637,0.004524767170025227,3,0.4
2020-01-28,250828.69595180402,-0.004828380521284377,5,0.8999999999999999
2020-01-29,255833.4237872249,0.019952772215434726,2,0.4
2020-01-30,248158.42107360813,-0.03,4,0.9
2020-01-31,242246.63807553612,-0.0238226169093753,2,0.56
2020-02-05,246082.05972997408,0.01583271365459371,3,0.4
2020-02-07,255815.0537025933,0.039551822604619175,5,0.8999999999999999
2020-02-10,260007.39204816677,0.01638816123169764,5,0.8999999999999999
2020-02-11,259175.9742206011,-0.0031976699624434394,1,0.28
2020-02-13,255105.82120578014,-0.01570420648387963,1,0.28
2020-02-14,255290.75228652477,0.0007249190938511863,1,0.28
2020-02-21,266778.83613941836,0.045,5,0.8999999999999999
2020-02-24,271055.657290569,0.016031335967428742,5,0.8999999999999999
2020-02-25,275670.7781380752,0.01702646937399595,3,0.4
2020-02-26,278346.14034840756,0.009704917686242046,4,0.9
2020-02-27,276151.7681561818,-0.007883609197810483,3,0.8400000000000001
2020-02-28,270542.9480333166,-0.020310643528789758,3,0.8400000000000001
2020-03-04,269374.201178423,-0.004320004876821531,5,0.8999999999999999
2020-03-06,265286.1290947003,-0.015176182670198927,3,0.4
2020-03-11,257327.5452218593,-0.03,5,0.8999999999999999
2020-03-12,254879.1467566607,-0.009514715819045626,2,0.56
2020-03-18,250470.3570898791,-0.017297569153394792,1,0.28
2020-04-07,242956.24637718275,-0.03,1,0.28
2020-04-15,245253.84952871816,0.00945685976712226,1,0.28
2020-04-17,252654.24857154608,0.030174446016030195,1,0.28
2020-04-24,258124.08281897134,0.021649484536082585,1,0.28
2020-04-27,259420.4442623153,0.005022241354570208,1,0.28
2020-04-30,254758.5074122232,-0.017970583865696048,1,0.28
2020-05-04,263144.2341685746,0.0329163757533817,2,0.56
2020-05-06,264895.2682558011,0.0066542749559346664,5,0.8999999999999999
2020-05-07,259028.90883655706,-0.022145957751042625,5,0.8999999999999999
2020-05-11,255284.60368299854,-0.014455163210841136,5,0.8999999999999999
2020-05-14,249620.46565289423,-0.02218754264216341,5,0.8999999999999999
2020-05-19,255898.40227665615,0.025149927540362882,5,0.8999999999999999
2020-05-20,261704.09448339976,0.022687489078055997,4,0.9
2020-05-21,260519.32496203732,-0.004527134066057116,5,0.8999999999999999
2020-05-22,252703.74521317618,-0.03,5,0.8999999999999999
2020-05-27,258880.8169328339,0.024443926283905487,4,0.9
2020-06-01,270530.45369481144,0.045,5,0.8999999999999999
2020-06-03,279665.318058104,0.03376649186267849,5,0.8999999999999999
2020-06-04,278604.92039380036,-0.0037916666666667,1,0.28
2020-06-08,280013.32244675566,0.005055194470236195,1,0.28
2020-06-09,280948.71893745515,0.003340542808913464,3,0.4
2020-06-10,285854.669812792,0.017462086653717748,5,0.8999999999999999
2020-06-11,286553.2291833261,0.0024437570706528863,4,0.9
2020-06-12,294051.66206053743,0.026167678858764885,5,0.8999999999999999
2020-06-15,299159.8319298514,0.017371674873452314,5,0.8999999999999999
2020-06-16,299368.2192041392,0.0006965750480054364,5,0.8999999999999999
2020-06-23,291320.2140719042,-0.02688329827939108,5,0.8999999999999999
2020-06-25,294511.4194334468,0.01095428743834092,3,0.4
2020-06-29,298583.52349173184,0.013826642328907391,5,0.8999999999999999
2020-06-30,297405.0977466499,-0.00394672060702193,3,0.8400000000000001
2020-07-01,298914.27537146886,0.005074484722197608,5,0.8999999999999999
2020-07-03,304746.1051565646,0.01951004105725085,3,0.4
2020-07-06,318459.67988861,0.045,5,0.8999999999999999
2020-07-08,332790.36548359744,0.045,5,0.8999999999999999
2020-07-09,336501.0330823369,0.011150165340115042,5,0.8999999999999999
2020-07-10,337851.00017436116,0.004011776961451141,2,0.56
2020-07-13,338864.84317166434,0.0030008583570271877,3,0.8400000000000001
2020-07-14,340625.4275941314,0.005195535795299896,1,0.28
2020-07-15,337359.77014096174,-0.009587239203588808,3,0.8400000000000001
2020-07-17,336201.6871234907,-0.003432783396156467,5,0.8999999999999999
2020-07-22,341286.74390765006,0.015125018638861341,5,0.8999999999999999
2020-07-23,341859.4695044919,0.001678136074915437,5,0.8999999999999999
2020-07-27,357243.145632194,0.045,5,0.8999999999999999
2020-07-28,369827.7237222345,0.03522692665738973,4,0.9
2020-07-29,372119.8746066868,0.006197888198814127,5,0.8999999999999999
2020-07-30,363430.7382438639,-0.023350368942284788,3,0.8400000000000001
2020-07-31,357021.27015998313,-0.017636009862159723,3,0.8400000000000001
2020-08-04,370306.66893908026,0.037211785093767207,5,0.8999999999999999
2020-08-05,380062.851513382,0.02634622433955337,5,0.8999999999999999
2020-08-06,377548.6876075759,-0.006615126671272642,5,0.8999999999999999
2020-08-07,371841.2892887828,-0.015116986248738857,3,0.8400000000000001
2020-08-10,362979.5110794979,-0.023832152223424934,3,0.4
2020-08-17,367873.66374912235,0.013483275282037967,5,0.8999999999999999
2020-08-18,356837.45383664867,-0.03,4,0.9
2020-08-19,355731.2143469381,-0.0031001215758504628,4,0.9
2020-08-21,360541.4146814979,0.013522008023362429,5,0.8999999999999999
2020-08-24,353488.1724035596,-0.019562918407498686,5,0.8999999999999999
2020-08-26,349798.21515833546,-0.01043870073539964,3,0.4
2020-08-27,354319.7967157838,0.01292625680037194,2,0.4
2020-08-31,358195.0095767337,0.010937048668658848,5,0.8999999999999999
2020-09-01,356311.72105385276,-0.005257718484426436,3,0.4
2020-09-02,355603.93904447934,-0.001986412367463098,4,0.9
2020-09-07,359421.17945898924,0.0107345279266787,4,0.9
2020-09-09,360480.1034226841,0.0029461924455558472,5,0.8999999999999999
2020-09-11,349665.70032000355,-0.03,5,0.8999999999999999
2020-09-14,339175.7293104034,-0.03,5,0.8999999999999999
2020-09-18,345899.24414453586,0.01982310128086838,5,0.8999999999999999
2020-09-22,350729.73487294,0.013965022503447945,5,0.8999999999999999
2020-09-25,366512.5729422223,0.045,2,0.56
2020-09-29,370179.70037876046,0.010005461496450084,1,0.28
2020-10-05,374565.125261501,0.011846745994589769,4,0.9
2020-10-08,374855.4843614713,0.0007751898945945962,3,0.4
2020-10-09,380174.1889552107,0.014188680213120497,2,0.4
2020-10-13,396713.1366190359,0.04350360477989664,5,0.8999999999999999
2020-10-14,401379.2799109821,0.011762008517573082,5,0.8999999999999999
2020-10-15,394004.21836448886,-0.018374295624151077,3,0.4
2020-10-16,385681.019603462,-0.021124643780659178,5,0.8999999999999999
2020-10-27,396325.19271594996,0.027598384601429805,5,0.8999999999999999
2020-10-28,405523.1059882407,0.02320799545761639,5,0.8999999999999999
2020-11-03,402747.10637354787,-0.006845478281509636,1,0.28
2020-11-09,415230.904599984,0.030996618048591267,5,0.8999999999999999
2020-11-10,414823.56124138855,-0.000981004434118045,5,0.8999999999999999
2020-11-11,404586.881345777,-0.024677190140737458,1,0.28
2020-11-16,403302.45403942507,-0.0031746637510330715,2,0.56
2020-11-18,396959.33761805546,-0.0157279390636922,5,0.8999999999999999
2020-11-19,390386.7390031619,-0.01655735989064331,3,0.4
2020-11-24,378675.136833067,-0.03,5,0.8999999999999999
2020-11-30,383541.45478826005,0.01285090432894789,2,0.4
2020-12-01,393238.4166114583,0.025282695526489055,2,0.56
2020-12-02,384422.0322484915,-0.022419946756315756,2,0.56
2020-12-11,381209.4619307884,-0.008356883966594389,1,0.28
2020-12-14,377502.72074072575,-0.009723633750559119,1,0.28
2020-12-21,378902.80579390004,0.003708807847602064,5,0.8999999999999999
2020-12-22,378550.4991601716,-0.0009298074026932706,4,0.9
2020-12-24,372172.2112667448,-0.016849239157199054,2,0.56
2020-12-28,368398.6541196788,-0.010139277014321246,3,0.4
2020-12-31,379307.1174293946,0.029610486324339616,5,0.8999999999999999
2021-01-01,381769.4852838933,0.006491752306643618,5,0.8999999999999999
2021-01-05,378785.97989153065,-0.007814939400261478,3,0.4
2021-01-06,372392.5726462655,-0.016878679741779166,3,0.8400000000000001
2021-01-11,361220.7954668775,-0.03,3,0.8400000000000001
2021-01-13,362764.18581245845,0.004272706236599987,5,0.8999999999999999
2021-01-15,358180.803599769,-0.012634605046317655,4,0.9
2021-01-18,360923.3266619264,0.0076568119636636406,3,0.4
2021-01-20,359717.9374506235,-0.0033397376181007804,3,0.8400000000000001
2021-01-25,357606.9456170182,-0.005868464187708336,1,0.28
2021-01-26,365017.15577319846,0.020721661721068225,1,0.28
2021-01-28,367896.7947656049,0.007889051094890496,1,0.28
2021-01-29,369659.0375772349,0.00479004665629864,1,0.28
2021-02-01,362197.287613516,-0.020185493130706757,2,0.56
2021-02-02,367651.7068944374,0.01505924938549394,1,0.28
2021-02-05,362604.10388944956,-0.013729306597336496,3,0.4
2021-02-10,359582.65339766647,-0.008332642844837378,3,0.8400000000000001
2021-02-11,357590.1680969394,-0.005541105172622192,4,0.9
2021-02-16,361651.06319164304,0.011356282853958965,2,0.56
2021-02-17,359933.78174494,-0.0047484484949324255,2,0.56
2021-02-18,354168.6776482028,-0.016017124229874134,2,0.4
2021-02-22,351808.41603580816,-0.006664230242119663,1,0.28
2021-03-02,351757.29599291994,-0.00014530648090856248,1,0.28
2021-03-03,351608.9881141212,-0.000421619908067874,1,0.28
2021-03-04,346475.39456484636,-0.014600291013063219,2,0.56
2021-03-10,341794.3558054701,-0.013510450764491925,2,0.56
2021-03-11,342912.4112115233,0.003271134783423734,3,0.4
2021-03-12,345593.4730427265,0.007818503336554272,3,0.4
2021-03-15,343217.04897585895,-0.006876356911329075,5,0.8999999999999999
2021-03-16,336427.7281163365,-0.019781420765027348,1,0.28
2021-03-19,331117.2604793821,-0.015784869061440845,1,0.28
2021-03-22,329014.52970353904,-0.006350411249473457,3,0.4
2021-03-24,337304.47998702026,0.025196304524760446,5,0.8999999999999999
2021-03-26,342827.30541790504,0.01637341262439598,5,0.8999999999999999
2021-03-29,344587.62142504065,0.005134701872681375,5,0.8999999999999999
2021-03-31,348650.1820725958,0.011789630256462673,5,0.8999999999999999
2021-04-02,348884.4836290001,0.0006720247642248776,4,0.9
2021-04-05,344963.82084232895,-0.011237710390240005,5,0.8999999999999999
2021-04-08,336577.48438512796,-0.024310771015706285,5,0.8999999999999999
2021-04-14,333268.8143671831,-0.009830336761798819,5,0.8999999999999999
2021-04-15,328889.67821260245,-0.013139951792056612,3,0.8400000000000001
2021-04-19,331295.27206258517,0.0073142880708701044,3,0.4
2021-04-20,322780.1527442468,-0.02570250781221445,5,0.8999999999999999
2021-04-21,319176.52264115796,-0.011164348465824748,2,0.4
2021-04-22,318894.1453538856,-0.0008847056949418588,5,0.8999999999999999
2021-04-26,324741.057777179,0.018334963211083338,5,0.8999999999999999
2021-04-28,339354.405377152,0.045,5,0.8999999999999999
2021-04-29,354625.3536191238,0.045,5,0.8999999999999999
2021-04-30,349579.8163915227,-0.014227796112457735,2,0.56
2021-05-07,348588.97807488655,-0.0028343693490771637,5,0.8999999999999999
2021-05-11,360988.4210499757,0.03557038160978622,5,0.8999999999999999
2021-05-12,370871.4956169457,0.027377815992612676,5,0.8999999999999999
2021-05-14,373823.26535348484,0.007959009445115073,5,0.8999999999999999
2021-05-17,362608.5673928803,-0.03,5,0.8999999999999999
2021-05-21,359693.28693969286,-0.008039745100751545,5,0.8999999999999999
2021-05-24,360764.98796452786,0.0029794857556367862,3,0.4
2021-05-27,363735.94161675207,0.008235149616337853,5,0.8999999999999999
2021-05-28,355880.23571089143,-0.021597277054731353,5,0.8999999999999999
2021-06-04,366778.80732194684,0.030624267709851414,5,0.8999999999999999
2021-06-08,383283.85365143436,0.045,5,0.8999999999999999
2021-06-09,379639.5905663653,-0.009508000533680798,2,0.56
2021-06-10,374053.17123400426,-0.014715059944161613,1,0.28
2021-06-14,371709.3457315461,-0.006266022273586947,1,0.28
2021-06-15,369716.4108674845,-0.005361540910787244,2,0.4
2021-06-17,366787.976871806,-0.007920757395668089,5,0.8999999999999999
2021-06-21,372512.9609652814,0.015608428995687425,5,0.8999999999999999
2021-06-23,374040.6972443444,0.004101162749086932,3,0.4
2021-06-24,378930.7435244225,0.013073567438261269,5,0.8999999999999999
2021-06-25,375965.32278023206,-0.007825759178601222,2,0.4
2021-06-28,379810.04407904256,0.010226265737433304,5,0.8999999999999999
2021-06-30,392520.728694615,0.033465899108574365,5,0.8999999999999999
2021-07-02,398365.20476817095,0.014889598551884538,5,0.8999999999999999
2021-07-05,393142.83738427813,-0.013109496816952027,5,0.8999999999999999
2021-07-08,390644.24004389974,-0.006355444135781543,1,0.28
2021-07-09,391875.0740681936,0.003150779912064283,4,0.9
2021-07-12,387901.27996335085,-0.010140461508790064,5,0.8999999999999999
2021-07-13,396385.69665951893,0.021872618458412103,5,0.8999999999999999
2021-07-14,400480.2165638548,0.010329635854274818,2,0.56
2021-07-15,412357.9315066585,0.029658680882454568,4,0.9
2021-07-16,424303.4029238791,0.028968695651311153,3,0.8400000000000001
2021-07-20,432601.6001879392,0.01955722534129383,5,0.8999999999999999
2021-07-21,434506.2879957636,0.004402868151659397,4,0.9
2021-07-22,433680.8820813155,-0.0018996408964654745,3,0.4
2021-07-26,420670.45561887603,-0.03,5,0.8999999999999999
2021-07-27,414090.3919303188,-0.01564184886451523,3,0.4
2021-07-29,416292.0224557908,0.005316787272481541,5,0.8999999999999999
2021-08-02,414342.6202949307,-0.004682775685587614,3,0.4
2021-08-03,423022.0566644852,0.02094748631790856,4,0.9
2021-08-04,423770.76281401777,0.0017698986086828027,5,0.8999999999999999
2021-08-05,419653.43397314945,-0.009715934184622653,5,0.8999999999999999
2021-08-09,422576.42786201223,0.006965256690952859,5,0.8999999999999999
2021-08-10,429246.51973690686,0.015784344405203595,1,0.28
2021-08-11,440887.7668707575,0.02712018991088323,5,0.8999999999999999
2021-08-12,437135.87598720443,-0.008509854809949738,4,0.9
2021-08-16,443331.09464029316,0.01417229514529742,5,0.8999999999999999
2021-08-18,443653.2246781131,0.0007266127770291786,5,0.8999999999999999
2021-08-19,448278.9886177261,0.010426530637682438,2,0.56
2021-08-20,434830.6189591943,-0.03,4,0.9
2021-08-25,432337.8861066884,-0.0057326525405970346,3,0.4
2021-08-27,419367.7495234878,-0.03,5,0.8999999999999999
2021-09-02,437921.17040676024,0.044241410800792205,5,0.8999999999999999
2021-09-03,453241.59760880267,0.03498444066499951,4,0.9
2021-09-06,453739.2315320221,0.0010979440674571794,3,0.4
2021-09-08,457041.55070325785,0.007278011116838189,3,0.4
2021-09-09,447968.05018917186,-0.019852681884446634,3,0.8400000000000001
2021-09-13,456797.5100646868,0.019710021444132735,5,0.8999999999999999
2021-09-14,453731.0539651768,-0.00671294398928687,4,0.9
2021-09-15,444817.4949165783,-0.019645027534929565,4,0.9
2021-09-16,441678.760749991,-0.007056229133199668,3,0.4
2021-09-17,433889.45135843393,-0.01763568929221436,2,0.56
2021-09-21,436444.7730102145,0.005889338041706957,5,0.8999999999999999
2021-09-24,444779.90328567463,0.019097789207032374,5,0.8999999999999999
2021-09-27,448631.25031351886,0.008658995155566816,5,0.8999999999999999
2021-09-28,451202.3097986287,0.00573089699683876,3,0.4
2021-09-29,459160.49298743514,0.017637727059416408,5,0.8999999999999999
2021-09-30,471273.15401600685,0.026380015732109737,2,0.56
2021-10-01,473094.62833704136,0.0038650075980619196,2,0.56
2021-10-04,475238.10384210624,0.004530754264953917,2,0.56
2021-10-05,471623.3344351619,-0.0076062280732972455,2,0.56
2021-10-06,467229.49329277436,-0.009316420163242758,3,0.4
2021-10-12,479074.8391467484,0.02535230764328376,5,0.8999999999999999
2021-10-13,478203.0628982013,-0.0018197078562918636,2,0.4
2021-10-14,483466.5629262873,0.011006830437651337,3,0.4
2021-10-15,497545.03059285134,0.029119837329289175,4,0.9
2021-10-18,501943.49961058196,0.008840343581544048,3,0.4
2021-10-19,506487.3729932321,0.009052559473676454,5,0.8999999999999999
2021-10-21,494774.14326089766,-0.02312640029525655,3,0.4
2021-10-27,500716.1635420962,0.012009561053527646,3,0.4
2021-11-02,498786.27720493014,-0.003854252124624772,3,0.4
2021-11-04,495308.775769739,-0.0069719268434531665,4,0.9
2021-11-05,492629.7653916144,-0.005408768245547902,2,0.4
2021-11-12,484370.0459838124,-0.016766586162807236,1,0.28
2021-11-25,487315.18415700394,0.006080347448425627,1,0.28
2021-12-08,496186.53834720893,0.01820455113778447,1,0.28
2021-12-10,496308.63281205564,0.00024606565356121384,1,0.28
2021-12-14,494951.51385458704,-0.002734425451717879,1,0.28
2021-12-29,507613.8839786939,0.02558305161144917,1,0.28
2022-01-10,515015.37159238843,0.01458094005562134,1,0.28
2022-01-12,525797.9625808874,0.020936444974758592,3,0.8400000000000001
2022-01-13,521595.40254941693,-0.007992727873729516,1,0.28
2022-01-17,505947.54047293443,-0.03,3,0.8400000000000001
2022-01-19,498625.36280050944,-0.014472207267932531,3,0.4
2022-01-20,489422.5914266989,-0.018456284137099623,3,0.4
2022-01-27,497137.7626605819,0.015763823266500235,2,0.4
2022-01-28,488363.632092155,-0.017649294073879003,5,0.8999999999999999
2022-02-04,489187.8083404097,0.001687628222281692,1,0.28
2022-02-08,491299.99320443766,0.004317738152947186,1,0.28
2022-02-10,493850.8146713092,0.005191983517512658,1,0.28
2022-02-15,500385.84678306855,0.013232806178742182,1,0.28
2022-02-17,509951.32909684494,0.019116212769150015,1,0.28
2022-02-22,514163.0463332479,0.00825905727878414,4,0.9
2022-02-23,500393.6682536275,-0.02678017834579274,4,0.9
2022-02-25,496725.32355007954,-0.007330917508110246,5,0.8999999999999999
2022-03-01,489368.16790789657,-0.014811315818572743,5,0.8999999999999999
2022-03-02,474687.12287065963,-0.03,5,0.8999999999999999
2022-03-10,488375.20668798086,0.028836012518188625,5,0.8999999999999999
2022-03-11,500892.22823606187,0.025629928335158186,2,0.56
2022-03-14,492711.70838133094,-0.016331896151671917,1,0.28
2022-03-21,484393.88827297,-0.016881717984106474,4,0.9
2022-03-28,480442.92741360224,-0.008156504355276364,1,0.28
2022-03-30,477710.1271508443,-0.005688085112355604,2,0.56
2022-04-01,477149.6663533339,-0.0011732236049779444,1,0.28
2022-04-04,474477.16343863966,-0.005600974082449089,1,0.28
2022-04-05,469487.933777109,-0.01051521558039298,3,0.4
2022-04-13,482329.52478354034,0.027352334495838,2,0.56
2022-04-14,504034.3533987996,0.045,3,0.8400000000000001
2022-04-18,503965.34136019245,-0.0001369193154034143,1,0.28
2022-04-20,514160.6236578958,0.020230125885614333,3,0.8400000000000001
2022-04-21,516344.04548438813,0.004246575342465695,1,0.28
2022-04-22,510684.92537916324,-0.010959979406591089,3,0.4
2022-04-25,497890.15369339305,-0.02505414013595673,4,0.9
2022-04-29,520295.21060959576,0.045,5,0.8999999999999999
2022-05-02,543708.4950870275,0.045,5,0.8999999999999999
2022-05-03,536380.3142665873,-0.013478142950971066,3,0.8400000000000001
2022-05-04,536186.9165643163,-0.00036056077586550835,2,0.56
2022-05-17,547863.2274471935,0.02177656806267235,5,0.8999999999999999
2022-05-19,538486.7540288285,-0.01711462450592883,1,0.28
2022-06-08,548222.3092506742,0.018079470198675483,1,0.28
2022-06-10,554063.8567841602,0.01065543564155648,3,0.4
2022-06-13,562011.7093458751,0.014344650827514445,1,0.28
2022-06-15,565711.2231494507,0.006582627625110487,4,0.9
2022-06-17,564438.9467534114,-0.0022489856025062283,5,0.8999999999999999
2022-06-21,575329.1387025128,0.019293835075946526,5,0.8999999999999999
2022-06-23,565850.5137713753,-0.01647513448130549,5,0.8999999999999999
2022-06-24,559985.6085722031,-0.010364760756481066,3,0.4
2022-06-28,543186.040315037,-0.03,5,0.8999999999999999
2022-07-04,567629.4121292137,0.045,3,0.8400000000000001
2022-07-06,576603.628564885,0.01580999194881132,1,0.28
2022-07-11,584459.6827757544,0.013624704774096542,2,0.4
2022-07-13,576506.6999050945,-0.013607410579441735,3,0.8400000000000001
2022-07-14,578369.4020698237,0.0032310156413374804,3,0.8400000000000001
2022-07-15,572430.8419603073,-0.010267763281155307,3,0.8400000000000001
2022-07-18,572715.9898369799,0.000498135068501885,3,0.4
2022-07-22,560947.5291897273,-0.02054851070353814,5,0.8999999999999999
2022-07-25,544119.1033140355,-0.03,5,0.8999999999999999
2022-07-27,543605.7699975314,-0.0009434208675592106,4,0.9
2022-07-28,527297.5968976055,-0.03,4,0.9
2022-07-29,534140.3081276608,0.01297694370373561,3,0.4
2022-08-02,550938.7592734419,0.0314495103443236,4,0.9
2022-08-03,542184.4514421873,-0.015889802058579747,3,0.8400000000000001
2022-08-05,526285.1864316758,-0.029324457697413098,2,0.56
2022-08-11,540681.5953055692,0.02735476742468111,5,0.8999999999999999
2022-08-12,540504.455198444,-0.0003276237043451812,3,0.8400000000000001
2022-08-15,540061.5038090227,-0.000819514779501089,2,0.56
2022-08-19,540054.550653741,-1.2874747103195361e-05,1,0.28
2022-08-23,538778.9012475932,-0.002362075098901598,2,0.56
2022-08-24,548611.3746895607,0.018249551753417803,4,0.9
2022-08-25,550958.7174170921,0.004278698612218347,4,0.9
2022-08-26,549193.3997846007,-0.003204083312752113,1,0.28
2022-08-29,535270.0729363029,-0.02535232006385866,3,0.8400000000000001
2022-08-30,537003.9387143278,0.0032392354172046116,2,0.4
2022-09-12,544304.0300645084,0.013594111372177586,5,0.8999999999999999
2022-09-13,541830.5446223965,-0.004544308521505514,2,0.4
2022-09-15,525575.6282837245,-0.03,3,0.8400000000000001
2022-09-16,509808.35943521286,-0.03,2,0.56
2022-09-23,494514.1086521565,-0.03,2,0.56
2022-10-05,481107.9169204882,-0.027109826589595362,1,0.28
2022-10-19,490935.3043816311,0.020426576066440164,1,0.28
2022-10-20,500286.38923228456,0.01904748908296947,1,0.28
2022-11-03,496556.60046953504,-0.007455307286038825,3,0.4
2022-11-07,484440.5056264475,-0.02440022916145084,4,0.9
2022-11-08,484454.48667594633,2.886019921225191e-05,3,0.4
2022-11-14,478307.9103510858,-0.012687623902577194,1,0.28
2022-12-02,465494.7624491132,-0.02678849256866267,2,0.56
2022-12-08,467417.1501029709,0.004129772897429521,1,0.28
2022-12-12,473153.46701944456,0.01227237151056616,1,0.28
2022-12-20,475843.3835648095,0.00568508260609314,5,0.8999999999999999
2022-12-21,468344.34816019534,-0.015759461334598497,4,0.9
2022-12-26,458873.54436353204,-0.020221881258667033,3,0.4
2022-12-27,445107.338032626,-0.03,2,0.56
2023-01-04,444269.62506518606,-0.00188204708361496,3,0.4
2023-01-06,462129.8945876581,0.040201419396726536,3,0.8400000000000001
2023-01-09,463855.87858942116,0.0037348460291734666,1,0.28
2023-01-16,470864.9556206226,0.015110462871605687,1,0.28
2023-01-20,467414.20196728496,-0.0073285421056433955,2,0.56
2023-01-26,463622.36068003497,-0.008112379280070218,1,0.28
2023-01-30,469209.0663784128,0.012050121331903208,5,0.8999999999999999
2023-02-01,474880.66022181156,0.012087562346514065,2,0.56
2023-02-03,486805.8830134954,0.025112041383436687,2,0.56
2023-02-07,489241.3880215205,0.005003031173223525,1,0.28
2023-02-08,493230.54515681416,0.00815376056270647,2,0.4
2023-02-10,497595.0701868621,0.008848853893791909,3,0.8400000000000001
2023-02-14,499123.2577874361,0.0030711469870471934,1,0.28
2023-02-20,514500.0908338467,0.030807686891960496,4,0.9
2023-02-21,527605.9884250016,0.025473071481706286,3,0.8400000000000001
2023-02-22,526538.2144008082,-0.002023809523809499,1,0.28
2023-02-27,547908.8909977361,0.040587133112925895,2,0.56
2023-03-01,561098.6533373022,0.02407291167615052,2,0.56
2023-03-02,557382.7350011448,-0.006622575752153158,3,0.8400000000000001
2023-03-06,568127.9127377658,0.01927791634342408,2,0.56
2023-03-08,575257.7946714483,0.01254978284612733,2,0.56
2023-03-09,582732.2230818592,0.012993180587287337,4,0.9
2023-03-14,575464.0986423853,-0.012472494486464718,3,0.4
2023-03-15,561271.4187898213,-0.024663015270712435,5,0.8999999999999999
2023-03-20,560015.5014494947,-0.0022376292436813387,3,0.4
2023-03-21,566033.9441532705,0.010746921626630237,3,0.4
2023-03-22,574537.483793106,0.015023020664522008,5,0.8999999999999999
2023-03-23,557301.3592793129,-0.03,4,0.9
2023-03-24,554510.5528788604,-0.005007715043188746,3,0.4
2023-03-27,541057.551628488,-0.024261037378870805,5,0.8999999999999999
2023-03-30,536112.8097619017,-0.009139031239289445,3,0.4
2023-04-03,535230.2966951804,-0.0016461331470767337,3,0.4
2023-04-04,525144.1353437729,-0.018844526204299557,4,0.9
2023-04-05,514512.21478676307,-0.020245718920673107,3,0.4
2023-04-06,506294.92440317606,-0.015971030711083526,2,0.56
2023-04-13,504192.4502109767,-0.004152666935537246,4,0.9
2023-04-14,504947.7273544046,0.0014979937583592929,1,0.28
2023-04-18,506936.7359873597,0.003939038686987147,1,0.28
2023-04-19,505846.0239484293,-0.0021515742724900477,2,0.56
2023-04-20,502655.5017097861,-0.006307299232559612,2,0.56
2023-04-21,501934.7184534249,-0.0014339507951458105,3,0.8400000000000001
2023-04-28,511586.92152513145,0.01922999688375254,5,0.8999999999999999
2023-05-01,519919.02093304053,0.01628677172408869,5,0.8999999999999999
2023-05-02,506062.237464302,-0.026651810976007953,2,0.4
2023-05-04,512228.34359805036,0.012184481823114341,1,0.28
2023-05-08,524885.2895118512,0.024709577421847862,5,0.8999999999999999
2023-05-10,533617.0154490906,0.01663549371970386,3,0.4
2023-05-11,529934.851795691,-0.0069003865071670615,4,0.9
2023-05-12,517081.00248775544,-0.024255527381111277,2,0.4
2023-05-15,516433.293046562,-0.0012526266447175842,3,0.4
2023-05-17,518605.02817983925,0.004205257799057893,3,0.4
2023-05-18,513207.6176555792,-0.010407555328191626,5,0.8999999999999999
2023-05-22,497811.38912591175,-0.03,5,0.8999999999999999
2023-05-24,489361.3295036299,-0.016974420045148132,3,0.4
2023-05-26,501366.61609943316,0.02453256085432921,3,0.8400000000000001
2023-05-30,510072.34881541104,0.01736400557282291,5,0.8999999999999999
2023-05-31,499614.7812345004,-0.020502126032115237,3,0.8400000000000001
2023-06-02,499608.2342364951,-1.3104091894766646e-05,2,0.4
2023-06-06,499159.1081555521,-0.000898956522662786,3,0.8400000000000001
2023-06-07,496461.8589885004,-0.005403585996894567,3,0.4
2023-06-09,518635.0663859832,0.044662458950338824,5,0.8999999999999999
2023-06-12,509745.40701416513,-0.017140490390987393,1,0.28
2023-06-19,517112.947257643,0.014453372491638933,5,0.8999999999999999
2023-06-20,509432.93081048725,-0.014851719509025097,3,0.8400000000000001
2023-06-21,498836.19360897347,-0.020801044770809643,4,0.9
2023-06-23,503618.1759269283,0.009586277778599417,3,0.4
2023-06-27,504323.57695134316,0.0014006663344041709,5,0.8999999999999999
2023-06-28,489932.9123820577,-0.02853458618032039,4,0.9
2023-07-03,499922.79185278335,0.020390300831505392,5,0.8999999999999999
2023-07-05,506547.343082563,0.01325114865283128,3,0.4
2023-07-06,511199.3222125526,0.009183700583010192,5,0.8999999999999999
2023-07-12,511328.3931045056,0.00025248643013521966,2,0.56
2023-07-13,511061.2738990154,-0.0005224024503477443,3,0.4
2023-07-17,506841.558337505,-0.008256770326808691,5,0.8999999999999999
2023-07-18,505666.8912889381,-0.002317621807532571,2,0.56
2023-07-21,503032.25075956143,-0.005210229450975153,4,0.9
2023-07-25,503784.1267946473,0.001494687535342894,5,0.8999999999999999
2023-07-27,496368.7250900572,-0.014719403232831128,3,0.8400000000000001
2023-07-31,481477.6633373555,-0.03,5,0.8999999999999999
2023-08-01,475913.2831794541,-0.011556881204689637,3,0.4
2023-08-04,497329.3809225295,0.045,4,0.9
2023-08-07,495545.43725819176,-0.0035870465988326818,3,0.4
2023-08-08,499683.87468381604,0.008351277429819351,5,0.8999999999999999
2023-08-11,494339.83869125246,-0.010694833800560676,1,0.28
2023-08-14,495463.1863144132,0.002272419771254452,2,0.4
2023-08-17,501088.5569824018,0.01135376113376636,2,0.4
2023-08-18,497911.96498162235,-0.0063393824435128,5,0.8999999999999999
2023-08-21,496642.55414087337,-0.0025494684402610416,3,0.4
2023-08-22,481773.2616449709,-0.029939626340768126,5,0.8999999999999999
2023-08-24,482995.9987476024,0.0025379928692111546,3,0.4
2023-08-28,482226.5654615914,-0.0015930427746939594,3,0.8400000000000001
2023-08-29,475688.14422526397,-0.01355881592725771,5,0.8999999999999999
2023-09-01,479088.3281858597,0.007147926644531906,5,0.8999999999999999
2023-09-04,483604.5360021972,0.009426670512802613,3,0.8400000000000001
2023-09-05,501181.4747979004,0.03634568637632331,3,0.8400000000000001
2023-09-06,511177.12513509084,0.019944173597440114,3,0.8400000000000001
2023-09-08,505504.01987129793,-0.01109812036736516,2,0.56
2023-09-11,496625.78107655584,-0.017563141826255884,1,0.28
2023-09-13,498128.67181078414,0.0030262036154674737,3,0.8400000000000001
2023-09-15,492789.49765673914,-0.010718463835129585,3,0.4
2023-09-18,496815.55127270747,0.008169925769750758,5,0.8999999999999999
2023-09-21,487313.3462617775,-0.019126222974679096,3,0.4
2023-09-26,484832.4175907807,-0.005091033705578308,3,0.8400000000000001
2023-09-28,470287.44506305736,-0.03,4,0.9
2023-09-29,461140.3027556414,-0.019450109509492525,4,0.9
2023-10-09,459048.1266504656,-0.004536962162434183,2,0.56
2023-10-10,447376.116631479,-0.02542654972617742,3,0.8400000000000001
2023-10-17,441673.68218679435,-0.012746398908419991,4,0.9
2023-10-23,453847.17358426156,0.027562184228850446,5,0.8999999999999999
2023-10-24,455376.5205488073,0.003369739977595912,4,0.9
2023-10-25,467342.33357981505,0.026276745706139915,3,0.8400000000000001
2023-10-26,471647.9572599019,0.00921299734844487,2,0.56
2023-10-30,473318.8462892874,0.003542661435645176,5,0.8999999999999999
2023-11-02,494618.1943723053,0.045,5,0.8999999999999999
2023-11-03,516876.013119059,0.045,4,0.9
2023-11-06,518811.45801348827,0.0037445051526961404,5,0.8999999999999999
2023-11-07,527961.3426842256,0.017636242471922386,3,0.8400000000000001
2023-11-09,542092.7299478984,0.02676595068841016,2,0.56
2023-11-10,556474.3714394278,0.026529854943658147,5,0.8999999999999999
2023-11-14,559396.418617925,0.00525100045656871,5,0.8999999999999999
2023-11-15,562150.3304499288,0.004923005833336625,3,0.4
2023-11-16,576939.4283153603,0.026308083557639746,4,0.9
2023-11-17,568010.2737733175,-0.015476762557406685,4,0.9
2023-11-20,557213.1802532928,-0.019008623643898447,5,0.8999999999999999
2023-11-21,540496.784845694,-0.03,5,0.8999999999999999
2023-11-27,550094.8760474215,0.01775790619081593,5,0.8999999999999999
2023-11-28,574849.1454695554,0.045,5,0.8999999999999999
2023-11-29,588995.0534584172,0.02460803516948272,4,0.9
2023-11-30,586433.5974943076,-0.004348858193408305,5,0.8999999999999999
2023-12-01,585028.5548230386,-0.0023959109390600426,2,0.4
2023-12-04,585836.3861402645,0.0013808408334361302,1,0.28
2023-12-07,604565.8951007901,0.031970545708031935,5,0.8999999999999999
2023-12-08,586428.9182477663,-0.03,5,0.8999999999999999
2023-12-15,603545.2592866903,0.029187409601264227,5,0.8999999999999999
2023-12-18,621448.5492493155,0.029663541693268486,5,0.8999999999999999
2023-12-19,610899.9619950575,-0.01697419242027414,5,0.8999999999999999
2023-12-20,621017.7650478706,0.016562127487732604,3,0.4
2023-12-21,624570.371892948,0.005720620318814151,2,0.4
2023-12-25,626958.9722080864,0.0038243894085128478,5,0.8999999999999999
2023-12-26,608150.2030418438,-0.03,5,0.8999999999999999
2023-12-27,606915.6706014362,-0.0020299794922910004,3,0.8400000000000001
2024-01-01,588708.200483393,-0.03,4,0.9
2024-01-04,614197.1671589335,0.04329643557642168,5,0.8999999999999999
2024-01-08,615788.5990968217,0.0025910766492944952,1,0.28
2024-01-09,635829.6039574033,0.032545267791537165,2,0.56
2024-01-12,631487.8891832051,-0.006828425016978424,1,0.28
2024-01-15,625971.3012424064,-0.00873585706914205,2,0.56
2024-01-17,609998.7743108403,-0.02551638853069521,5,0.8999999999999999
2024-01-19,591698.811081515,-0.03,5,0.8999999999999999
2024-01-29,595341.3409704778,0.0061560540949960356,3,0.8400000000000001
2024-02-02,599249.0730790497,0.006563851423793199,4,0.9
2024-02-05,592548.0321682503,-0.011182396789315503,3,0.4
2024-02-09,587731.3787500723,-0.008128713887636942,2,0.56
2024-02-16,596764.1416188932,0.015368862707366199,2,0.56
2024-02-21,609176.4558491304,0.0207993633742223,5,0.8999999999999999
2024-02-22,603688.3509969751,-0.009009056078021646,1,0.28
2024-02-23,605008.7324788237,0.0021871905920795827,3,0.4
2024-02-29,600821.715510317,-0.006920589313400269,3,0.8400000000000001
2024-03-01,585199.6010977814,-0.026001247972980736,3,0.8400000000000001
2024-03-08,571573.3104023221,-0.023284859849353457,3,0.4
2024-03-14,564284.0403284209,-0.012752992383025028,1,0.28
2024-03-19,571127.4119384493,0.012127529968853006,1,0.28
2024-04-05,573144.0785896691,0.003531027593956795,1,0.28
2024-04-08,583854.4335142215,0.018687020113523967,5,0.8999999999999999
2024-04-09,572349.4501247987,-0.019705225701848905,5,0.8999999999999999
2024-04-10,588396.6778037333,0.028037465005750606,4,0.9
2024-04-11,574077.4021066386,-0.02433609202306051,2,0.56
2024-04-15,563341.8883965279,-0.018700463858559127,5,0.8999999999999999
2024-04-16,570003.2315863685,0.011824689992077968,3,0.8400000000000001
2024-04-18,573437.7920679927,0.006025510543274448,3,0.4
2024-04-22,589378.8097408358,0.027799035733858633,5,0.8999999999999999
2024-04-23,592249.0816774425,0.004869995135842878,4,0.9
2024-04-24,607388.5365910801,0.025562648186397814,3,0.4
2024-04-25,601608.1055563549,-0.009516858956817805,5,0.8999999999999999
2024-04-29,586089.0587386248,-0.025795940371146454,3,0.8400000000000001
2024-05-01,588396.4389856724,0.003936910632683629,3,0.4
2024-05-02,588748.6200996455,0.000598543924875032,3,0.4
2024-05-03,607453.8445351302,0.03177115630830528,5,0.8999999999999999
2024-05-07,597066.3653430978,-0.01710003037347101,3,0.4
2024-05-08,600854.202369971,0.006344080401676041,3,0.8400000000000001
2024-05-13,627892.6414766196,0.045,5,0.8999999999999999
2024-05-14,634051.2845947677,0.009808433339280404,5,0.8999999999999999
2024-05-16,636299.1024106957,0.0035451671978940485,4,0.9
2024-05-20,625888.4148508165,-0.016361311088507084,5,0.8999999999999999
2024-05-21,617258.4746057773,-0.013788304816436333,5,0.8999999999999999
2024-05-22,608865.4827775119,-0.01359720793404359,3,0.4
2024-05-29,610359.7566965894,0.002454193843048606,3,0.4
2024-05-31,629680.221049985,0.03165422382688304,5,0.8999999999999999
2024-06-03,633785.2289239132,0.006519194563683448,3,0.8400000000000001
2024-06-05,636365.1404066081,0.004070639965963343,2,0.56
2024-06-07,656131.1864117663,0.031060856024465126,3,0.8400000000000001
2024-06-10,654003.8555674733,-0.0032422340049508514,5,0.8999999999999999
2024-06-12,662120.2597300962,0.012410330754977373,5,0.8999999999999999
2024-06-14,652896.6858732894,-0.013930360416047019,5,0.8999999999999999
2024-06-17,643309.9222230753,-0.014683431326337938,4,0.9
2024-06-19,649390.8470231108,0.009452558696781417,3,0.4
2024-06-20,677059.3922436314,0.04260692208299012,2,0.56
2024-06-24,674979.4558945668,-0.0030720146162838647,5,0.8999999999999999
2024-06-25,654730.0722177298,-0.03,4,0.9
2024-06-28,684192.9254675275,0.045,5,0.8999999999999999
2024-07-01,671709.330564079,-0.018245723448423647,5,0.8999999999999999
2024-07-03,664153.8182294242,-0.011248187260269217,5,0.8999999999999999
2024-07-05,689913.9039393177,0.03878632479832401,5,0.8999999999999999
2024-07-09,707390.3177590679,0.025331296731319956,5,0.8999999999999999
2024-07-10,690597.0894868575,-0.02373969200682496,4,0.9
2024-07-17,676572.8869388617,-0.020307358315709845,3,0.4
2024-07-18,656275.7003306957,-0.03,3,0.8400000000000001
2024-07-22,660612.8898670756,0.006608791905892955,3,0.4
2024-07-25,644096.8730200989,-0.025001051448299717,5,0.8999999999999999
2024-07-29,659907.2690814843,0.024546612044943256,5,0.8999999999999999
2024-07-30,658602.9062045492,-0.001976585102253307,3,0.4
2024-08-01,676786.668381265,0.02760959905492468,5,0.8999999999999999
2024-08-02,683082.0238448762,0.009301831371277354,4,0.9
2024-08-05,691322.8314135055,0.012064155227280288,5,0.8999999999999999
2024-08-06,686453.5693979989,-0.007043398242107441,2,0.56
2024-08-13,680231.650830509,-0.009063859297790924,5,0.8999999999999999
2024-08-14,678365.6189225499,-0.0027432300535868244,5,0.8999999999999999
2024-08-19,685284.2769481295,0.010199010434179302,3,0.8400000000000001
2024-08-20,698435.6116694695,0.019191064443953937,5,0.8999999999999999
2024-08-21,702730.1914657218,0.006148855706236137,5,0.8999999999999999
2024-08-23,698446.9397076938,-0.006095158298370974,2,0.4
2024-08-26,677493.5315164629,-0.03,5,0.8999999999999999
2024-08-27,664946.9190999564,-0.018519161929742515,5,0.8999999999999999
2024-08-29,677240.0503974842,0.01848738740554999,3,0.4
2024-09-02,707715.8526653709,0.045,5,0.8999999999999999
2024-09-03,711824.4335595256,0.00580541029098205,4,0.9
2024-09-04,695425.826454912,-0.023037432169350204,3,0.8400000000000001
2024-09-10,695976.8546400943,0.0007923608301856487,4,0.9
2024-09-11,718307.311074855,0.0320850561134081,1,0.28
2024-09-12,712523.1021290318,-0.008052554744525563,1,0.28
2024-09-16,696135.4740987687,-0.022999433957013392,5,0.8999999999999999
2024-09-18,695625.8871232318,-0.0007320227089368905,5,0.8999999999999999
2024-09-24,726929.0520437772,0.045,5,0.8999999999999999
2024-09-25,723135.4906143611,-0.005218613038989584,4,0.9
2024-09-27,714175.1697002952,-0.012390929542751903,3,0.4
2024-10-02,719195.6129463653,0.007029708479191339,3,0.4
2024-10-04,706849.4504875329,-0.017166626487407598,5,0.8999999999999999
2024-10-07,688364.3511698585,-0.02615139518736931,5,0.8999999999999999
2024-10-11,675780.1860286859,-0.018281256314023598,3,0.8400000000000001
2024-10-17,655506.7804478252,-0.03,3,0.8400000000000001
2024-10-21,640302.5773051953,-0.02319457799085287,5,0.8999999999999999
2024-10-23,645586.7236701603,0.008252577066305333,3,0.4
2024-10-24,639887.2843647201,-0.008828309344775378,4,0.9
2024-10-25,630512.3693586066,-0.01465088498425304,3,0.8400000000000001
2024-10-29,625876.0704030158,-0.007353224426520117,5,0.8999999999999999
2024-10-31,609840.0683969154,-0.02562168896435755,5,0.8999999999999999
2024-11-06,615006.0730202023,0.008471081011234186,4,0.9
2024-11-07,610565.5507591557,-0.007220290100941599,1,0.28
2024-11-14,619111.8867813736,0.013997409469944462,3,0.4
2024-11-15,629479.6966416893,0.01674626199509036,1,0.28
2024-11-19,625025.55044097,-0.007075917181256837,1,0.28
2024-11-22,632010.3101875322,0.011175158746125376,3,0.8400000000000001
2024-11-25,629333.7043874715,-0.004235066670457397,1,0.28
2024-11-26,652839.7464852541,0.03735068046396929,3,0.8400000000000001
2024-11-27,652763.3795803026,-0.00011697649440411961,2,0.4
2024-11-28,652438.2670058832,-0.0004980557803786567,4,0.9
2024-11-29,632865.1189957067,-0.03,4,0.9
2024-12-04,626256.9621287211,-0.010441651259706308,3,0.4
2024-12-06,624412.1724140088,-0.002945739251251596,3,0.4
2024-12-09,635896.328164694,0.018391947271442187,5,0.8999999999999999
2024-12-11,630765.1557162462,-0.008069196535946703,3,0.4
2024-12-12,624553.7272144755,-0.009847450268107256,3,0.4
2024-12-13,605817.1153980412,-0.03,5,0.8999999999999999
2024-12-18,594473.6255359183,-0.01872428093199347,5,0.8999999999999999
2024-12-19,576639.4167698408,-0.03,5,0.8999999999999999
2024-12-24,559340.2342667455,-0.03,5,0.8999999999999999
2025-01-02,575969.3356289075,0.02972985017600526,3,0.8400000000000001
2025-01-13,581902.6883777631,0.010301508052293925,2,0.56
2025-01-24,583055.4590966861,0.0019810369361527485,4,0.9
2025-01-28,565563.7953237855,-0.03,5,0.8999999999999999
2025-01-29,553362.3057021177,-0.021574028823189484,4,0.9
2025-02-03,558075.3065175363,0.008517025404248608,5,0.8999999999999999
2025-02-04,581618.5948638688,0.04218657960920312,4,0.9
2025-02-05,599943.0997642932,0.03150605063566339,5,0.8999999999999999
2025-02-06,618950.8356094422,0.03168256431754401,3,0.8400000000000001
2025-02-07,635622.9851423602,0.026936145124518585,5,0.8999999999999999
2025-02-10,627850.8772923443,-0.0122275437353404,5,0.8999999999999999
2025-02-11,620361.6601421804,-0.011928337477940198,3,0.4
2025-02-12,618761.8295327422,-0.0025788676383895117,4,0.9
2025-02-14,624859.9653729573,0.009855384655546869,5,0.8999999999999999
2025-02-17,627297.4670120998,0.0039008766351155484,5,0.8999999999999999
2025-02-27,620798.8700354205,-0.010359673549509138,3,0.4
2025-02-28,615052.0450724432,-0.009257144689469874,4,0.9
2025-03-04,631885.9241556983,0.027369844906819908,5,0.8999999999999999
2025-03-05,637347.305706624,0.00864298656157437,4,0.9
2025-03-06,640260.1197088913,0.004570214663475744,3,0.8400000000000001
2025-03-10,636991.5854308022,-0.005105009944356955,3,0.8400000000000001
2025-03-12,640975.8585094529,0.006254828430670717,3,0.8400000000000001
2025-03-13,628468.479432396,-0.01951302675601839,3,0.4
2025-03-14,634323.4215562241,0.009316206485193849,4,0.9
2025-03-19,634040.8085611226,-0.0004455345419977228,5,0.8999999999999999
2025-03-21,626030.9374909459,-0.012633052891901524,5,0.8999999999999999
2025-03-25,630709.9016455091,0.0074740142608859346,5,0.8999999999999999
2025-03-27,636334.3649190856,0.008917670800636652,4,0.9
2025-03-28,634536.0947401488,-0.0028259831278568273,5,0.8999999999999999
2025-04-01,635972.464244822,0.0022636529530467493,5,0.8999999999999999
2025-04-02,616893.2903174773,-0.03,3,0.8400000000000001
2025-04-08,599292.4841027254,-0.02853136270244386,5,0.8999999999999999
2025-04-10,606000.7791619563,0.011193691289612407,2,0.4
2025-04-14,611974.2014762487,0.00985711985808521,4,0.9
2025-04-17,610772.0472152064,-0.001964387155769427,2,0.56
2025-04-18,606912.3071946104,-0.0063194444444444695,1,0.28
2025-04-21,612858.1297978262,0.00979683972911965,1,0.28
2025-04-22,604795.8062106015,-0.013155285367405296,2,0.56
2025-04-24,596504.5239034392,-0.013709225861058673,1,0.28
2025-04-25,594640.0731072044,-0.003125627252638572,2,0.56
2025-04-30,603422.4825211745,0.014769286180258412,3,0.4
2025-05-01,601642.9037283044,-0.002949142341257809,1,0.28
2025-05-02,590071.3887724123,-0.01923319444837624,2,0.56
2025-05-05,592146.2707309315,0.0035163236143948497,3,0.8400000000000001
2025-05-06,593251.6104362959,0.0018666666666666478,1,0.28
2025-05-09,615412.0578098018,0.03735421359785006,2,0.56
2025-05-12,634641.3548550848,0.031246214306750057,4,0.9
2025-05-13,663200.2158235636,0.045,4,0.9
2025-05-14,677828.5958302823,0.02205726062461122,2,0.56
2025-05-15,688623.1948718805,0.015925263566633086,3,0.8400000000000001
2025-05-16,713525.0600962184,0.036161815939079786,4,0.9
2025-05-19,719997.002494779,0.009070378548004916,2,0.56
2025-05-20,728163.9515919976,0.011343032080578519,3,0.4
2025-05-21,721793.2222962613,-0.008749031425969086,3,0.4
2025-05-23,730375.2082393252,0.011889812314615162,5,0.8999999999999999
2025-05-27,733438.2509211121,0.004193793336949245,5,0.8999999999999999
2025-05-28,711435.1033934788,-0.03,3,0.8400000000000001
2025-05-30,706241.0811855405,-0.007300767397002587,5,0.8999999999999999
2025-06-03,711041.1566915347,0.0067966529190518835,5,0.8999999999999999
2025-06-04,736367.1642743943,0.03561820204712355,3,0.8400000000000001
2025-06-06,742567.9888990344,0.00842083260291829,3,0.4
2025-06-09,769960.7011063192,0.03688916384329802,3,0.8400000000000001
2025-06-12,766312.8077320659,-0.004737765666496862,5,0.8999999999999999
2025-06-13,792263.3633069253,0.03386418093632182,3,0.8400000000000001
2025-06-16,802583.6939286526,0.013026388824354859,3,0.4
2025-06-17,827301.0694303659,0.03079725602288487,5,0.8999999999999999
2025-06-18,834373.5112904039,0.00854881266490759,1,0.28
2025-06-23,848519.4588158879,0.01695397484947308,5,0.8999999999999999
2025-06-24,862077.9013383235,0.015978941179918636,4,0.9
2025-06-25,874055.4433043648,0.013893804663647077,3,0.8400000000000001
2025-06-27,859368.3882030087,-0.016803344929506726,4,0.9
2025-07-02,885456.0608076059,0.030356798042278567,5,0.8999999999999999
2025-07-03,915364.8347798091,0.033777818342475494,4,0.9
2025-07-04,912512.8273581851,-0.0031157056872411675,3,0.8400000000000001
2025-07-07,908210.2268348035,-0.004715112373639847,5,0.8999999999999999
2025-07-08,881303.4778697842,-0.029626124183595372,5,0.8999999999999999
2025-07-09,862829.5094216862,-0.02096209638563088,3,0.4
2025-07-10,836944.6241390355,-0.03,5,0.8999999999999999
2025-07-15,829398.869768374,-0.009015834683714872,5,0.8999999999999999
2025-07-17,855063.6858951419,0.03094387641730848,5,0.8999999999999999
2025-07-21,829411.7753182875,-0.03,2,0.56
2025-07-22,824020.8606655513,-0.006499684249922193,5,0.8999999999999999
2025-07-29,808870.8014283741,-0.01838552876554679,3,0.4
2025-08-01,814739.9348115243,0.00725595901445082,4,0.9
2025-08-04,814690.7680509478,-6.0346570084249956e-05,4,0.9
2025-08-06,822043.2279125559,0.009024847402159756,4,0.9
2025-08-08,839973.3842831616,0.02181169525127823,4,0.9
2025-08-11,818714.1631961948,-0.02530939846994018,4,0.9
2025-08-12,831862.1387621821,0.01605929902892922,2,0.4
2025-08-13,824103.5158098212,-0.009326813411541846,4,0.9
2025-08-15,829831.3652898208,0.00695040048988389,3,0.4
2025-08-18,817745.0211114686,-0.01456481965360661,3,0.4
2025-08-20,821805.3052253085,0.004965220220260284,3,0.4
2025-08-28,816070.906480873,-0.006977806918468854,3,0.4
2025-08-29,825733.4992071197,0.01184038378223098,2,0.56
2025-09-01,818501.9827717261,-0.008757688094690902,5,0.8999999999999999
2025-09-12,806807.2423695833,-0.014287980540426199,1,0.28
2025-09-15,804848.0342316742,-0.002428347237135502,1,0.28
2025-09-26,824903.1429908503,0.024917882514704844,1,0.28
2025-09-30,834249.8504249017,0.011330672592861309,1,0.28
2025-10-03,828741.3048665366,-0.0066029925633903554,1,0.28
2025-10-07,827637.7496486425,-0.0013316039775183698,1,0.28
2025-10-09,817751.8856895415,-0.011944675026360239,2,0.56
2025-10-15,807791.4465116089,-0.01218027051020942,1,0.28
2025-10-20,815372.7770833202,0.009385257301808113,1,0.28
2025-10-21,801153.1272684415,-0.017439446366782026,1,0.28
2025-10-28,791616.4948260942,-0.011903632548827116,5,0.8999999999999999
2025-10-29,789249.3784458699,-0.0029902312492166684,3,0.4
2025-10-31,808785.8447607261,0.024753223567088332,3,0.4
2025-11-03,841260.0185275117,0.040151758314208634,5,0.8999999999999999
2025-11-04,845336.4750133915,0.004845655797377418,4,0.9
2025-11-05,832552.9016678273,-0.015122467471147115,3,0.4
2025-11-06,812554.0193871341,-0.024021154980818745,4,0.9
2025-11-12,810492.566253779,-0.0025370044134541154,5,0.8999999999999999
2025-11-18,838200.0635644097,0.034185998076082434,5,0.8999999999999999
2025-11-19,875919.0664248081,0.045,2,0.56
2025-11-20,849641.4944320638,-0.03,2,0.56
2025-11-21,846649.0464013596,-0.003522012578616321,1,0.28
2025-11-26,829327.2683595011,-0.020459218746520413,5,0.8999999999999999
2025-11-28,804447.450308716,-0.03,5,0.8999999999999999
2025-12-09,826901.4258769422,0.02791229627194306,5,0.8999999999999999
2025-12-11,823577.6748420489,-0.004019525098010696,3,0.4
2025-12-12,813336.6433543445,-0.012434809491003375,4,0.9
2025-12-17,817449.1135191468,0.005056295198802108,3,0.4
2025-12-18,821695.8220404901,0.005195073859779554,1,0.28
2025-12-19,812938.5423563381,-0.010657568712477203,2,0.56
2025-12-23,804181.9135960264,-0.01077157534557317,2,0.56
2025-12-25,780056.4561881456,-0.03,3,0.8400000000000001
2025-12-26,786638.1548960445,0.00843746456514345,1,0.28
2026-01-01,799176.755325082,0.015939476557292772,5,0.8999999999999999
2026-01-02,790432.8010651877,-0.010941201932653292,3,0.8400000000000001
2026-01-06,766719.817033232,-0.03,5,0.8999999999999999
2026-01-09,755016.1590427567,-0.015264582616061473,3,0.4
2026-01-15,732365.6742714739,-0.03,5,0.8999999999999999
2026-01-22,716448.6651577275,-0.02173369079535299,1,0.28
2026-02-19,714900.7822391768,-0.002160493827160535,1,0.28
2026-02-27,714801.9467783788,-0.000138250598199714,1,0.28
2026-03-03,711696.121071464,-0.004345015736054924,3,0.8400000000000001
2026-03-05,727002.0214910544,0.02150622992935127,2,0.56
2026-03-06,738323.5206300963,0.015572857852336983,5,0.8999999999999999
2026-03-10,735740.9871641052,-0.0034978344774756346,1,0.28
2026-03-12,734184.9152238643,-0.0021149724799739865,2,0.4
2026-03-13,735785.2616774308,0.0021797593772116476,1,0.28
2026-03-17,713711.7038271079,-0.03,3,0.8400000000000001
2026-03-18,708299.2860553262,-0.007583479075316867,3,0.4
2026-03-19,711239.6972689013,0.004151368314870011,3,0.4
2026-03-20,722902.5933196176,0.01639798241788344,2,0.4
2026-03-23,701215.515520029,-0.03,3,0.8400000000000001
