date,symbol,close,sym_ret,weight,wret
2026-01-09,1101,23.65,0.0,6.705117618938232e-05,0.0
2026-01-12,1101,24.95,0.05496828752642702,6.705117618938232e-05,3.685688331763084e-06
2026-01-13,1101,24.95,0.0,6.705117618938232e-05,0.0
2026-01-14,1101,24.95,0.0,6.705117618938232e-05,0.0
2026-01-15,1101,25.0,0.002004008016032177,6.705117618938232e-05,1.34371094567908e-07
2026-01-16,1101,25.0,0.0,6.705117618938232e-05,0.0
2026-01-19,1101,26.2,0.04800000000000004,6.705117618938232e-05,3.218456457090354e-06
2026-01-20,1101,25.85,-0.013358778625954137,6.705117618938232e-05,-8.957218193238055e-07
2026-01-21,1101,26.15,0.011605415860734825,6.705117618938232e-05,7.781567836291828e-07
2026-01-22,1101,25.7,-0.017208413001912004,6.705117618938232e-05,-1.1538443321308593e-06
2026-01-23,1101,25.7,0.0,6.705117618938232e-05,0.0
2026-01-26,1101,26.25,0.021400778210116655,6.705117618938232e-05,1.4349473503564258e-06
2026-01-27,1101,26.05,-0.007619047619047636,6.705117618938232e-05,-5.108661043000569e-07
2026-01-28,1101,26.35,0.011516314779270731,6.705117618938232e-05,7.721824513172693e-07
2026-01-29,1101,26.5,0.005692599620493288,6.705117618938232e-05,3.816955001293064e-07
2026-01-30,1101,26.4,-0.0037735849056603765,6.705117618938232e-05,-2.5302330637502754e-07
2026-02-02,1101,25.9,-0.018939393939393923,6.705117618938232e-05,-1.2699086399504216e-06
2026-02-03,1101,25.6,-0.011583011583011449,6.705117618938232e-05,-7.766545504561569e-07
2026-02-05,1101,25.7,0.00390625,6.705117618938232e-05,2.619186569897747e-07
2026-02-06,1101,25.35,-0.013618677042801508,6.705117618938232e-05,-9.131483138631801e-07
2026-02-09,1101,25.4,0.001972386587770991,6.705117618938232e-05,1.322508406102073e-07
2026-02-10,1101,25.5,0.003937007874015741,6.705117618938232e-05,2.6398100861961494e-07
2026-02-11,1101,25.8,0.0117647058823529,6.705117618938232e-05,7.888373669339069e-07
2026-02-23,1101,26.1,0.011627906976744207,6.705117618938232e-05,7.796648394114237e-07
2026-02-24,1101,26.45,0.013409961685823646,6.705117618938232e-05,8.991537036890276e-07
2026-02-25,1101,26.55,0.003780718336483968,6.705117618938232e-05,2.5350161130201495e-07
2026-02-26,1101,26.4,-0.005649717514124353,6.705117618938232e-05,-3.7882020445979103e-07
2026-03-02,1101,26.35,-0.0018939393939393367,6.705117618938232e-05,-1.2699086399503844e-07
2026-03-03,1101,25.9,-0.017077798861480198,6.705117618938232e-05,-1.1450865003879415e-06
2026-03-04,1101,25.0,-0.03474903474903468,6.705117618938232e-05,-2.329963651368493e-06
2026-03-05,1101,24.8,-0.008000000000000007,6.705117618938232e-05,-5.36409409515059e-07
2026-03-06,1101,25.15,0.014112903225806273,6.705117618938232e-05,9.462867607372384e-07
2026-03-09,1101,24.3,-0.03379721669980107,6.705117618938232e-05,-2.266143131649096e-06
2026-03-10,1101,24.25,-0.002057613168724326,6.705117618938232e-05,-1.3796538310572802e-07
2026-03-11,1101,25.0,0.030927835051546282,6.705117618938232e-05,2.073747717197384e-06
2026-03-12,1101,25.1,0.0040000000000000036,6.705117618938232e-05,2.682047047575295e-07
2026-03-13,1101,24.6,-0.019920318725099584,6.705117618938232e-05,-1.335680800585304e-06
2026-03-16,1101,24.6,0.0,6.705117618938232e-05,0.0
2026-03-17,1101,24.45,-0.0060975609756098725,6.705117618938232e-05,-4.088486353011195e-07
2026-03-18,1101,24.55,0.004089979550102374,6.705117618938232e-05,2.742379394248849e-07
2026-03-19,1101,23.9,-0.026476578411405383,6.705117618938232e-05,-1.7752857239551384e-06
2026-03-20,1101,23.55,-0.014644351464435101,6.705117618938232e-05,-9.819209902210769e-07
2026-03-23,1101,22.8,-0.031847133757961776,6.705117618938232e-05,-2.1353877767319204e-06
2026-03-24,1101,22.55,-0.010964912280701733,6.705117618938232e-05,-7.352102652344538e-07
2026-03-25,1101,23.0,0.019955654101995624,6.705117618938232e-05,1.3380500791672784e-06
2026-03-26,1101,22.85,-0.006521739130434745,6.705117618938232e-05,-4.372902794959691e-07
2026-03-27,1101,22.8,-0.002188183807439903,6.705117618938232e-05,-1.4672029800740635e-07
2026-03-30,1101,22.55,-0.010964912280701733,6.705117618938232e-05,-7.352102652344538e-07
2026-03-31,1101,23.0,0.019955654101995624,6.705117618938232e-05,1.3380500791672784e-06
2026-04-01,1101,23.7,0.0304347826086957,6.705117618938232e-05,2.0406879709812042e-06
2026-04-02,1101,23.7,0.0,6.705117618938232e-05,0.0
2026-04-07,1101,24.0,0.012658227848101333,6.705117618938232e-05,8.487490656883883e-07
2026-04-08,1101,25.4,0.05833333333333335,6.705117618938232e-05,3.9113186110473026e-06
2026-04-09,1101,25.1,-0.011811023622047112,6.705117618938232e-05,-7.919430258588374e-07
2026-01-09,1103,13.95,0.0,8.381397023672789e-05,0.0
2026-01-12,1103,14.05,0.007168458781362075,8.381397023672789e-05,6.008169909442916e-07
2026-01-13,1103,13.95,-0.007117437722420017,8.381397023672789e-05,-5.965407134286757e-07
2026-01-14,1103,14.05,0.007168458781362075,8.381397023672789e-05,6.008169909442916e-07
2026-01-15,1103,14.15,0.007117437722419906,8.381397023672789e-05,5.965407134286663e-07
2026-01-16,1103,14.15,0.0,8.381397023672789e-05,0.0
2026-01-19,1103,14.1,-0.0035335689045936647,8.381397023672789e-05,-2.961624389990406e-07
2026-01-20,1103,14.0,-0.007092198581560294,8.381397023672789e-05,-5.944253208278583e-07
2026-01-21,1103,14.05,0.0035714285714285587,8.381397023672789e-05,2.9933560798831283e-07
2026-01-22,1103,14.0,-0.003558718861210064,8.381397023672789e-05,-2.982703567143425e-07
2026-01-23,1103,14.0,0.0,8.381397023672789e-05,0.0
2026-01-26,1103,14.05,0.0035714285714285587,8.381397023672789e-05,2.9933560798831283e-07
2026-01-27,1103,14.15,0.007117437722419906,8.381397023672789e-05,5.965407134286663e-07
2026-01-28,1103,14.3,0.010600706713780994,8.381397023672789e-05,8.884873169971218e-07
2026-01-29,1103,14.25,-0.0034965034965035446,8.381397023672789e-05,-2.930558399885631e-07
2026-01-30,1103,14.2,-0.0035087719298245723,8.381397023672789e-05,-2.94084106093783e-07
2026-02-02,1103,14.05,-0.010563380281690016,8.381397023672789e-05,-8.853588405288053e-07
2026-02-03,1103,13.9,-0.01067615658362997,8.381397023672789e-05,-8.948110701430088e-07
2026-02-05,1103,13.9,0.0,8.381397023672789e-05,0.0
2026-02-06,1103,13.85,-0.003597122302158362,8.381397023672789e-05,-3.014891015709711e-07
2026-02-09,1103,13.85,0.0,8.381397023672789e-05,0.0
2026-02-10,1103,13.95,0.0072202166064980755,8.381397023672789e-05,6.051550197597582e-07
2026-02-11,1103,14.05,0.007168458781362075,8.381397023672789e-05,6.008169909442916e-07
2026-02-23,1103,14.15,0.007117437722419906,8.381397023672789e-05,5.965407134286663e-07
2026-02-24,1103,14.1,-0.0035335689045936647,8.381397023672789e-05,-2.961624389990406e-07
2026-02-25,1103,14.15,0.0035460992907800915,8.381397023672789e-05,2.972126604139245e-07
2026-02-26,1103,14.15,0.0,8.381397023672789e-05,0.0
2026-03-02,1103,14.05,-0.007067137809187218,8.381397023672789e-05,-5.923248779980719e-07
2026-03-03,1103,14.0,-0.003558718861210064,8.381397023672789e-05,-2.982703567143425e-07
2026-03-04,1103,13.5,-0.0357142857142857,8.381397023672789e-05,-2.9933560798831378e-06
2026-03-05,1103,13.6,0.007407407407407307,8.381397023672789e-05,6.208442239757538e-07
2026-03-06,1103,13.8,0.014705882352941346,8.381397023672789e-05,1.232558385834248e-06
2026-03-09,1103,13.35,-0.03260869565217395,8.381397023672789e-05,-2.7330642468498254e-06
2026-03-10,1103,13.35,0.0,8.381397023672789e-05,0.0
2026-03-11,1103,13.65,0.022471910112359605,8.381397023672789e-05,1.8834600053197326e-06
2026-03-12,1103,13.6,-0.003663003663003761,8.381397023672789e-05,-3.070108799880225e-07
2026-03-13,1103,13.5,-0.007352941176470562,8.381397023672789e-05,-6.162791929171147e-07
2026-03-16,1103,13.5,0.0,8.381397023672789e-05,0.0
2026-03-17,1103,13.55,0.0037037037037037646,8.381397023672789e-05,3.104221119878862e-07
2026-03-18,1103,13.65,0.007380073800737907,8.381397023672789e-05,6.185532858799023e-07
2026-03-19,1103,13.55,-0.0073260073260073,8.381397023672789e-05,-6.140217599760263e-07
2026-03-20,1103,13.65,0.007380073800737907,8.381397023672789e-05,6.185532858799023e-07
2026-03-23,1103,13.5,-0.010989010989011061,8.381397023672789e-05,-9.210326399640488e-07
2026-03-24,1103,13.6,0.007407407407407307,8.381397023672789e-05,6.208442239757538e-07
2026-03-25,1103,13.75,0.011029411764705843,8.381397023672789e-05,9.24418789375672e-07
2026-03-26,1103,13.7,-0.0036363636363636598,8.381397023672789e-05,-3.047780735881034e-07
2026-03-27,1103,13.75,0.0036496350364965124,8.381397023672789e-05,3.0589040232383803e-07
2026-03-30,1103,13.5,-0.018181818181818188,8.381397023672789e-05,-1.5238903679405077e-06
2026-03-31,1103,13.5,0.0,8.381397023672789e-05,0.0
2026-04-01,1103,13.85,0.025925925925925908,8.381397023672789e-05,2.172954783915166e-06
2026-04-02,1103,13.7,-0.010830324909747335,8.381397023672789e-05,-9.077325296396558e-07
2026-04-07,1103,13.7,0.0,8.381397023672789e-05,0.0
2026-04-08,1103,13.9,0.014598540145985384,8.381397023672789e-05,1.2235616092952962e-06
2026-04-09,1103,13.7,-0.014388489208633115,8.381397023672789e-05,-1.2059564062838564e-06
2026-01-09,1104,29.9,0.0,6.705117618938232e-05,0.0
2026-01-12,1104,30.15,0.008361204013378032,6.705117618938232e-05,5.60628563456381e-07
2026-01-13,1104,30.6,0.014925373134328401,6.705117618938232e-05,1.0007638237221271e-06
2026-01-14,1104,30.55,-0.0016339869281045694,6.705117618938232e-05,-1.0956074540748706e-07
2026-01-15,1104,30.5,-0.0016366612111292644,6.705117618938232e-05,-1.0974005922975616e-07
2026-01-16,1104,30.25,-0.008196721311475419,6.705117618938232e-05,-5.495998048310032e-07
2026-01-19,1104,30.25,0.0,6.705117618938232e-05,0.0
2026-01-20,1104,30.25,0.0,6.705117618938232e-05,0.0
2026-01-21,1104,29.85,-0.013223140495867702,6.705117618938232e-05,-8.866271231653815e-07
2026-01-22,1104,29.95,0.003350083752093669,6.705117618938232e-05,2.246270559108196e-07
2026-01-23,1104,29.9,-0.0016694490818029983,6.705117618938232e-05,-1.1193852452317538e-07
2026-01-26,1104,30.25,0.0117056856187292,6.705117618938232e-05,7.848799888389304e-07
2026-01-27,1104,29.95,-0.00991735537190086,6.705117618938232e-05,-6.649703423740418e-07
2026-01-28,1104,30.0,0.0016694490818029983,6.705117618938232e-05,1.1193852452317538e-07
2026-01-29,1104,30.05,0.0016666666666667052,6.705117618938232e-05,1.1175196031563978e-07
2026-01-30,1104,29.65,-0.013311148086522562,6.705117618938232e-05,-8.925281356323836e-07
2026-02-02,1104,29.4,-0.00843170320404718,6.705117618938232e-05,-5.653556171111469e-07
2026-02-03,1104,29.55,0.005102040816326703,6.705117618938232e-05,3.4209783770094175e-07
2026-02-05,1104,29.8,0.008460236886632888,6.705117618938232e-05,5.67268834089533e-07
2026-02-06,1104,29.5,-0.010067114093959773,6.705117618938232e-05,-6.750118408327106e-07
2026-02-09,1104,29.55,0.0016949152542373724,6.705117618938232e-05,1.1364606133794179e-07
2026-02-10,1104,29.45,-0.0033840947546531774,6.705117618938232e-05,-2.2690753363581473e-07
2026-02-11,1104,29.5,0.0016977928692700761,6.705117618938232e-05,1.1383900881050482e-07
2026-02-23,1104,29.95,0.015254237288135464,6.705117618938232e-05,1.0228145520414166e-06
2026-02-24,1104,29.95,0.0,6.705117618938232e-05,0.0
2026-02-25,1104,30.15,0.006677796327211993,6.705117618938232e-05,4.477540980927015e-07
2026-02-26,1104,30.05,-0.0033167495854062867,6.705117618938232e-05,-2.223919608271377e-07
2026-03-02,1104,29.9,-0.00499168053244603,6.705117618938232e-05,-3.346980508621485e-07
2026-03-03,1104,29.7,-0.006688963210702337,6.705117618938232e-05,-4.485028507650988e-07
2026-03-04,1104,28.8,-0.030303030303030276,6.705117618938232e-05,-2.0318538239206743e-06
2026-03-05,1104,28.9,0.003472222222222099,6.705117618938232e-05,2.3281658399090256e-07
2026-03-06,1104,28.9,0.0,6.705117618938232e-05,0.0
2026-03-09,1104,28.25,-0.02249134948096876,6.705117618938232e-05,-1.5080714367854087e-06
2026-03-10,1104,28.75,0.017699115044247815,6.705117618938232e-05,1.1867464812280075e-06
2026-03-11,1104,29.6,0.029565217391304355,6.705117618938232e-05,1.9823826003817385e-06
2026-03-12,1104,29.8,0.006756756756756799,6.705117618938232e-05,4.5304848776609955e-07
2026-03-13,1104,30.0,0.006711409395973034,6.705117618938232e-05,4.5000789388846384e-07
2026-03-16,1104,29.9,-0.0033333333333334103,6.705117618938232e-05,-2.2350392063127956e-07
2026-03-17,1104,29.7,-0.006688963210702337,6.705117618938232e-05,-4.485028507650988e-07
2026-03-18,1104,29.4,-0.010101010101010166,6.705117618938232e-05,-6.772846079735631e-07
2026-03-19,1104,29.2,-0.006802721088435382,6.705117618938232e-05,-4.561304502679074e-07
2026-03-20,1104,29.2,0.0,6.705117618938232e-05,0.0
2026-03-23,1104,29.2,0.0,6.705117618938232e-05,0.0
2026-03-24,1104,29.55,0.011986301369863117,6.705117618938232e-05,8.036956050097264e-07
2026-03-25,1104,29.6,0.0016920473773265332,6.705117618938232e-05,1.1345376681790365e-07
2026-03-26,1104,29.55,-0.0016891891891892552,6.705117618938232e-05,-1.132621219415286e-07
2026-03-27,1104,29.7,0.0050761421319796,6.705117618938232e-05,3.4036130045371094e-07
2026-03-30,1104,29.85,0.005050505050505194,6.705117618938232e-05,3.38642303986789e-07
2026-03-31,1104,29.35,-0.01675041876046901,6.705117618938232e-05,-1.1231352795541426e-06
2026-04-01,1104,29.6,0.008517887563884052,6.705117618938232e-05,5.711343798073381e-07
2026-04-02,1104,29.35,-0.008445945945945943,6.705117618938232e-05,-5.663106097076207e-07
2026-04-07,1104,29.4,0.0017035775127767216,6.705117618938232e-05,1.1422687596146166e-07
2026-04-08,1104,29.25,-0.005102040816326481,6.705117618938232e-05,-3.420978377009268e-07
2026-04-09,1104,29.2,-0.0017094017094017033,6.705117618938232e-05,-1.1461739519552492e-07
2026-01-09,1109,15.4,0.0,6.705117618938232e-05,0.0
2026-01-12,1109,15.4,0.0,6.705117618938232e-05,0.0
2026-01-13,1109,15.45,0.0032467532467532756,6.705117618938232e-05,2.1769862399150297e-07
2026-01-14,1109,15.45,0.0,6.705117618938232e-05,0.0
2026-01-15,1109,15.45,0.0,6.705117618938232e-05,0.0
2026-01-16,1109,15.55,0.006472491909385258,6.705117618938232e-05,4.339881954005425e-07
2026-01-19,1109,15.55,0.0,6.705117618938232e-05,0.0
2026-01-20,1109,15.45,-0.006430868167202619,6.705117618938232e-05,-4.3119727452979296e-07
2026-01-21,1109,15.45,0.0,6.705117618938232e-05,0.0
2026-01-22,1109,15.45,0.0,6.705117618938232e-05,0.0
2026-01-23,1109,15.4,-0.003236245954692518,6.705117618938232e-05,-2.1699409770026381e-07
2026-01-26,1109,15.4,0.0,6.705117618938232e-05,0.0
2026-01-27,1109,15.45,0.0032467532467532756,6.705117618938232e-05,2.1769862399150297e-07
2026-01-28,1109,15.5,0.003236245954692629,6.705117618938232e-05,2.1699409770027125e-07
2026-01-29,1109,15.5,0.0,6.705117618938232e-05,0.0
2026-01-30,1109,15.45,-0.003225806451612967,6.705117618938232e-05,-2.1629411673994725e-07
2026-02-02,1109,15.45,0.0,6.705117618938232e-05,0.0
2026-02-03,1109,15.35,-0.006472491909385036,6.705117618938232e-05,-4.3398819540052763e-07
2026-02-05,1109,15.45,0.006514657980456029,6.705117618938232e-05,4.368154800611228e-07
2026-02-06,1109,15.4,-0.003236245954692518,6.705117618938232e-05,-2.1699409770026381e-07
2026-02-09,1109,15.4,0.0,6.705117618938232e-05,0.0
2026-02-10,1109,15.35,-0.0032467532467532756,6.705117618938232e-05,-2.1769862399150297e-07
2026-02-11,1109,15.45,0.006514657980456029,6.705117618938232e-05,4.368154800611228e-07
2026-02-23,1109,15.65,0.012944983818770295,6.705117618938232e-05,8.679763908010702e-07
2026-02-24,1109,15.75,0.006389776357827559,6.705117618938232e-05,4.284420203794453e-07
2026-02-25,1109,15.85,0.006349206349206327,6.705117618938232e-05,4.2572175358337826e-07
2026-02-26,1109,15.85,0.0,6.705117618938232e-05,0.0
2026-03-02,1109,15.8,-0.003154574132492094,6.705117618938232e-05,-2.1151790596019528e-07
2026-03-03,1109,15.6,-0.012658227848101333,6.705117618938232e-05,-8.487490656883883e-07
2026-03-04,1109,15.4,-0.012820512820512775,6.705117618938232e-05,-8.596304639664369e-07
2026-03-05,1109,15.35,-0.0032467532467532756,6.705117618938232e-05,-2.1769862399150297e-07
2026-03-06,1109,15.5,0.009771986970684043,6.705117618938232e-05,6.552232200916842e-07
2026-03-09,1109,15.25,-0.016129032258064502,6.705117618938232e-05,-1.0814705836997139e-06
2026-03-10,1109,15.3,0.003278688524590123,6.705117618938232e-05,2.198399219323983e-07
2026-03-11,1109,15.35,0.0032679738562091387,6.705117618938232e-05,2.1912149081497412e-07
2026-03-12,1109,15.35,0.0,6.705117618938232e-05,0.0
2026-03-13,1109,15.35,0.0,6.705117618938232e-05,0.0
2026-03-16,1109,15.3,-0.0032573289902279035,6.705117618938232e-05,-2.1840774003055395e-07
2026-03-17,1109,15.4,0.006535947712418277,6.705117618938232e-05,4.3824298162994825e-07
2026-03-18,1109,15.45,0.0032467532467532756,6.705117618938232e-05,2.1769862399150297e-07
2026-03-19,1109,15.35,-0.006472491909385036,6.705117618938232e-05,-4.3398819540052763e-07
2026-03-20,1109,15.3,-0.0032573289902279035,6.705117618938232e-05,-2.1840774003055395e-07
2026-03-23,1109,15.15,-0.009803921568627527,6.705117618938232e-05,-6.573644724449298e-07
2026-03-24,1109,15.25,0.0066006600660066805,6.705117618938232e-05,4.425820210520338e-07
2026-03-25,1109,15.25,0.0,6.705117618938232e-05,0.0
2026-03-26,1109,15.25,0.0,6.705117618938232e-05,0.0
2026-03-27,1109,15.2,-0.003278688524590234,6.705117618938232e-05,-2.1983992193240576e-07
2026-03-30,1109,15.2,0.0,6.705117618938232e-05,0.0
2026-03-31,1109,15.2,0.0,6.705117618938232e-05,0.0
2026-04-01,1109,15.25,0.00328947368421062,6.705117618938232e-05,2.2056307957034284e-07
2026-04-02,1109,15.25,0.0,6.705117618938232e-05,0.0
2026-04-07,1109,15.3,0.003278688524590123,6.705117618938232e-05,2.198399219323983e-07
2026-04-08,1109,15.45,0.009803921568627416,6.705117618938232e-05,6.573644724449223e-07
2026-04-09,1109,15.45,0.0,6.705117618938232e-05,0.0
2026-01-09,1110,16.45,0.0,6.705117618938232e-05,0.0
2026-01-12,1110,16.5,0.003039513677811634,6.705117618938232e-05,2.038029671409853e-07
2026-01-13,1110,16.55,0.003030303030303161,6.705117618938232e-05,2.0318538239207637e-07
2026-01-14,1110,16.3,-0.015105740181268867,6.705117618938232e-05,-1.0128576463652908e-06
2026-01-15,1110,16.45,0.009202453987730008,6.705117618938232e-05,6.170353637059686e-07
2026-01-16,1110,16.5,0.003039513677811634,6.705117618938232e-05,2.038029671409853e-07
2026-01-19,1110,16.55,0.003030303030303161,6.705117618938232e-05,2.0318538239207637e-07
2026-01-20,1110,16.5,-0.0030211480362538623,6.705117618938232e-05,-2.025715292730641e-07
2026-01-21,1110,16.5,0.0,6.705117618938232e-05,0.0
2026-01-22,1110,16.3,-0.012121212121212088,6.705117618938232e-05,-8.127415295682683e-07
2026-01-23,1110,16.2,-0.00613496932515345,6.705117618938232e-05,-4.113569091373199e-07
2026-01-26,1110,16.25,0.0030864197530864335,6.705117618938232e-05,2.0694807465858832e-07
2026-01-27,1110,16.25,0.0,6.705117618938232e-05,0.0
2026-01-28,1110,16.15,-0.006153846153846287,6.705117618938232e-05,-4.1262262270390014e-07
2026-01-29,1110,16.2,0.003095975232198178,6.705117618938232e-05,2.0758878077208386e-07
2026-01-30,1110,16.25,0.0030864197530864335,6.705117618938232e-05,2.0694807465858832e-07
2026-02-02,1110,15.9,-0.021538461538461506,6.705117618938232e-05,-1.444179179463617e-06
2026-02-03,1110,16.15,0.015723270440251458,6.705117618938232e-05,1.0542637765626074e-06
2026-02-05,1110,16.25,0.006191950464396356,6.705117618938232e-05,4.151775615441677e-07
2026-02-06,1110,16.15,-0.006153846153846287,6.705117618938232e-05,-4.1262262270390014e-07
2026-02-09,1110,16.45,0.018575851393188847,6.705117618938232e-05,1.2455326846324883e-06
2026-02-10,1110,16.45,0.0,6.705117618938232e-05,0.0
2026-02-11,1110,16.4,-0.003039513677811634,6.705117618938232e-05,-2.038029671409853e-07
2026-02-23,1110,16.55,0.009146341463414753,6.705117618938232e-05,6.132729529516756e-07
2026-02-24,1110,16.6,0.0030211480362538623,6.705117618938232e-05,2.025715292730641e-07
2026-02-25,1110,16.45,-0.009036144578313365,6.705117618938232e-05,-6.058841221932212e-07
2026-02-26,1110,16.7,0.015197568389057725,6.705117618938232e-05,1.0190148357048966e-06
2026-03-02,1110,16.5,-0.0119760479041916,6.705117618938232e-05,-8.030080980764338e-07
2026-03-03,1110,16.05,-0.027272727272727226,6.705117618938232e-05,-1.8286684415286055e-06
2026-03-04,1110,15.5,-0.034267912772585674,6.705117618938232e-05,-2.2977038569570266e-06
2026-03-05,1110,15.8,0.019354838709677358,6.705117618938232e-05,1.2977647004396537e-06
2026-03-06,1110,16.0,0.012658227848101111,6.705117618938232e-05,8.487490656883734e-07
2026-03-09,1110,15.9,-0.006249999999999978,6.705117618938232e-05,-4.19069851183638e-07
2026-03-10,1110,15.8,-0.0062893081761006275,6.705117618938232e-05,-4.2170551062504594e-07
2026-03-11,1110,15.85,0.0031645569620253333,6.705117618938232e-05,2.1218726642209706e-07
2026-03-12,1110,15.85,0.0,6.705117618938232e-05,0.0
2026-03-13,1110,15.85,0.0,6.705117618938232e-05,0.0
2026-03-16,1110,15.85,0.0,6.705117618938232e-05,0.0
2026-03-17,1110,15.45,-0.025236593059936974,6.705117618938232e-05,-1.692143247681577e-06
2026-03-18,1110,15.7,0.016181229773462702,6.705117618938232e-05,1.0849704885013265e-06
2026-03-19,1110,15.6,-0.006369426751592355,6.705117618938232e-05,-4.2707755534638407e-07
2026-03-20,1110,15.1,-0.03205128205128205,6.705117618938232e-05,-2.1490761599160995e-06
2026-03-23,1110,14.9,-0.013245033112582738,6.705117618938232e-05,-8.88095048865988e-07
2026-03-24,1110,14.9,0.0,6.705117618938232e-05,0.0
2026-03-25,1110,15.15,0.016778523489932917,6.705117618938232e-05,1.1250197347211819e-06
2026-03-26,1110,15.35,0.013201320132013139,6.705117618938232e-05,8.851640421040528e-07
2026-03-27,1110,15.35,0.0,6.705117618938232e-05,0.0
2026-03-30,1110,15.4,0.0032573289902280145,6.705117618938232e-05,2.184077400305614e-07
2026-03-31,1110,15.3,-0.00649350649350644,6.705117618938232e-05,-4.353972479829985e-07
2026-04-01,1110,14.95,-0.022875816993464193,6.705117618938232e-05,-1.5338504357048336e-06
2026-04-02,1110,14.4,-0.03678929765886285,6.705117618938232e-05,-2.4667656792080435e-06
2026-04-07,1110,14.45,0.003472222222222099,6.705117618938232e-05,2.3281658399090256e-07
2026-04-08,1110,15.0,0.03806228373702436,6.705117618938232e-05,2.5521208930214816e-06
2026-04-09,1110,15.4,0.026666666666666616,6.705117618938232e-05,1.7880313650501918e-06
2026-01-09,1203,39.65,0.0,0.0001043018296279,0.0
2026-01-12,1203,39.35,-0.007566204287515643,0.0001043018296279,-7.891689505263431e-07
2026-01-13,1203,39.65,0.007623888182973326,0.0001043018296279,7.95185486362644e-07
2026-01-14,1203,39.6,-0.0012610340479192184,0.0001043018296279,-1.315281584210514e-07
2026-01-15,1203,39.9,0.007575757575757569,0.0001043018296279,7.901653759689387e-07
2026-01-16,1203,39.6,-0.007518796992481147,0.0001043018296279,-7.842242829165355e-07
2026-01-19,1203,39.5,-0.002525252525252597,0.0001043018296279,-2.633884586563206e-07
2026-01-20,1203,39.45,-0.0012658227848100223,0.0001043018296279,-1.3202763244036887e-07
2026-01-21,1203,39.65,0.005069708491761693,0.0001043018296279,5.28779871370846e-07
2026-01-22,1203,39.65,0.0,0.0001043018296279,0.0
2026-01-23,1203,39.75,0.0025220680958386588,0.0001043018296279,2.63056316842126e-07
2026-01-26,1203,39.45,-0.007547169811320642,0.0001043018296279,-7.871836198331959e-07
2026-01-27,1203,39.85,0.010139416983523386,0.0001043018296279,1.057559742741692e-06
2026-01-28,1203,39.9,0.0012547051442910462,0.0001043018296279,1.308680421930944e-07
2026-01-29,1203,39.75,-0.003759398496240518,0.0001043018296279,-3.92112141458262e-07
2026-01-30,1203,39.35,-0.010062893081761004,0.0001043018296279,-1.0495781597776099e-06
2026-02-02,1203,39.25,-0.0025412960609911828,0.0001043018296279,-2.650618287875557e-07
2026-02-03,1203,39.6,0.008917197452229297,0.0001043018296279,9.300800094207642e-07
2026-02-05,1203,39.5,-0.002525252525252597,0.0001043018296279,-2.633884586563206e-07
2026-02-06,1203,39.45,-0.0012658227848100223,0.0001043018296279,-1.3202763244036887e-07
2026-02-09,1203,39.85,0.010139416983523386,0.0001043018296279,1.057559742741692e-06
2026-02-10,1203,39.5,-0.008782936010037656,0.0001043018296279,-9.160762953516955e-07
2026-02-11,1203,40.1,0.0151898734177216,0.0001043018296279,1.5843315892845655e-06
2026-02-23,1203,41.4,0.032418952618453734,0.0001043018296279,3.381356072724924e-06
2026-02-24,1203,40.4,-0.024154589371980673,0.0001043018296279,-2.5193678654082125e-06
2026-02-25,1203,41.0,0.014851485148514865,0.0001043018296279,1.5490370736816845e-06
2026-02-26,1203,41.25,0.0060975609756097615,0.0001043018296279,6.359867660237811e-07
2026-03-02,1203,41.35,0.00242424242424244,0.0001043018296279,2.5285292031006223e-07
2026-03-03,1203,41.0,-0.00846432889963733,0.0001043018296279,-8.828449908044831e-07
2026-03-04,1203,39.9,-0.02682926829268295,0.0001043018296279,-2.798341770504637e-06
2026-03-05,1203,39.75,-0.003759398496240518,0.0001043018296279,-3.92112141458262e-07
2026-03-06,1203,39.8,0.0012578616352201255,0.0001043018296279,1.3119726997220123e-07
2026-03-09,1203,38.75,-0.02638190954773867,0.0001043018296279,-2.7516814349069072e-06
2026-03-10,1203,38.75,0.0,0.0001043018296279,0.0
2026-03-11,1203,39.15,0.010322580645161228,0.0001043018296279,1.0766640477718644e-06
2026-03-12,1203,38.4,-0.019157088122605415,0.0001043018296279,-1.9981193415306566e-06
2026-03-13,1203,38.6,0.005208333333333481,0.0001043018296279,5.432386959786612e-07
2026-03-16,1203,38.5,-0.002590673575129543,0.0001043018296279,-2.702119938546642e-07
2026-03-17,1203,38.6,0.0025974025974027093,0.0001043018296279,2.709138431893623e-07
2026-03-18,1203,38.95,0.0090673575129534,0.0001043018296279,9.457419784913247e-07
2026-03-19,1203,38.75,-0.005134788189987249,0.0001043018296279,-5.355678029674031e-07
2026-03-20,1203,38.55,-0.005161290322580725,0.0001043018296279,-5.383320238859439e-07
2026-03-23,1203,38.4,-0.0038910505836575737,0.0001043018296279,-4.0584369505019316e-07
2026-03-24,1203,38.5,0.0026041666666667407,0.0001043018296279,2.716193479893306e-07
2026-03-25,1203,39.2,0.0181818181818183,0.0001043018296279,1.8963969023254669e-06
2026-03-26,1203,39.55,0.008928571428571175,0.0001043018296279,9.312663359633664e-07
2026-03-27,1203,39.55,0.0,0.0001043018296279,0.0
2026-03-30,1203,39.45,-0.0025284450063209896,0.0001043018296279,-2.637214402728064e-07
2026-03-31,1203,39.5,0.0012674271229402567,0.0001043018296279,1.3219496784269414e-07
2026-04-01,1203,39.4,-0.0025316455696202667,0.0001043018296279,-2.640552648807609e-07
2026-04-02,1203,39.4,0.0,0.0001043018296279,0.0
2026-04-07,1203,39.75,0.008883248730964466,0.0001043018296279,9.265390956793147e-07
2026-04-08,1203,40.3,0.01383647798742138,0.0001043018296279,1.4431699696942136e-06
2026-04-09,1203,39.9,-0.00992555831265507,0.0001043018296279,-1.0352538920883357e-06
2026-01-09,1210,51.2,0.0,4.966753791806096e-05,0.0
2026-01-12,1210,51.6,0.0078125,4.966753791806096e-05,3.8802763998485127e-07
2026-01-13,1210,51.7,0.0019379844961240345,4.966753791806096e-05,9.625491844585475e-08
2026-01-14,1210,51.8,0.0019342359767891004,4.966753791806096e-05,9.606873871965032e-08
2026-01-15,1210,52.4,0.01158301158301156,4.966753791806096e-05,5.75299667004566e-07
2026-01-16,1210,52.2,-0.003816793893129722,4.966753791806096e-05,-1.89570755412444e-07
2026-01-19,1210,52.3,0.0019157088122603305,4.966753791806096e-05,9.514854007290349e-08
2026-01-20,1210,52.1,-0.003824091778202643,4.966753791806096e-05,-1.8993322339602493e-07
2026-01-21,1210,52.2,0.0019193857965451588,4.966753791806096e-05,9.533116682929432e-08
2026-01-22,1210,52.4,0.003831417624520883,4.966753791806096e-05,1.9029708014581802e-07
2026-01-23,1210,52.3,-0.001908396946564861,4.966753791806096e-05,-9.4785377706222e-08
2026-01-26,1210,52.3,0.0,4.966753791806096e-05,0.0
2026-01-27,1210,51.7,-0.011472275334607929,4.966753791806096e-05,-5.697996701880748e-07
2026-01-28,1210,51.5,-0.003868471953578423,4.966753791806096e-05,-1.9213747743931168e-07
2026-01-29,1210,51.7,0.003883495145631022,4.966753791806096e-05,1.9288364240023444e-07
2026-01-30,1210,50.9,-0.01547388781431347,4.966753791806096e-05,-7.685499097572357e-07
2026-02-02,1210,50.7,-0.003929273084479323,4.966753791806096e-05,-1.9515731991379314e-07
2026-02-03,1210,50.7,0.0,4.966753791806096e-05,0.0
2026-02-05,1210,51.3,0.011834319526627057,4.966753791806096e-05,5.877815138231987e-07
2026-02-06,1210,50.9,-0.007797270955165692,4.966753791806096e-05,-3.872712508230874e-07
2026-02-09,1210,50.7,-0.003929273084479323,4.966753791806096e-05,-1.9515731991379314e-07
2026-02-10,1210,50.9,0.0039447731755424265,4.966753791806096e-05,1.9592717127440322e-07
2026-02-11,1210,51.4,0.00982318271119853,4.966753791806096e-05,4.878932997844939e-07
2026-02-23,1210,51.6,0.0038910505836575737,4.966753791806096e-05,1.9325890240490577e-07
2026-02-24,1210,51.3,-0.005813953488372214,4.966753791806096e-05,-2.887647553375698e-07
2026-02-25,1210,51.1,-0.0038986354775827348,4.966753791806096e-05,-1.936356254115382e-07
2026-02-26,1210,50.9,-0.00391389432485334,4.966753791806096e-05,-1.9439349478693686e-07
2026-03-02,1210,51.4,0.00982318271119853,4.966753791806096e-05,4.878932997844939e-07
2026-03-03,1210,51.2,-0.0038910505836574627,4.966753791806096e-05,-1.9325890240490026e-07
2026-03-04,1210,50.4,-0.01562500000000011,4.966753791806096e-05,-7.76055279969708e-07
2026-03-05,1210,50.4,0.0,4.966753791806096e-05,0.0
2026-03-06,1210,51.3,0.017857142857142794,4.966753791806096e-05,8.869203199653712e-07
2026-03-09,1210,51.3,0.0,4.966753791806096e-05,0.0
2026-03-10,1210,51.4,0.0019493177387914784,4.966753791806096e-05,9.68178127057746e-08
2026-03-11,1210,51.7,0.005836575875486361,4.966753791806096e-05,2.898883536073587e-07
2026-03-12,1210,52.9,0.02321083172146987,4.966753791806096e-05,1.1528248646358371e-06
2026-03-13,1210,52.9,0.0,4.966753791806096e-05,0.0
2026-03-16,1210,53.7,0.015122873345935872,4.966753791806096e-05,7.511158853393034e-07
2026-03-17,1210,54.1,0.007448789571694592,4.966753791806096e-05,3.699630384957982e-07
2026-03-18,1210,53.5,-0.011090573012939031,4.966753791806096e-05,-5.50841455653173e-07
2026-03-19,1210,53.1,-0.00747663551401867,4.966753791806096e-05,-3.713460778920435e-07
2026-03-20,1210,53.8,0.013182674199623268,4.966753791806096e-05,6.547509706712326e-07
2026-03-23,1210,54.0,0.003717472118959231,4.966753791806096e-05,1.8463768742774202e-07
2026-03-24,1210,53.9,-0.0018518518518518823,4.966753791806096e-05,-9.197692207048477e-08
2026-03-25,1210,53.8,-0.0018552875695733162,4.966753791806096e-05,-9.214756571068985e-08
2026-03-26,1210,54.0,0.003717472118959231,4.966753791806096e-05,1.8463768742774202e-07
2026-03-27,1210,54.3,0.005555555555555536,4.966753791806096e-05,2.759307662114488e-07
2026-03-30,1210,54.5,0.0036832412523020164,4.966753791806096e-05,1.8293752456007675e-07
2026-03-31,1210,54.3,-0.003669724770642202,4.966753791806096e-05,-1.8226619419471915e-07
2026-04-01,1210,54.6,0.005524861878453136,4.966753791806096e-05,2.7440628684012064e-07
2026-04-02,1210,54.7,0.001831501831501825,4.966753791806096e-05,9.0966186663115e-08
2026-04-07,1210,54.9,0.003656307129798808,4.966753791806096e-05,1.8159977300935896e-07
2026-04-08,1210,54.5,-0.007285974499089187,4.966753791806096e-05,-3.6187641470353744e-07
2026-04-09,1210,54.4,-0.0018348623853211565,4.966753791806096e-05,-9.113309709736233e-08
2026-01-09,1213,10.0,0.0,7.450130687709147e-05,0.0
2026-01-12,1213,9.91,-0.009000000000000008,7.450130687709147e-05,-6.705117618938239e-07
2026-01-13,1213,10.0,0.00908173562058523,7.450130687709147e-05,6.76601172445833e-07
2026-01-14,1213,9.9,-0.010000000000000009,7.450130687709147e-05,-7.450130687709153e-07
2026-01-15,1213,10.45,0.05555555555555536,7.450130687709147e-05,4.138961493171734e-06
2026-01-16,1213,10.0,-0.04306220095693769,7.450130687709147e-05,-3.208190248295797e-06
2026-01-19,1213,9.99,-0.0010000000000000009,7.450130687709147e-05,-7.450130687709154e-08
2026-01-20,1213,9.98,-0.0010010010010009784,7.450130687709147e-05,-7.457588275984965e-08
2026-01-21,1213,10.15,0.017034068136272618,7.450130687709147e-05,1.2690603375857318e-06
2026-01-22,1213,10.1,-0.0049261083743843415,7.450130687709147e-05,-3.67001511709818e-07
2026-01-23,1213,10.3,0.01980198019801982,7.450130687709147e-05,1.4752734035067631e-06
2026-01-26,1213,10.25,-0.004854368932038944,7.450130687709147e-05,-3.6165682950045217e-07
2026-01-27,1213,10.25,0.0,7.450130687709147e-05,0.0
2026-01-28,1213,10.1,-0.014634146341463428,7.450130687709147e-05,-1.0902630274696323e-06
2026-01-29,1213,10.1,0.0,7.450130687709147e-05,0.0
2026-01-30,1213,10.1,0.0,7.450130687709147e-05,0.0
2026-02-02,1213,10.1,0.0,7.450130687709147e-05,0.0
2026-02-03,1213,9.84,-0.025742574257425765,7.450130687709147e-05,-1.917855424558792e-06
2026-02-05,1213,10.05,0.021341463414634276,7.450130687709147e-05,1.5899669150598886e-06
2026-02-06,1213,10.05,0.0,7.450130687709147e-05,0.0
2026-02-10,1213,10.15,0.00995024875621886,7.450130687709147e-05,7.41306536090459e-07
2026-02-11,1213,9.78,-0.03645320197044344,7.450130687709147e-05,-2.715811186652602e-06
2026-02-23,1213,10.0,0.02249488752556239,7.450130687709147e-05,1.6758985187075804e-06
2026-02-24,1213,9.74,-0.026000000000000023,7.450130687709147e-05,-1.93703397880438e-06
2026-02-25,1213,9.74,0.0,7.450130687709147e-05,0.0
2026-02-26,1213,9.9,0.01642710472279263,7.450130687709147e-05,1.2238407700548923e-06
2026-03-02,1213,9.72,-0.018181818181818188,7.450130687709147e-05,-1.354569215947118e-06
2026-03-03,1213,9.98,0.026748971193415683,7.450130687709147e-05,1.9928333115271412e-06
2026-03-04,1213,9.5,-0.04809619238476959,7.450130687709147e-05,-3.583229188477349e-06
2026-03-05,1213,9.9,0.04210526315789487,7.450130687709147e-05,3.1368971316670192e-06
2026-03-06,1213,9.86,-0.0040404040404041774,7.450130687709147e-05,-3.010153813215919e-07
2026-03-09,1213,9.35,-0.051724137931034475,7.450130687709147e-05,-3.8535158729530065e-06
2026-03-10,1213,9.79,0.04705882352941182,7.450130687709147e-05,3.5059438530396025e-06
2026-03-12,1213,9.8,0.0010214504596528506,7.450130687709147e-05,7.609939415434317e-08
2026-03-13,1213,9.8,0.0,7.450130687709147e-05,0.0
2026-03-16,1213,9.8,0.0,7.450130687709147e-05,0.0
2026-03-17,1213,10.0,0.020408163265306145,7.450130687709147e-05,1.5204348342263581e-06
2026-03-18,1213,9.8,-0.019999999999999907,7.450130687709147e-05,-1.4900261375418224e-06
2026-03-19,1213,9.77,-0.003061224489796066,7.450130687709147e-05,-2.280652251339645e-07
2026-03-20,1213,9.98,0.021494370522006312,7.450130687709147e-05,1.601358694389901e-06
2026-03-23,1213,9.97,-0.0010020040080159776,7.450130687709147e-05,-7.465060809327396e-08
2026-03-24,1213,9.98,0.0010030090270811698,7.450130687709147e-05,7.472548332706718e-08
2026-03-25,1213,9.71,-0.027054108216432837,7.450130687709147e-05,-2.0155664185185046e-06
2026-03-26,1213,9.98,0.02780638516992795,7.450130687709147e-05,2.0716120346874075e-06
2026-03-27,1213,9.98,0.0,7.450130687709147e-05,0.0
2026-03-30,1213,9.57,-0.0410821643286573,7.450130687709147e-05,-3.060674931824398e-06
2026-03-31,1213,9.61,0.004179728317659226,7.450130687709147e-05,3.1139522205679925e-07
2026-04-01,1213,9.59,-0.002081165452653466,7.450130687709147e-05,-1.5504954605013686e-07
2026-04-02,1213,9.21,-0.03962460896767461,7.450130687709147e-05,-2.952085152585477e-06
2026-04-07,1213,9.49,0.030401737242128135,7.450130687709147e-05,2.2649691558724888e-06
2026-04-08,1213,9.32,-0.017913593256059013,7.450130687709147e-05,-1.3345861084410487e-06
2026-04-09,1213,9.45,0.013948497854077146,7.450130687709147e-05,1.0391813191010534e-06
2026-01-09,1215,138.5,0.0,6.705117618938232e-05,0.0
2026-01-12,1215,141.0,0.018050541516245522,6.705117618938232e-05,1.2103100395195386e-06
2026-01-13,1215,151.5,0.07446808510638303,6.705117618938232e-05,4.993172694954006e-06
2026-01-14,1215,148.5,-0.01980198019801982,6.705117618938232e-05,-1.3277460631560867e-06
2026-01-15,1215,148.5,0.0,6.705117618938232e-05,0.0
2026-01-16,1215,155.5,0.047138047138047146,6.705117618938232e-05,3.160661503876608e-06
2026-01-19,1215,150.5,-0.032154340836012874,6.705117618938232e-05,-2.15598637264895e-06
2026-01-20,1215,152.0,0.009966777408637828,6.705117618938232e-05,6.682841480669303e-07
2026-01-21,1215,154.5,0.016447368421052655,6.705117618938232e-05,1.1028153978516843e-06
2026-01-22,1215,151.5,-0.01941747572815533,6.705117618938232e-05,-1.3019645862015977e-06
2026-01-23,1215,150.0,-0.00990099009900991,6.705117618938232e-05,-6.638730315780434e-07
2026-01-26,1215,151.5,0.010000000000000009,6.705117618938232e-05,6.705117618938238e-07
2026-01-27,1215,149.5,-0.01320132013201325,6.705117618938232e-05,-8.851640421040602e-07
2026-01-28,1215,151.5,0.013377926421404673,6.705117618938232e-05,8.970057015301976e-07
2026-01-29,1215,150.5,-0.0066006600660065695,6.705117618938232e-05,-4.425820210520264e-07
2026-01-30,1215,148.5,-0.013289036544850474,6.705117618938232e-05,-8.910455307559096e-07
2026-02-02,1215,148.0,-0.0033670033670033517,6.705117618938232e-05,-2.2576153599118524e-07
2026-02-03,1215,148.5,0.0033783783783782884,6.705117618938232e-05,2.2652424388304233e-07
2026-02-05,1215,149.0,0.0033670033670034627,6.705117618938232e-05,2.2576153599119268e-07
2026-02-06,1215,147.0,-0.01342281879194629,6.705117618938232e-05,-9.000157877769425e-07
2026-02-09,1215,151.5,0.030612244897959107,6.705117618938232e-05,2.052587026205576e-06
2026-02-10,1215,149.0,-0.01650165016501648,6.705117618938232e-05,-1.1064550526300698e-06
2026-02-11,1215,148.5,-0.003355704697986628,6.705117618938232e-05,-2.2500394694423936e-07
2026-02-23,1215,148.5,0.0,6.705117618938232e-05,0.0
2026-02-24,1215,150.5,0.013468013468013407,6.705117618938232e-05,9.03046143964741e-07
2026-02-25,1215,151.0,0.0033222591362125353,6.705117618938232e-05,2.227613826889718e-07
2026-02-26,1215,152.5,0.009933774834437026,6.705117618938232e-05,6.660712866494892e-07
2026-03-02,1215,155.5,0.01967213114754096,6.705117618938232e-05,1.3190395315944047e-06
2026-03-03,1215,156.0,0.003215434083601254,6.705117618938232e-05,2.1559863726489275e-07
2026-03-04,1215,156.5,0.0032051282051281937,6.705117618938232e-05,2.1490761599160923e-07
2026-03-05,1215,157.5,0.006389776357827559,6.705117618938232e-05,4.284420203794453e-07
2026-03-06,1215,163.5,0.03809523809523818,6.705117618938232e-05,2.5543305215002847e-06
2026-03-09,1215,159.0,-0.02752293577981646,6.705117618938232e-05,-1.845445216221528e-06
2026-03-10,1215,156.5,-0.01572327044025157,6.705117618938232e-05,-1.0542637765626149e-06
2026-03-11,1215,154.5,-0.012779552715655007,6.705117618938232e-05,-8.568840407588831e-07
2026-03-12,1215,155.0,0.003236245954692629,6.705117618938232e-05,2.1699409770027125e-07
2026-03-13,1215,153.5,-0.009677419354838679,6.705117618938232e-05,-6.488823502198268e-07
2026-03-16,1215,152.5,-0.006514657980456029,6.705117618938232e-05,-4.368154800611228e-07
2026-03-17,1215,152.0,-0.003278688524590123,6.705117618938232e-05,-2.198399219323983e-07
2026-03-18,1215,152.0,0.0,6.705117618938232e-05,0.0
2026-03-19,1215,149.0,-0.019736842105263164,6.705117618938232e-05,-1.3233784774220198e-06
2026-03-20,1215,150.0,0.006711409395973256,6.705117618938232e-05,4.500078938884787e-07
2026-03-23,1215,147.5,-0.01666666666666672,6.705117618938232e-05,-1.1175196031563754e-06
2026-03-24,1215,147.0,-0.003389830508474523,6.705117618938232e-05,-2.2729212267586867e-07
2026-03-25,1215,146.0,-0.006802721088435382,6.705117618938232e-05,-4.561304502679074e-07
2026-03-26,1215,144.0,-0.013698630136986356,6.705117618938232e-05,-9.185092628682546e-07
2026-03-27,1215,142.5,-0.01041666666666663,6.705117618938232e-05,-6.9844975197273e-07
2026-03-30,1215,140.0,-0.01754385964912286,6.705117618938232e-05,-1.1763364243751321e-06
2026-03-31,1215,135.0,-0.0357142857142857,6.705117618938232e-05,-2.3946848639065103e-06
2026-04-01,1215,138.5,0.025925925925925908,6.705117618938232e-05,1.738363827132133e-06
2026-04-02,1215,139.0,0.0036101083032491488,6.705117618938232e-05,2.4206200790391075e-07
2026-04-07,1215,141.5,0.017985611510791477,6.705117618938232e-05,1.205956406283862e-06
2026-04-08,1215,141.0,-0.0035335689045936647,6.705117618938232e-05,-2.369299511992325e-07
2026-04-09,1215,141.0,0.0,6.705117618938232e-05,0.0
2026-01-09,1216,75.3,0.0,7.450130687709147e-05,0.0
2026-01-12,1216,75.6,0.003984063745019917,7.450130687709147e-05,2.968179556856231e-07
2026-01-13,1216,76.1,0.006613756613756516,7.450130687709147e-05,4.927335110918676e-07
2026-01-14,1216,75.5,-0.007884362680683266,7.450130687709147e-05,-5.873953236038716e-07
2026-01-15,1216,76.0,0.0066225165562914245,7.450130687709147e-05,4.933861382588864e-07
2026-01-16,1216,75.4,-0.007894736842105177,7.450130687709147e-05,-5.881682121875578e-07
2026-01-19,1216,74.7,-0.009283819628647216,7.450130687709147e-05,-6.916566951454116e-07
2026-01-20,1216,74.5,-0.0026773761713521083,7.450130687709147e-05,-1.9946802376731566e-07
2026-01-21,1216,74.3,-0.0026845637583893245,7.450130687709147e-05,-2.000035083948811e-07
2026-01-22,1216,74.1,-0.0026917900403768957,7.450130687709147e-05,-2.0054187584681756e-07
2026-01-23,1216,73.6,-0.006747638326585648,7.450130687709147e-05,-5.027078736645812e-07
2026-01-26,1216,73.5,-0.0013586956521738358,7.450130687709147e-05,-1.0122460173517288e-07
2026-01-27,1216,73.0,-0.006802721088435382,7.450130687709147e-05,-5.068116114087861e-07
2026-01-28,1216,72.7,-0.004109589041095818,7.450130687709147e-05,-3.061697542894116e-07
2026-01-29,1216,72.4,-0.004126547455295726,7.450130687709147e-05,-3.0743317830986777e-07
2026-01-30,1216,71.7,-0.00966850828729282,7.450130687709147e-05,-7.203165029553045e-07
