signal_date,trade_date,symbol,signal_close,mom_5d,trade_ret,weight,wret
2026-01-16,2026-01-19,2312,33.7,0.47807017543859653,0.05044510385756662,0.05,0.002522255192878331
2026-01-16,2026-01-19,1721,20.6,0.3420195439739415,0.07038834951456296,0.05,0.0035194174757281482
2026-01-16,2026-01-19,1717,67.3,0.3093385214007782,0.04457652303120363,0.05,0.0022288261515601817
2026-01-16,2026-01-19,1528,28.35,0.2915717539863327,0.09876543209876543,0.05,0.0049382716049382715
2026-01-16,2026-01-19,2371,38.85,0.2451923076923077,0.03346203346203347,0.05,0.0016731016731016735
2026-01-16,2026-01-19,2313,142.0,0.22943722943722933,0.010563380281690238,0.05,0.0005281690140845119
2026-01-16,2026-01-19,1540,28.0,0.22807017543859653,-0.025000000000000022,0.05,-0.0012500000000000011
2026-01-16,2026-01-19,1809,22.75,0.21333333333333337,0.098901098901099,0.05,0.00494505494505495
2026-01-16,2026-01-19,1536,64.7,0.19814814814814818,-0.015455950540958274,0.05,-0.0007727975270479138
2026-01-16,2026-01-19,2367,36.65,0.19771241830065356,0.012278308321964637,0.05,0.0006139154160982319
2026-01-16,2026-01-19,1802,41.8,0.19428571428571417,0.09928229665071786,0.05,0.004964114832535893
2026-01-16,2026-01-19,1303,73.8,0.19224555735056548,0.07588075880758827,0.05,0.0037940379403794133
2026-01-16,2026-01-19,2025,14.05,0.19067796610169485,-0.003558718861210064,0.05,-0.00017793594306050322
2026-01-16,2026-01-19,2327,283.0,0.17184265010351973,0.044169611307420586,0.05,0.0022084805653710296
2026-01-16,2026-01-19,1514,114.0,0.16564417177914104,0.05263157894736836,0.05,0.0026315789473684184
2026-01-16,2026-01-19,1617,16.8,0.16262975778546718,0.02083333333333326,0.05,0.001041666666666663
2026-01-16,2026-01-19,1795,337.5,0.15384615384615374,-0.053333333333333344,0.05,-0.0026666666666666674
2026-01-16,2026-01-19,2375,104.5,0.1534216335540839,0.02392344497607657,0.05,0.0011961722488038286
2026-01-16,2026-01-19,1539,19.6,0.14956011730205288,0.09948979591836737,0.05,0.004974489795918369
2026-01-16,2026-01-19,1529,22.3,0.14948453608247436,0.024663677130044803,0.05,0.0012331838565022403
2026-01-19,2026-01-20,1721,22.05,0.4364820846905537,-0.05442176870748294,0.05,-0.0027210884353741473
2026-01-19,2026-01-20,2312,35.4,0.4131736526946106,-0.012711864406779516,0.05,-0.0006355932203389758
2026-01-19,2026-01-20,1528,31.15,0.38752783964365256,0.017656500802568198,0.05,0.00088282504012841
2026-01-19,2026-01-20,1802,45.95,0.31850789096126264,0.09902067464635467,0.05,0.004951033732317734
2026-01-19,2026-01-20,1717,70.3,0.29944547134935307,-0.005689900426742445,0.05,-0.00028449502133712223
2026-01-19,2026-01-20,1809,25.0,0.2953367875647668,0.1,0.05,0.005000000000000001
2026-01-19,2026-01-20,1539,21.55,0.26392961876832843,-0.04176334106728552,0.05,-0.0020881670533642763
2026-01-19,2026-01-20,2371,40.15,0.23728813559322015,0.06475716064757164,0.05,0.003237858032378582
2026-01-19,2026-01-20,1541,28.05,0.23568281938326008,0.04634581105169344,0.05,0.002317290552584672
2026-01-19,2026-01-20,1517,13.45,0.23394495412844019,-0.044609665427509215,0.05,-0.002230483271375461
2026-01-19,2026-01-20,1526,20.55,0.2305389221556886,0.0997566909975669,0.05,0.004987834549878345
2026-01-19,2026-01-20,1303,79.4,0.2272024729520865,-0.03778337531486142,0.05,-0.0018891687657430713
2026-01-19,2026-01-20,1514,120.0,0.21212121212121215,0.05833333333333335,0.05,0.0029166666666666677
2026-01-19,2026-01-20,2337,73.7,0.20424836601307184,0.042062415196743475,0.05,0.0021031207598371736
2026-01-19,2026-01-20,2025,14.0,0.19658119658119655,-0.042857142857142816,0.05,-0.002142857142857141
2026-01-19,2026-01-20,2327,295.5,0.19393939393939386,-0.02030456852791873,0.05,-0.0010152284263959365
2026-01-19,2026-01-20,1540,27.3,0.19213973799126638,0.005494505494505475,0.05,0.00027472527472527375
2026-01-19,2026-01-20,1524,35.15,0.1835016835016834,-0.017069701280227667,0.05,-0.0008534850640113834
2026-01-19,2026-01-20,1617,17.15,0.18275862068965498,0.0,0.05,0.0
2026-01-19,2026-01-20,1536,63.7,0.17527675276752763,-0.0031397174254317317,0.05,-0.0001569858712715866
2026-01-20,2026-01-21,1802,50.5,0.4831130690161529,0.06930693069306937,0.05,0.0034653465346534684
2026-01-20,2026-01-21,1809,27.5,0.43229166666666674,0.032727272727272716,0.05,0.0016363636363636359
2026-01-20,2026-01-21,1528,31.7,0.43115124153498874,-0.04416403785488954,0.05,-0.0022082018927444768
2026-01-20,2026-01-21,1526,22.6,0.35735735735735763,0.042035398230088505,0.05,0.002101769911504425
2026-01-20,2026-01-21,1721,20.85,0.3451612903225807,-0.05995203836930452,0.05,-0.002997601918465226
2026-01-20,2026-01-21,1541,29.35,0.3102678571428572,-0.022146507666098825,0.05,-0.0011073253833049413
2026-01-20,2026-01-21,1514,127.0,0.2828282828282829,0.09842519685039375,0.05,0.004921259842519688
2026-01-20,2026-01-21,2312,34.95,0.2686025408348458,-0.03433476394849788,0.05,-0.0017167381974248941
2026-01-20,2026-01-21,2337,76.8,0.26108374384236455,-0.04557291666666663,0.05,-0.0022786458333333317
2026-01-20,2026-01-21,1303,76.4,0.22829581993569126,-0.035340314136125706,0.05,-0.0017670157068062854
2026-01-20,2026-01-21,1539,20.65,0.21114369501466257,-0.007263922518159771,0.05,-0.00036319612590798855
2026-01-20,2026-01-21,1513,176.5,0.20068027210884343,0.0056657223796034994,0.05,0.000283286118980175
2026-01-20,2026-01-21,2371,42.75,0.19915848527349223,-0.039766081871345116,0.05,-0.0019883040935672557
2026-01-20,2026-01-21,1540,27.45,0.1883116883116882,-0.03460837887067392,0.05,-0.001730418943533696
2026-01-20,2026-01-21,1617,17.15,0.18275862068965498,-0.020408163265306034,0.05,-0.0010204081632653017
2026-01-20,2026-01-21,2329,69.9,0.1807432432432432,-0.08726752503576551,0.05,-0.0043633762517882755
2026-01-20,2026-01-21,1717,69.9,0.1747899159663866,-0.045779685264663805,0.05,-0.0022889842632331904
2026-01-20,2026-01-21,1536,63.5,0.17375231053604434,-0.022047244094488216,0.05,-0.0011023622047244108
2026-01-20,2026-01-21,1524,34.55,0.17118644067796596,-0.0014471780028942893,0.05,-7.235890014471446e-05
2026-01-20,2026-01-21,1789,28.25,0.1697722567287785,-0.060176991150442505,0.05,-0.0030088495575221253
2026-01-21,2026-01-22,1802,54.0,0.5629522431259046,-0.051851851851851816,0.05,-0.002592592592592591
2026-01-21,2026-01-22,1809,28.4,0.41999999999999993,-0.07394366197183089,0.05,-0.0036971830985915444
2026-01-21,2026-01-22,1526,23.55,0.39349112426035515,-0.05732484076433131,0.05,-0.0028662420382165655
2026-01-21,2026-01-22,1514,139.5,0.2857142857142858,0.007168458781362075,0.05,0.0003584229390681038
2026-01-21,2026-01-22,1528,30.3,0.24948453608247423,-0.07590759075907594,0.05,-0.003795379537953797
2026-01-21,2026-01-22,1541,28.7,0.24782608695652164,-0.06445993031358876,0.05,-0.0032229965156794385
2026-01-21,2026-01-22,2337,73.3,0.21963394342762066,0.0013642564802183177,0.05,6.821282401091589e-05
2026-01-21,2026-01-22,2367,40.8,0.1757925072046107,-0.017156862745097978,0.05,-0.0008578431372548989
2026-01-21,2026-01-22,1529,25.6,0.17431192660550465,0.048828125,0.05,0.00244140625
2026-01-21,2026-01-22,1539,20.5,0.16809116809116809,-0.017073170731707332,0.05,-0.0008536585365853666
2026-01-21,2026-01-22,1303,73.7,0.16246056782334395,0.05563093622795101,0.05,0.002781546811397551
2026-01-21,2026-01-22,2363,56.9,0.15065722952477234,-0.03163444639718804,0.05,-0.0015817223198594022
2026-01-21,2026-01-22,1721,19.6,0.14956011730205288,-0.028061224489795977,0.05,-0.0014030612244897989
2026-01-21,2026-01-22,1524,34.5,0.14808652246256226,0.005797101449275477,0.05,0.00028985507246377385
2026-01-21,2026-01-22,1445,14.1,0.14634146341463405,0.03546099290780136,0.05,0.001773049645390068
2026-01-21,2026-01-22,1617,16.8,0.14285714285714302,0.04761904761904767,0.05,0.0023809523809523838
2026-01-21,2026-01-22,2302,21.35,0.1417112299465242,-0.021077283372365474,0.05,-0.0010538641686182737
2026-01-21,2026-01-22,2351,86.0,0.13756613756613767,0.03372093023255829,0.05,0.0016860465116279146
2026-01-21,2026-01-22,1513,177.5,0.1305732484076434,0.036619718309859106,0.05,0.0018309859154929554
2026-01-21,2026-01-22,2312,33.75,0.11386138613861374,-0.09925925925925927,0.05,-0.004962962962962964
2026-01-22,2026-01-23,1514,140.5,0.35096153846153855,0.014234875444839812,0.05,0.0007117437722419907
2026-01-22,2026-01-23,1802,51.2,0.34736842105263155,-0.02734375000000011,0.05,-0.0013671875000000056
2026-01-22,2026-01-23,1526,22.2,0.3058823529411765,-0.04504504504504503,0.05,-0.0022522522522522514
2026-01-22,2026-01-23,1809,26.3,0.27053140096618367,-0.03992395437262364,0.05,-0.001996197718631182
2026-01-22,2026-01-23,1529,26.85,0.26650943396226423,0.009310986964618184,0.05,0.0004655493482309092
2026-01-22,2026-01-23,1513,184.0,0.2185430463576159,0.0,0.05,0.0
2026-01-22,2026-01-23,1445,14.6,0.18699186991869898,-0.023972602739726012,0.05,-0.0011986301369863008
2026-01-22,2026-01-23,2337,73.4,0.18578352180936997,-0.0558583106267031,0.05,-0.002792915531335155
2026-01-22,2026-01-23,1609,47.3,0.17955112219451363,-0.09196617336152213,0.05,-0.004598308668076106
2026-01-22,2026-01-23,2351,88.9,0.16973684210526319,-0.04836895388076501,0.05,-0.0024184476940382507
2026-01-22,2026-01-23,2342,38.95,0.1661676646706589,-0.08729139922978191,0.05,-0.004364569961489095
2026-01-22,2026-01-23,2356,51.2,0.1596828992072481,-0.0625,0.05,-0.003125
2026-01-22,2026-01-23,1541,26.85,0.15732758620689657,-0.02420856610800748,0.05,-0.001210428305400374
2026-01-22,2026-01-23,1618,49.3,0.1518691588785046,0.016227180527383478,0.05,0.000811359026369174
2026-01-22,2026-01-23,1471,11.05,0.1333333333333333,0.09954751131221706,0.05,0.004977375565610853
2026-01-22,2026-01-23,2363,55.1,0.12909836065573788,-0.029038112522686066,0.05,-0.0014519056261343033
2026-01-22,2026-01-23,1539,20.15,0.12885154061624626,-0.027295285359801302,0.05,-0.0013647642679900651
2026-01-22,2026-01-23,1524,34.7,0.12297734627831725,-0.02449567723342938,0.05,-0.001224783861671469
2026-01-22,2026-01-23,2302,20.9,0.11764705882352944,0.011961722488038173,0.05,0.0005980861244019088
2026-01-22,2026-01-23,1303,77.8,0.11621233859397417,-0.00899742930591263,0.05,-0.0004498714652956315
2026-01-23,2026-01-26,1514,142.5,0.25,-0.024561403508771895,0.05,-0.0012280701754385948
2026-01-23,2026-01-26,1471,12.15,0.23979591836734682,0.09876543209876543,0.05,0.0049382716049382715
2026-01-23,2026-01-26,1529,27.1,0.2152466367713004,-0.022140221402214055,0.05,-0.0011070110701107028
2026-01-23,2026-01-26,2313,171.0,0.204225352112676,0.03508771929824572,0.05,0.0017543859649122862
2026-01-23,2026-01-26,2367,44.1,0.203274215552524,0.09977324263038545,0.05,0.0049886621315192725
2026-01-23,2026-01-26,1802,49.8,0.19138755980861255,0.04016064257028118,0.05,0.002008032128514059
2026-01-23,2026-01-26,1445,14.25,0.15853658536585358,0.024561403508772006,0.05,0.0012280701754386004
2026-01-23,2026-01-26,1513,184.0,0.1499999999999999,-0.016304347826086918,0.05,-0.0008152173913043459
2026-01-23,2026-01-26,1618,50.1,0.14645308924485123,-0.027944111776447067,0.05,-0.0013972055888223534
2026-01-23,2026-01-26,1526,21.2,0.1336898395721926,0.09905660377358494,0.05,0.004952830188679248
2026-01-23,2026-01-26,2355,39.35,0.13074712643678166,0.003811944091486552,0.05,0.00019059720457432762
2026-01-23,2026-01-26,2352,28.2,0.12350597609561742,-0.04787234042553179,0.05,-0.0023936170212765897
2026-01-23,2026-01-26,1809,25.25,0.10989010989010994,0.0990099009900991,0.05,0.004950495049504955
2026-01-23,2026-01-26,2383,1800.0,0.10769230769230775,-0.033333333333333326,0.05,-0.0016666666666666663
2026-01-23,2026-01-26,2302,21.15,0.10732984293193693,-0.016548463356973908,0.05,-0.0008274231678486954
2026-01-23,2026-01-26,2351,84.6,0.09302325581395343,0.0484633569739954,0.05,0.00242316784869977
2026-01-23,2026-01-26,2356,48.0,0.08229988726042836,-0.030208333333333393,0.05,-0.0015104166666666697
2026-01-23,2026-01-26,2324,33.35,0.08103727714748787,-0.03298350824587715,0.05,-0.0016491754122938574
2026-01-23,2026-01-26,2363,53.5,0.08080808080808088,0.028037383177569986,0.05,0.0014018691588784994
2026-01-23,2026-01-26,1603,42.7,0.07828282828282829,0.0,0.05,0.0
2026-01-26,2026-01-27,1471,13.35,0.31527093596059097,0.09737827715355807,0.05,0.004868913857677903
2026-01-26,2026-01-27,2367,48.5,0.30727762803234504,0.03298969072164959,0.05,0.0016494845360824795
2026-01-26,2026-01-27,2313,177.0,0.23344947735191646,-0.04519774011299438,0.05,-0.002259887005649719
2026-01-26,2026-01-27,1445,14.6,0.18218623481781382,-0.013698630136986245,0.05,-0.0006849315068493123
2026-01-26,2026-01-27,1529,26.5,0.15973741794310725,-0.04528301886792452,0.05,-0.002264150943396226
2026-01-26,2026-01-27,1514,139.0,0.15833333333333344,-0.043165467625899234,0.05,-0.002158273381294962
2026-01-26,2026-01-27,1526,23.3,0.13381995133819946,-0.05579399141630903,0.05,-0.002789699570815452
2026-01-26,2026-01-27,2351,88.7,0.13282247765006394,0.01014656144306647,0.05,0.0005073280721533236
2026-01-26,2026-01-27,1513,181.0,0.12772585669781922,-0.02209944751381221,0.05,-0.0011049723756906104
2026-01-26,2026-01-27,1802,51.8,0.1273122959738846,-0.007722007722007707,0.05,-0.00038610038610038534
2026-01-26,2026-01-27,2355,39.5,0.11581920903954801,-0.04683544303797471,0.05,-0.0023417721518987356
2026-01-26,2026-01-27,2365,40.7,0.11202185792349728,-0.03439803439803457,0.05,-0.0017199017199017287
2026-01-26,2026-01-27,1809,27.75,0.1100000000000001,-0.037837837837837895,0.05,-0.001891891891891895
2026-01-26,2026-01-27,2374,89.4,0.1091811414392061,-0.0011185682326623203,0.05,-5.592841163311602e-05
2026-01-26,2026-01-27,2383,1740.0,0.10126582278481022,0.04597701149425282,0.05,0.002298850574712641
2026-01-26,2026-01-27,1618,48.7,0.09192825112107617,-0.02772073921971252,0.05,-0.0013860369609856261
2026-01-26,2026-01-27,2049,246.5,0.07173913043478253,0.04056795131845847,0.05,0.002028397565922924
2026-01-26,2026-01-27,1603,42.7,0.07017543859649145,-0.005854800936768156,0.05,-0.0002927400468384078
2026-01-26,2026-01-27,2360,1015.0,0.06842105263157894,0.019704433497536922,0.05,0.0009852216748768461
2026-01-26,2026-01-27,2368,666.0,0.06730769230769229,0.03003003003003002,0.05,0.001501501501501501
2026-01-27,2026-01-28,1471,14.65,0.4504950495049507,-0.05119453924914674,0.05,-0.0025597269624573374
2026-01-27,2026-01-28,2367,50.1,0.33067729083665354,-0.003992015968063978,0.05,-0.0001996007984031989
2026-01-27,2026-01-28,1455,10.3,0.2842892768079801,-0.0893203883495145,0.05,-0.004466019417475725
2026-01-27,2026-01-28,2363,60.5,0.16795366795366795,-0.0380165289256198,0.05,-0.00190082644628099
2026-01-27,2026-01-28,2313,169.0,0.14189189189189189,0.041420118343195256,0.05,0.002071005917159763
2026-01-27,2026-01-28,1325,32.55,0.13020833333333326,0.09984639016897079,0.05,0.00499231950844854
2026-01-27,2026-01-28,2383,1820.0,0.12693498452012375,0.04395604395604402,0.05,0.0021978021978022013
2026-01-27,2026-01-28,1732,30.4,0.11355311355311337,0.09868421052631571,0.05,0.004934210526315786
2026-01-27,2026-01-28,2374,89.3,0.10246913580246919,0.02015677491601342,0.05,0.001007838745800671
2026-01-27,2026-01-28,1795,345.0,0.09872611464968162,0.0028985507246377384,0.05,0.00014492753623188693
2026-01-27,2026-01-28,2049,256.5,0.09850107066381164,0.011695906432748648,0.05,0.0005847953216374324
2026-01-27,2026-01-28,1453,13.3,0.094650205761317,-0.0413533834586467,0.05,-0.002067669172932335
2026-01-27,2026-01-28,2368,686.0,0.0888888888888888,0.04956268221574334,0.05,0.002478134110787167
2026-01-27,2026-01-28,2365,39.3,0.08115543328748265,0.058524173027989956,0.05,0.002926208651399498
2026-01-27,2026-01-28,1582,72.5,0.07726597325408613,-0.020689655172413834,0.05,-0.0010344827586206919
2026-01-27,2026-01-28,2351,89.6,0.07048984468339303,0.07366071428571441,0.05,0.0036830357142857207
2026-01-27,2026-01-28,1304,12.3,0.06956521739130439,0.016260162601625883,0.05,0.0008130081300812942
2026-01-27,2026-01-28,1313,11.35,0.06572769953051627,0.008810572687224738,0.05,0.0004405286343612369
2026-01-27,2026-01-28,1309,12.5,0.06382978723404253,0.0040000000000000036,0.05,0.0002000000000000002
2026-01-27,2026-01-28,1445,14.4,0.0627306273062731,-0.01736111111111116,0.05,-0.0008680555555555581
2026-01-28,2026-01-29,1471,13.9,0.3830845771144278,-0.08633093525179869,0.05,-0.004316546762589935
2026-01-28,2026-01-29,1325,35.8,0.24090121317157687,-0.09916201117318424,0.05,-0.004958100558659213
2026-01-28,2026-01-29,1732,33.4,0.2279411764705883,-0.09880239520958078,0.05,-0.00494011976047904
2026-01-28,2026-01-29,2367,49.9,0.2230392156862746,0.01002004008016022,0.05,0.000501002004008011
2026-01-28,2026-01-29,2313,176.0,0.2179930795847751,0.011363636363636465,0.05,0.0005681818181818232
2026-01-28,2026-01-29,2383,1900.0,0.21794871794871784,-0.05789473684210522,0.05,-0.002894736842105261
2026-01-28,2026-01-29,2368,720.0,0.20805369127516782,-0.03888888888888886,0.05,-0.001944444444444443
2026-01-28,2026-01-29,2344,127.0,0.2037914691943128,0.023622047244094446,0.05,0.0011811023622047224
2026-01-28,2026-01-29,2337,83.8,0.14324693042291958,0.0990453460620524,0.05,0.00495226730310262
2026-01-28,2026-01-29,2365,41.6,0.13972602739726026,0.009615384615384581,0.05,0.00048076923076922906
2026-01-28,2026-01-29,1795,346.0,0.13815789473684204,0.028901734104046284,0.05,0.0014450867052023142
2026-01-28,2026-01-29,2049,259.5,0.12095032397408212,-0.0077071290944122905,0.05,-0.00038535645472061457
2026-01-28,2026-01-29,2351,96.2,0.11860465116279073,-0.04365904365904372,0.05,-0.002182952182952186
2026-01-28,2026-01-29,2374,91.1,0.10424242424242425,0.03841931942919863,0.05,0.0019209659714599316
2026-01-28,2026-01-29,1304,12.5,0.10132158590308382,-0.015999999999999903,0.05,-0.0007999999999999952
2026-01-28,2026-01-29,1626,12.0,0.09589041095890427,-0.029166666666666674,0.05,-0.0014583333333333338
2026-01-28,2026-01-29,1313,11.45,0.09569377990430628,-0.008733624454148492,0.05,-0.0004366812227074246
2026-01-28,2026-01-29,1303,80.5,0.09226594301221169,-0.042236024844720554,0.05,-0.0021118012422360276
2026-01-28,2026-01-29,2388,56.7,0.08829174664107486,-0.040564373897707284,0.05,-0.002028218694885364
2026-01-28,2026-01-29,2359,141.5,0.08429118773946365,-0.03180212014134276,0.05,-0.001590106007067138
2026-01-29,2026-01-30,2367,50.4,0.2568578553615959,0.02777777777777768,0.05,0.001388888888888884
2026-01-29,2026-01-30,2337,92.1,0.25476839237057214,0.007600434310532034,0.05,0.0003800217155266017
2026-01-29,2026-01-30,2344,130.0,0.2440191387559809,-0.011538461538461497,0.05,-0.0005769230769230749
2026-01-29,2026-01-30,2014,18.75,0.15384615384615374,0.05333333333333323,0.05,0.002666666666666662
2026-01-29,2026-01-30,1471,12.7,0.1493212669683257,-0.015748031496062964,0.05,-0.0007874015748031483
2026-01-29,2026-01-30,1453,14.0,0.14754098360655754,-0.05714285714285716,0.05,-0.0028571428571428584
2026-01-29,2026-01-30,2028,20.45,0.14565826330532206,-0.017114914425427785,0.05,-0.0008557457212713893
2026-01-29,2026-01-30,2313,178.0,0.144694533762058,-0.050561797752809,0.05,-0.00252808988764045
2026-01-29,2026-01-30,2365,42.0,0.1428571428571428,-0.0714285714285714,0.05,-0.00357142857142857
2026-01-29,2026-01-30,2009,54.9,0.1354705274043433,-0.08743169398907102,0.05,-0.004371584699453551
2026-01-29,2026-01-30,1795,356.0,0.13375796178343946,0.014044943820224809,0.05,0.0007022471910112405
2026-01-29,2026-01-30,2027,40.2,0.12133891213389125,-0.022388059701492713,0.05,-0.0011194029850746356
2026-01-29,2026-01-30,1325,32.25,0.1101549053356281,-0.06511627906976747,0.05,-0.0032558139534883735
2026-01-29,2026-01-30,2368,692.0,0.10543130990415328,0.013005780346820872,0.05,0.0006502890173410436
2026-01-29,2026-01-30,2049,257.5,0.10278372591006435,-0.029126213592232997,0.05,-0.0014563106796116499
2026-01-29,2026-01-30,1732,30.1,0.10054844606946989,-0.07308970099667789,0.05,-0.0036544850498338947
2026-01-29,2026-01-30,2374,94.6,0.0974477958236657,-0.09936575052854113,0.05,-0.0049682875264270565
2026-01-29,2026-01-30,1313,11.35,0.09661835748792269,-0.017621145374449254,0.05,-0.0008810572687224628
2026-01-29,2026-01-30,2069,20.75,0.0949868073878628,-0.002409638554216942,0.05,-0.0001204819277108471
2026-01-29,2026-01-30,2032,17.4,0.09433962264150941,0.031609195402298784,0.05,0.0015804597701149393
2026-01-30,2026-02-02,2337,92.8,0.33910533910533913,-0.08620689655172409,0.05,-0.004310344827586204
2026-01-30,2026-02-02,2344,128.5,0.24757281553398047,-0.09727626459143968,0.05,-0.0048638132295719845
2026-01-30,2026-02-02,2014,19.75,0.19696969696969702,0.010126582278481067,0.05,0.0005063291139240534
2026-01-30,2026-02-02,2367,51.8,0.17460317460317443,-0.05019305019305009,0.05,-0.002509652509652505
2026-01-30,2026-02-02,1795,361.0,0.12111801242236031,-0.018005540166205036,0.05,-0.0009002770083102519
2026-01-30,2026-02-02,1590,1140.0,0.11764705882352944,0.026315789473684292,0.05,0.0013157894736842146
2026-01-30,2026-02-02,2038,16.55,0.11073825503355716,0.0030211480362538623,0.05,0.00015105740181269313
2026-01-30,2026-02-02,2032,17.95,0.10802469135802473,-0.0362116991643453,0.05,-0.0018105849582172651
2026-01-30,2026-02-02,2028,20.1,0.10136986301369877,-0.022388059701492713,0.05,-0.0011194029850746356
2026-01-30,2026-02-02,1453,13.2,0.08641975308641969,0.015151515151515138,0.05,0.0007575757575757569
2026-01-30,2026-02-02,2368,701.0,0.08513931888544901,0.007132667617689048,0.05,0.0003566333808844524
2026-01-30,2026-02-02,2002,20.75,0.08355091383812008,0.01686746987951815,0.05,0.0008433734939759075
2026-01-30,2026-02-02,2027,39.3,0.0826446280991735,-0.020356234096692072,0.05,-0.0010178117048346036
2026-01-30,2026-02-02,2049,250.0,0.08225108225108224,-0.07999999999999996,0.05,-0.003999999999999998
2026-01-30,2026-02-02,2034,22.55,0.06872037914691931,-0.024390243902439046,0.05,-0.0012195121951219523
2026-01-30,2026-02-02,1313,11.15,0.06698564593301448,-0.08071748878923768,0.05,-0.0040358744394618845
2026-01-30,2026-02-02,2069,20.7,0.06153846153846154,-0.01449275362318847,0.05,-0.0007246376811594236
2026-01-30,2026-02-02,1626,11.6,0.05936073059360725,-0.051724137931034475,0.05,-0.002586206896551724
2026-01-30,2026-02-02,2023,15.55,0.057823129251700855,-0.02893890675241162,0.05,-0.001446945337620581
2026-01-30,2026-02-02,2033,16.85,0.056426332288401326,-0.02670623145400608,0.05,-0.0013353115727003041
2026-02-02,2026-02-03,2014,19.95,0.1700879765395893,-0.02506265664160401,0.05,-0.0012531328320802004
2026-02-02,2026-02-03,1590,1170.0,0.16417910447761197,0.004273504273504258,0.05,0.00021367521367521292
2026-02-02,2026-02-03,2337,84.8,0.11286089238845132,-0.003537735849056589,0.05,-0.00017688679245282947
2026-02-02,2026-02-03,1453,13.4,0.1074380165289257,-0.026119402985074647,0.05,-0.0013059701492537325
2026-02-02,2026-02-03,2038,16.6,0.09210526315789491,-0.03614457831325313,0.05,-0.0018072289156626565
2026-02-02,2026-02-03,2002,21.1,0.07379134860050907,-0.021327014218009643,0.05,-0.0010663507109004821
2026-02-02,2026-02-03,1795,354.5,0.06938159879336347,0.021156558533145242,0.05,0.001057827926657262
2026-02-02,2026-02-03,2028,19.65,0.06793478260869557,-0.020356234096692072,0.05,-0.0010178117048346036
2026-02-02,2026-02-03,2368,706.0,0.06006006006006004,0.06940509915014159,0.05,0.0034702549575070796
2026-02-02,2026-02-03,1325,30.85,0.042229729729729826,-0.022690437601296742,0.05,-0.001134521880064837
2026-02-02,2026-02-03,2353,27.2,0.040152963671128195,-0.03676470588235292,0.05,-0.0018382352941176462
2026-02-02,2026-02-03,2069,20.4,0.032911392405063244,-0.0490196078431373,0.05,-0.0024509803921568653
2026-02-02,2026-02-03,2032,17.3,0.032835820895522394,-0.028901734104046284,0.05,-0.0014450867052023142
2026-02-02,2026-02-03,1463,17.75,0.03197674418604657,0.0028169014084507005,0.05,0.00014084507042253503
2026-02-02,2026-02-03,2027,38.5,0.026666666666666616,-0.00909090909090915,0.05,-0.00045454545454545747
2026-02-02,2026-02-03,2344,116.0,0.026548672566371723,-0.09051724137931039,0.05,-0.004525862068965519
2026-02-02,2026-02-03,2383,1785.0,0.02586206896551735,0.03921568627450989,0.05,0.0019607843137254945
2026-02-02,2026-02-03,1732,28.2,0.019891500904159143,0.0,0.05,0.0
2026-02-02,2026-02-03,1414,19.65,0.018134715025906578,-0.025445292620865145,0.05,-0.0012722646310432573
2026-02-02,2026-02-03,1466,14.65,0.01736111111111116,0.0068259385665527805,0.05,0.00034129692832763904
2026-02-03,2026-02-05,2014,19.45,0.16119402985074616,-0.028277634961439646,0.05,-0.0014138817480719825
2026-02-03,2026-02-05,1590,1175.0,0.14634146341463405,0.05957446808510647,0.05,0.0029787234042553236
2026-02-03,2026-02-05,1735,18.5,0.11445783132530107,-0.05135135135135127,0.05,-0.002567567567567564
2026-02-03,2026-02-05,2337,84.5,0.10892388451443558,0.04023668639053257,0.05,0.002011834319526629
2026-02-03,2026-02-05,2368,755.0,0.10058309037900881,0.0066225165562914245,0.05,0.00033112582781457127
2026-02-03,2026-02-05,1445,15.55,0.07986111111111116,0.016077170418006492,0.05,0.0008038585209003247
2026-02-03,2026-02-05,2367,54.1,0.07984031936127733,0.06469500924214411,0.05,0.0032347504621072056
2026-02-03,2026-02-05,2038,16.0,0.07744107744107742,-0.018750000000000044,0.05,-0.0009375000000000022
2026-02-03,2026-02-05,2313,181.5,0.07396449704142016,-0.030303030303030276,0.05,-0.0015151515151515138
2026-02-03,2026-02-05,2002,20.65,0.06718346253229956,0.014527845036319542,0.05,0.0007263922518159771
2026-02-03,2026-02-05,2028,19.25,0.05769230769230771,-0.01558441558441559,0.05,-0.0007792207792207795
2026-02-03,2026-02-05,2355,39.8,0.05710491367861881,0.007537688442211143,0.05,0.0003768844221105572
2026-02-03,2026-02-05,1795,362.0,0.049275362318840665,-0.03314917127071826,0.05,-0.001657458563535913
2026-02-03,2026-02-05,1463,17.8,0.028901734104046284,-0.002808988764045006,0.05,-0.00014044943820225032
2026-02-03,2026-02-05,2032,16.8,0.02752293577981657,-0.017857142857142905,0.05,-0.0008928571428571453
2026-02-03,2026-02-05,2345,1185.0,0.025974025974025983,-0.05063291139240511,0.05,-0.002531645569620256
2026-02-03,2026-02-05,2034,21.9,0.025761124121779666,0.0022831050228311334,0.05,0.00011415525114155667
2026-02-03,2026-02-05,2353,26.2,0.021442495126705596,0.024809160305343525,0.05,0.0012404580152671763
2026-02-03,2026-02-05,1442,29.5,0.02076124567474058,0.015254237288135464,0.05,0.0007627118644067733
2026-02-03,2026-02-05,2383,1855.0,0.019230769230769162,0.05121293800539073,0.05,0.0025606469002695366
2026-02-05,2026-02-06,1590,1245.0,0.21463414634146338,-0.04016064257028118,0.05,-0.002008032128514059
2026-02-05,2026-02-06,2367,57.6,0.15430861723446898,-0.07118055555555558,0.05,-0.003559027777777779
2026-02-05,2026-02-06,1445,15.8,0.11660777385159005,-0.015822784810126556,0.05,-0.0007911392405063278
2026-02-05,2026-02-06,2014,18.9,0.10850439882697938,-0.042328042328042215,0.05,-0.002116402116402111
2026-02-05,2026-02-06,2355,40.1,0.07795698924731176,-0.061097256857855387,0.05,-0.0030548628428927697
2026-02-05,2026-02-06,1735,17.55,0.07339449541284404,-0.04843304843304852,0.05,-0.0024216524216524263
2026-02-05,2026-02-06,2002,20.95,0.06887755102040805,-0.026252983293556076,0.05,-0.0013126491646778039
2026-02-05,2026-02-06,2368,760.0,0.05555555555555558,-0.019736842105263164,0.05,-0.0009868421052631581
2026-02-05,2026-02-06,2353,26.85,0.050880626223092085,-0.011173184357541888,0.05,-0.0005586592178770944
2026-02-05,2026-02-06,2337,87.9,0.04892601431980914,-0.08077360637087605,0.05,-0.004038680318543803
2026-02-05,2026-02-06,2038,15.7,0.046666666666666634,-0.03503184713375784,0.05,-0.0017515923566878923
2026-02-05,2026-02-06,1466,15.15,0.04482758620689653,0.09900990099009888,0.05,0.0049504950495049445
2026-02-05,2026-02-06,1256,164.0,0.041269841269841345,0.0060975609756097615,0.05,0.0003048780487804881
2026-02-05,2026-02-06,1442,29.95,0.03812824956672434,-0.010016694490818101,0.05,-0.000500834724540905
2026-02-05,2026-02-06,2029,21.8,0.028301886792452935,-0.01834862385321112,0.05,-0.0009174311926605561
2026-02-05,2026-02-06,1721,19.5,0.026315789473684292,-0.07179487179487176,0.05,-0.0035897435897435884
2026-02-05,2026-02-06,2383,1950.0,0.026315789473684292,-0.012820512820512775,0.05,-0.0006410256410256387
2026-02-05,2026-02-06,1477,319.0,0.025723472668810254,-0.0031347962382445305,0.05,-0.00015673981191222653
2026-02-05,2026-02-06,1342,96.9,0.02539682539682553,0.03199174406604732,0.05,0.0015995872033023662
2026-02-05,2026-02-06,1472,89.6,0.02400000000000002,0.0044642857142858094,0.05,0.00022321428571429048
2026-02-06,2026-02-09,1590,1195.0,0.14903846153846145,0.01673640167364021,0.05,0.0008368200836820106
2026-02-06,2026-02-09,1466,16.65,0.13651877133105783,0.03603603603603611,0.05,0.0018018018018018057
2026-02-06,2026-02-09,2368,745.0,0.07658959537572252,0.06979865771812088,0.05,0.003489932885906044
2026-02-06,2026-02-09,1445,15.55,0.0761245674740485,-0.019292604501607746,0.05,-0.0009646302250803873
2026-02-06,2026-02-09,2383,1925.0,0.07541899441340782,0.08051948051948044,0.05,0.004025974025974022
2026-02-06,2026-02-09,2367,53.5,0.06150793650793651,0.0,0.05,0.0
2026-02-06,2026-02-09,1342,100.0,0.0604453870625663,0.020000000000000018,0.05,0.0010000000000000009
2026-02-06,2026-02-09,2393,58.8,0.03703703703703698,-0.008503401360544172,0.05,-0.0004251700680272086
2026-02-06,2026-02-09,1463,18.0,0.034482758620689724,0.002777777777777768,0.05,0.0001388888888888884
2026-02-06,2026-02-09,2353,26.55,0.0330739299610896,-0.0018832391713747842,0.05,-9.416195856873922e-05
2026-02-06,2026-02-09,1472,90.0,0.032110091743119185,0.01333333333333342,0.05,0.000666666666666671
2026-02-06,2026-02-09,1476,417.0,0.027093596059113212,0.01678657074340517,0.05,0.0008393285371702587
2026-02-06,2026-02-09,1216,74.2,0.024861878453038555,-0.013477088948787075,0.05,-0.0006738544474393538
2026-02-06,2026-02-09,2385,119.5,0.02136752136752129,0.004184100418409997,0.05,0.00020920502092049988
2026-02-06,2026-02-09,2345,1190.0,0.017094017094017033,0.09663865546218497,0.05,0.004831932773109249
2026-02-06,2026-02-09,2206,60.7,0.01675041876046901,0.0032948929159801743,0.05,0.00016474464579900873
2026-02-06,2026-02-09,1477,318.0,0.015974440894568787,-0.01572327044025157,0.05,-0.0007861635220125784
2026-02-06,2026-02-09,1414,19.6,0.015544041450777257,0.005102040816326481,0.05,0.00025510204081632406
2026-02-06,2026-02-09,1256,165.0,0.01538461538461533,-0.0636363636363636,0.05,-0.00318181818181818
2026-02-06,2026-02-09,1712,46.5,0.015283842794759916,-0.008602150537634357,0.05,-0.00043010752688171783
2026-02-09,2026-02-10,2383,2080.0,0.1919770773638969,0.012019230769230838,0.05,0.000600961538461542
2026-02-09,2026-02-10,1466,17.25,0.1774744027303754,0.02608695652173898,0.05,0.001304347826086949
2026-02-09,2026-02-10,2345,1305.0,0.17040358744394624,0.06513409961685834,0.05,0.0032567049808429173
2026-02-09,2026-02-10,2368,797.0,0.1369472182596292,0.06148055207026348,0.05,0.0030740276035131743
2026-02-09,2026-02-10,1342,102.0,0.09324758842443726,0.004901960784313708,0.05,0.0002450980392156854
2026-02-09,2026-02-10,1735,17.25,0.06811145510835925,-0.03188405797101457,0.05,-0.0015942028985507285
2026-02-09,2026-02-10,1476,424.0,0.06801007556675054,0.011792452830188704,0.05,0.0005896226415094352
2026-02-09,2026-02-10,1434,17.75,0.06606606606606613,-0.014084507042253502,0.05,-0.0007042253521126751
2026-02-09,2026-02-10,1590,1215.0,0.06578947368421062,0.012345679012345734,0.05,0.0006172839506172868
2026-02-09,2026-02-10,1445,15.25,0.06271777003484313,-0.006557377049180357,0.05,-0.0003278688524590179
2026-02-09,2026-02-10,2301,173.5,0.05792682926829262,0.023054755043227626,0.05,0.0011527377521613814
2026-02-09,2026-02-10,2353,26.5,0.055776892430278835,0.020754716981132182,0.05,0.0010377358490566092
2026-02-09,2026-02-10,2103,16.1,0.05573770491803298,0.006211180124223503,0.05,0.0003105590062111752
2026-02-09,2026-02-10,2360,1030.0,0.05102040816326525,0.009708737864077666,0.05,0.0004854368932038833
2026-02-09,2026-02-10,1472,91.2,0.04948216340621392,-0.006578947368421129,0.05,-0.0003289473684210565
2026-02-09,2026-02-10,2393,58.3,0.04856115107913661,-0.006861063464837058,0.05,-0.00034305317324185295
2026-02-09,2026-02-10,1708,35.0,0.04790419161676662,0.0,0.05,0.0
2026-02-09,2026-02-10,2387,39.3,0.04521276595744661,-0.008905852417302684,0.05,-0.0004452926208651342
2026-02-09,2026-02-10,1733,30.4,0.04288164665523153,0.00493421052631593,0.05,0.0002467105263157965
2026-02-09,2026-02-10,1463,18.05,0.03438395415472795,0.0,0.05,0.0
2026-02-10,2026-02-11,2345,1390.0,0.2192982456140351,0.043165467625899234,0.05,0.002158273381294962
2026-02-10,2026-02-11,1466,17.7,0.20819112627986347,-0.016949152542372947,0.05,-0.0008474576271186474
2026-02-10,2026-02-11,2368,846.0,0.19830028328611893,-0.02009456264775411,0.05,-0.0010047281323877055
2026-02-10,2026-02-11,2383,2105.0,0.17927170868347342,0.04275534441805218,0.05,0.0021377672209026088
2026-02-10,2026-02-11,2103,16.2,0.1095890410958904,0.0030864197530864335,0.05,0.0001543209876543217
2026-02-10,2026-02-11,2301,177.5,0.10591900311526481,0.011267605633802802,0.05,0.0005633802816901401
2026-02-10,2026-02-11,1342,102.5,0.09158679446219375,-0.019512195121951237,0.05,-0.0009756097560975618
2026-02-10,2026-02-11,1476,429.0,0.08333333333333326,-0.006993006993006978,0.05,-0.00034965034965034895
2026-02-10,2026-02-11,2363,54.4,0.07297830374753445,0.011029411764705843,0.05,0.0005514705882352922
2026-02-10,2026-02-11,2360,1040.0,0.07106076210092693,0.009615384615384581,0.05,0.00048076923076922906
2026-02-10,2026-02-11,2313,183.0,0.06395348837209291,0.0191256830601092,0.05,0.00095628415300546
2026-02-10,2026-02-11,1733,30.55,0.06076388888888884,0.004909983633387904,0.05,0.00024549918166939523
2026-02-10,2026-02-11,2337,89.6,0.05660377358490565,0.0993303571428572,0.05,0.00496651785714286
2026-02-10,2026-02-11,2357,526.0,0.05305305305305308,-0.005703422053231932,0.05,-0.00028517110266159664
2026-02-10,2026-02-11,1590,1230.0,0.05128205128205132,-0.024390243902439046,0.05,-0.0012195121951219523
2026-02-10,2026-02-11,1708,35.0,0.0494752623688155,0.004285714285714226,0.05,0.00021428571428571132
2026-02-10,2026-02-11,2367,51.6,0.04878048780487809,0.01744186046511631,0.05,0.0008720930232558156
2026-02-10,2026-02-11,1445,15.15,0.04482758620689653,0.00990099009900991,0.05,0.0004950495049504955
2026-02-10,2026-02-11,1419,70.1,0.04470938897168408,0.021398002853067144,0.05,0.0010699001426533572
2026-02-10,2026-02-11,2382,285.0,0.04395604395604402,0.0035087719298245723,0.05,0.00017543859649122863
2026-02-11,2026-02-23,2345,1450.0,0.2236286919831223,-0.03448275862068961,0.05,-0.0017241379310344808
2026-02-11,2026-02-23,2383,2195.0,0.18328840970350413,-0.009111617312072884,0.05,-0.00045558086560364424
2026-02-11,2026-02-23,1466,17.4,0.17966101694915237,0.02298850574712663,0.05,0.0011494252873563316
2026-02-11,2026-02-23,2337,98.5,0.16568047337278102,0.050761421319796884,0.05,0.0025380710659898445
2026-02-11,2026-02-23,2103,16.25,0.12456747404844304,0.0984615384615386,0.05,0.00492307692307693
2026-02-11,2026-02-23,2208,23.5,0.10070257611241207,0.019148936170212627,0.05,0.0009574468085106314
2026-02-11,2026-02-23,2368,829.0,0.0980132450331126,-0.013268998793727338,0.05,-0.0006634499396863669
2026-02-11,2026-02-23,2363,55.0,0.08910891089108919,-0.0018181818181818299,0.05,-9.09090909090915e-05
2026-02-11,2026-02-23,1303,78.8,0.07945205479452055,0.060913705583756306,0.05,0.0030456852791878155
2026-02-11,2026-02-23,2204,59.3,0.07818181818181813,-0.003372681281618828,0.05,-0.0001686340640809414
2026-02-11,2026-02-23,1342,100.5,0.0680127523910734,0.014925373134328401,0.05,0.0007462686567164201
2026-02-11,2026-02-23,1529,24.95,0.06623931623931623,-0.014028056112224352,0.05,-0.0007014028056112177
2026-02-11,2026-02-23,1733,30.7,0.06412478336221827,0.0032573289902280145,0.05,0.00016286644951140074
2026-02-11,2026-02-23,1307,33.0,0.06280193236714982,0.030303030303030276,0.05,0.0015151515151515138
2026-02-11,2026-02-23,1304,11.7,0.0588235294117645,0.02136752136752129,0.05,0.0010683760683760646
2026-02-11,2026-02-23,2301,179.5,0.05278592375366564,0.027855153203342642,0.05,0.0013927576601671322
2026-02-11,2026-02-23,2362,39.0,0.05121293800539073,0.008974358974358942,0.05,0.00044871794871794715
2026-02-11,2026-02-23,1587,46.45,0.05090497737556565,-0.0021528525296017342,0.05,-0.00010764262648008672
2026-02-11,2026-02-23,2243,11.85,0.04867256637168138,0.029535864978902815,0.05,0.0014767932489451409
2026-02-11,2026-02-23,2317,227.0,0.04849884526558901,0.0066079295154184425,0.05,0.00033039647577092217
2026-02-23,2026-02-24,2345,1400.0,0.24444444444444446,0.0035714285714285587,0.05,0.00017857142857142795
2026-02-23,2026-02-24,2360,1155.0,0.18583162217659144,0.06060606060606055,0.05,0.0030303030303030277
2026-02-23,2026-02-24,2337,103.5,0.1774744027303754,0.09661835748792269,0.05,0.004830917874396135
2026-02-23,2026-02-24,1466,17.8,0.17491749174917492,-0.002808988764045006,0.05,-0.00014044943820225032
2026-02-23,2026-02-24,2103,17.85,0.17049180327868863,0.0980392156862746,0.05,0.004901960784313731
2026-02-23,2026-02-24,2313,205.0,0.1647727272727273,0.1,0.05,0.005000000000000001
2026-02-23,2026-02-24,2208,23.95,0.14047619047619042,0.014613778705636848,0.05,0.0007306889352818425
2026-02-23,2026-02-24,1303,83.6,0.12214765100671143,0.0861244019138756,0.05,0.0043062200956937805
2026-02-23,2026-02-24,1435,23.0,0.12195121951219523,0.0,0.05,0.0
2026-02-23,2026-02-24,2344,115.0,0.12195121951219523,0.0608695652173914,0.05,0.00304347826086957
2026-02-23,2026-02-24,2383,2175.0,0.11538461538461542,0.06206896551724128,0.05,0.003103448275862064
2026-02-23,2026-02-24,2301,184.5,0.11480362537764344,0.04878048780487809,0.05,0.0024390243902439046
2026-02-23,2026-02-24,2108,26.4,0.10460251046025104,0.03598484848484862,0.05,0.001799242424242431
2026-02-23,2026-02-24,2104,12.35,0.1026785714285714,0.09716599190283404,0.05,0.004858299595141702
2026-02-23,2026-02-24,1438,34.6,0.09841269841269851,0.01156069364161838,0.05,0.000578034682080919
2026-02-23,2026-02-24,2363,54.9,0.0958083832335328,0.01821493624772308,0.05,0.000910746812386154
2026-02-23,2026-02-24,2375,91.5,0.09318996415770608,0.04480874316939887,0.05,0.0022404371584699434
2026-02-23,2026-02-24,2327,281.5,0.0910852713178294,0.06927175843694489,0.05,0.0034635879218472445
2026-02-23,2026-02-24,1727,46.35,0.09058823529411764,0.030204962243797207,0.05,0.0015102481121898603
2026-02-23,2026-02-24,1773,152.5,0.07773851590106018,0.022950819672131084,0.05,0.0011475409836065543
2026-02-24,2026-02-25,2337,113.5,0.40470297029702973,-0.048458149779735726,0.05,-0.0024229074889867866
2026-02-24,2026-02-25,2313,225.5,0.3110465116279071,-0.07095343680709532,0.05,-0.003547671840354766
2026-02-24,2026-02-25,2103,19.6,0.26860841423948245,0.061224489795918435,0.05,0.003061224489795922
2026-02-24,2026-02-25,2360,1225.0,0.26680455015511884,0.02448979591836742,0.05,0.001224489795918371
2026-02-24,2026-02-25,2104,13.55,0.24884792626728114,0.011070110701106861,0.05,0.0005535055350553431
2026-02-24,2026-02-25,2344,122.0,0.24744376278118607,-0.032786885245901676,0.05,-0.001639344262295084
2026-02-24,2026-02-25,1303,90.8,0.2353741496598638,0.045154185022026505,0.05,0.002257709251101325
2026-02-24,2026-02-25,2327,301.0,0.21126760563380276,-0.0033222591362126463,0.05,-0.00016611295681063232
2026-02-24,2026-02-25,2383,2310.0,0.19999999999999996,0.04761904761904767,0.05,0.0023809523809523838
2026-02-24,2026-02-25,1802,56.8,0.19327731092436973,0.079225352112676,0.05,0.0039612676056338
2026-02-24,2026-02-25,2345,1405.0,0.18067226890756305,0.03202846975088969,0.05,0.0016014234875444844
2026-02-24,2026-02-25,2375,95.6,0.17879161528976573,0.0010460251046024993,0.05,5.230125523012497e-05
2026-02-24,2026-02-25,2301,193.5,0.17629179331306988,-0.007751937984496138,0.05,-0.0003875968992248069
2026-02-24,2026-02-25,1727,47.75,0.1689106487148102,0.0,0.05,0.0
2026-02-24,2026-02-25,1717,63.1,0.1663585951940849,-0.004754358161648264,0.05,-0.00023771790808241322
2026-02-24,2026-02-25,2108,27.35,0.15157894736842104,0.0,0.05,0.0
2026-02-24,2026-02-25,2338,40.7,0.14647887323943665,0.09950859950859936,0.05,0.0049754299754299685
2026-02-24,2026-02-25,2367,61.2,0.14392523364485976,-0.040849673202614345,0.05,-0.0020424836601307173
2026-02-24,2026-02-25,2363,55.9,0.1373346897253307,-0.023255813953488302,0.05,-0.0011627906976744151
2026-02-24,2026-02-25,1438,35.0,0.12903225806451624,0.011428571428571344,0.05,0.0005714285714285672
2026-02-25,2026-02-26,1802,61.3,0.37598204264870927,-0.0032626427406198255,0.05,-0.00016313213703099129
2026-02-25,2026-02-26,2103,20.8,0.2919254658385093,-0.014423076923076983,0.05,-0.0007211538461538492
2026-02-25,2026-02-26,2338,44.75,0.28776978417266186,0.09944134078212308,0.05,0.004972067039106154
2026-02-25,2026-02-26,2104,13.7,0.24545454545454537,-0.03649635036496346,0.05,-0.001824817518248173
2026-02-25,2026-02-26,2360,1255.0,0.21844660194174748,0.09960159362549792,0.05,0.004980079681274896
2026-02-25,2026-02-26,1303,94.9,0.21666666666666679,-0.03266596417281353,0.05,-0.0016332982086406768
2026-02-25,2026-02-26,2337,108.0,0.21621621621621623,0.0185185185185186,0.05,0.0009259259259259301
2026-02-25,2026-02-26,2313,209.5,0.21449275362318843,-0.023866348448687402,0.05,-0.0011933174224343702
2026-02-25,2026-02-26,2327,300.0,0.19999999999999996,-0.00666666666666671,0.05,-0.0003333333333333355
2026-02-25,2026-02-26,1307,36.15,0.1775244299674268,-0.024896265560165887,0.05,-0.0012448132780082943
2026-02-25,2026-02-26,1727,47.75,0.17466174661746625,-0.0010471204188481353,0.05,-5.235602094240677e-05
2026-02-25,2026-02-26,2349,15.3,0.16793893129770998,-0.0490196078431373,0.05,-0.0024509803921568653
2026-02-25,2026-02-26,2383,2420.0,0.16346153846153855,0.008264462809917328,0.05,0.0004132231404958664
2026-02-25,2026-02-26,2059,3360.0,0.15463917525773185,0.02529761904761907,0.05,0.0012648809523809535
2026-02-25,2026-02-26,1529,26.55,0.15434782608695663,-0.032015065913371,0.05,-0.00160075329566855
2026-02-25,2026-02-26,2375,95.7,0.15301204819277103,-0.008359456635318674,0.05,-0.0004179728317659337
2026-02-25,2026-02-26,2404,1035.0,0.1525612472160356,0.09178743961352653,0.05,0.004589371980676327
2026-02-25,2026-02-26,1717,62.8,0.1480804387568555,0.09872611464968162,0.05,0.004936305732484081
2026-02-25,2026-02-26,1438,35.4,0.14378029079159926,-0.025423728813559254,0.05,-0.0012711864406779628
2026-02-25,2026-02-26,2108,27.35,0.1419624217119,-0.003656307129798919,0.05,-0.00018281535648994598
2026-02-26,2026-03-02,2338,49.2,0.44918998527245946,0.09959349593495936,0.05,0.004979674796747969
2026-02-26,2026-03-02,1802,61.1,0.42757009345794406,0.09983633387888702,0.05,0.004991816693944351
2026-02-26,2026-03-02,2360,1380.0,0.32692307692307687,0.09782608695652173,0.05,0.0048913043478260865
2026-02-26,2026-03-02,2103,20.5,0.26543209876543217,-0.07804878048780495,0.05,-0.0039024390243902474
2026-02-26,2026-03-02,1303,91.8,0.26098901098901095,-0.025054466230936767,0.05,-0.0012527233115468385
2026-02-26,2026-03-02,2367,64.5,0.25,0.09922480620155039,0.05,0.00496124031007752
2026-02-26,2026-03-02,1717,69.0,0.24548736462093856,-0.017391304347826098,0.05,-0.0008695652173913049
2026-02-26,2026-03-02,2404,1130.0,0.2444933920704846,-0.04867256637168138,0.05,-0.002433628318584069
2026-02-26,2026-03-02,2337,110.0,0.2276785714285714,0.05454545454545445,0.05,0.0027272727272727227
2026-02-26,2026-03-02,2104,13.2,0.1945701357466061,-0.06818181818181812,0.05,-0.0034090909090909063
2026-02-26,2026-03-02,2344,122.5,0.18357487922705307,0.01632653061224487,0.05,0.0008163265306122436
2026-02-26,2026-03-02,1727,47.7,0.1777777777777778,0.01991614255765195,0.05,0.0009958071278825976
2026-02-26,2026-03-02,2059,3445.0,0.1737649063032367,-0.007256894049346929,0.05,-0.00036284470246734647
2026-02-26,2026-03-02,2327,298.0,0.17322834645669283,-0.020134228187919434,0.05,-0.0010067114093959717
2026-02-26,2026-03-02,2316,112.5,0.170655567117586,-0.053333333333333344,0.05,-0.0026666666666666674
2026-02-26,2026-03-02,2383,2440.0,0.15914489311163904,-0.024590163934426257,0.05,-0.0012295081967213129
2026-02-26,2026-03-02,1307,35.25,0.1519607843137254,-0.03262411347517724,0.05,-0.0016312056737588622
2026-02-26,2026-03-02,2329,57.9,0.14653465346534644,-0.015544041450777146,0.05,-0.0007772020725388574
2026-02-26,2026-03-02,1535,51.5,0.14444444444444438,-0.009708737864077666,0.05,-0.0004854368932038833
2026-02-26,2026-03-02,2355,41.9,0.14013605442176869,0.023866348448687402,0.05,0.0011933174224343702
2026-03-02,2026-03-03,2338,54.1,0.6077265973254087,-0.003696857670979714,0.05,-0.00018484288354898571
2026-03-02,2026-03-03,2360,1515.0,0.44285714285714284,-0.07920792079207917,0.05,-0.003960396039603959
2026-03-02,2026-03-03,1802,67.2,0.42826780021253996,-0.05208333333333337,0.05,-0.0026041666666666687
2026-03-02,2026-03-03,2367,70.9,0.3504761904761906,0.021156558533145242,0.05,0.001057827926657262
2026-03-02,2026-03-03,1471,14.3,0.32407407407407396,-0.08391608391608396,0.05,-0.004195804195804198
2026-03-02,2026-03-03,1735,20.7,0.26993865030674846,-0.019323671497584516,0.05,-0.0009661835748792258
2026-03-02,2026-03-03,2313,224.5,0.20375335120643423,0.0,0.05,0.0
2026-03-02,2026-03-03,1717,67.8,0.193661971830986,-0.039823008849557584,0.05,-0.001991150442477879
2026-03-02,2026-03-03,2344,124.5,0.1800947867298579,-0.09638554216867468,0.05,-0.0048192771084337345
2026-03-02,2026-03-03,2254,69.1,0.17918088737201354,-0.011577424023154759,0.05,-0.0005788712011577379
2026-03-02,2026-03-03,2337,116.0,0.17766497461928932,-0.09913793103448276,0.05,-0.004956896551724138
2026-03-02,2026-03-03,2404,1075.0,0.16468039003250268,-0.05581395348837215,0.05,-0.0027906976744186077
2026-03-02,2026-03-03,2103,18.9,0.1630769230769229,0.039682539682539764,0.05,0.0019841269841269884
2026-03-02,2026-03-03,1727,48.65,0.15421115065243174,0.021582733812949728,0.05,0.0010791366906474865
2026-03-02,2026-03-03,1809,27.1,0.15319148936170213,0.009225092250922495,0.05,0.0004612546125461248
2026-03-02,2026-03-03,2402,61.0,0.15094339622641506,-0.09508196721311468,0.05,-0.0047540983606557344
2026-03-02,2026-03-03,2327,292.0,0.140625,-0.03938356164383561,0.05,-0.0019691780821917805
2026-03-02,2026-03-03,1303,89.5,0.1357868020304569,-0.05027932960893855,0.05,-0.0025139664804469278
2026-03-02,2026-03-03,2329,57.0,0.13545816733067717,-0.06140350877192979,0.05,-0.00307017543859649
2026-03-02,2026-03-03,1225,32.6,0.12998266897746968,-0.015337423312883458,0.05,-0.000766871165644173
2026-03-03,2026-03-04,2338,53.9,0.45675675675675675,-0.09740259740259738,0.05,-0.004870129870129869
2026-03-03,2026-03-04,2367,72.4,0.29982046678635554,-0.019337016574585753,0.05,-0.0009668508287292877
2026-03-03,2026-03-04,1802,63.7,0.23210831721470027,-0.098901098901099,0.05,-0.00494505494505495
2026-03-03,2026-03-04,2360,1395.0,0.20779220779220786,-0.03942652329749108,0.05,-0.001971326164874554
2026-03-03,2026-03-04,1471,13.1,0.17488789237668145,-0.05343511450381677,0.05,-0.002671755725190839
2026-03-03,2026-03-04,1735,20.3,0.16332378223495714,-0.08866995073891626,0.05,-0.004433497536945813
2026-03-03,2026-03-04,1313,12.55,0.16203703703703698,0.019920318725099584,0.05,0.0009960159362549792
2026-03-03,2026-03-04,2254,68.3,0.14214046822742477,0.02049780380673516,0.05,0.001024890190336758
2026-03-03,2026-03-04,2017,10.0,0.13122171945701355,-0.050000000000000044,0.05,-0.0025000000000000022
2026-03-03,2026-03-04,1809,27.35,0.10953346855983792,-0.06946983546617924,0.05,-0.0034734917733089624
2026-03-03,2026-03-04,1225,32.1,0.10689655172413803,0.004672897196261738,0.05,0.00023364485981308691
2026-03-03,2026-03-04,2103,19.65,0.10084033613445365,-0.03307888040712459,0.05,-0.0016539440203562296
2026-03-03,2026-03-04,1717,65.1,0.09966216216216206,-0.0875576036866359,0.05,-0.004377880184331795
2026-03-03,2026-03-04,2399,25.15,0.09825327510917026,-0.09343936381709739,0.05,-0.0046719681908548695
2026-03-03,2026-03-04,2313,224.5,0.09512195121951228,-0.060133630289532336,0.05,-0.003006681514476617
2026-03-03,2026-03-04,1582,76.6,0.0942857142857143,0.06266318537859017,0.05,0.003133159268929509
2026-03-03,2026-03-04,1309,13.35,0.09426229508196715,-0.041198501872659055,0.05,-0.0020599250936329527
2026-03-03,2026-03-04,1305,12.95,0.09282700421940926,-0.05019305019305009,0.05,-0.002509652509652505
2026-03-03,2026-03-04,2387,42.9,0.08607594936708862,-0.027972027972027913,0.05,-0.0013986013986013958
2026-03-03,2026-03-04,2059,3280.0,0.08250825082508251,-0.03353658536585369,0.05,-0.0016768292682926844
2026-03-04,2026-03-05,2338,48.65,0.19533169533169525,0.08324768756423451,0.05,0.004162384378211726
2026-03-04,2026-03-05,1582,81.4,0.16452074391988547,0.011056511056510843,0.05,0.0005528255528255421
2026-03-04,2026-03-05,1313,12.8,0.1636363636363638,-0.0390625,0.05,-0.001953125
2026-03-04,2026-03-05,2367,71.0,0.16013071895424824,-0.015492957746478742,0.05,-0.0007746478873239371
2026-03-04,2026-03-05,2254,69.7,0.15588723051409636,0.021520803443328518,0.05,0.001076040172166426
2026-03-04,2026-03-05,1225,32.25,0.10634648370497435,-0.023255813953488413,0.05,-0.0011627906976744208
2026-03-04,2026-03-05,1471,12.4,0.09734513274336276,0.028225806451612767,0.05,0.0014112903225806384
2026-03-04,2026-03-05,2360,1340.0,0.09387755102040818,0.04850746268656714,0.05,0.0024253731343283572
2026-03-04,2026-03-05,1735,18.5,0.06017191977077374,0.024324324324324298,0.05,0.001216216216216215
2026-03-04,2026-03-05,2387,41.7,0.05837563451776662,0.011990407673860837,0.05,0.0005995203836930418
2026-03-04,2026-03-05,1309,12.8,0.044897959183673564,-0.007812500000000111,0.05,-0.00039062500000000555
2026-03-04,2026-03-05,1720,64.0,0.04234527687296419,0.0078125,0.05,0.000390625
2026-03-04,2026-03-05,1215,156.5,0.039867109634551534,0.006389776357827559,0.05,0.000319488817891378
2026-03-04,2026-03-05,2049,241.5,0.03426124197002145,-0.008281573498964856,0.05,-0.0004140786749482428
2026-03-04,2026-03-05,1708,36.65,0.029494382022471788,-0.021828103683492417,0.05,-0.0010914051841746208
2026-03-04,2026-03-05,1809,25.45,0.028282828282828243,0.0019646365422396617,0.05,9.823182711198309e-05
2026-03-04,2026-03-05,2377,93.8,0.02401746724890841,0.01279317697228155,0.05,0.0006396588486140775
2026-03-04,2026-03-05,1712,46.8,0.022950819672131084,0.004273504273504258,0.05,0.00021367521367521292
2026-03-04,2026-03-05,1305,12.3,0.020746887966804906,-0.020325203252032464,0.05,-0.0010162601626016233
2026-03-04,2026-03-05,1535,49.6,0.020576131687242816,0.01814516129032251,0.05,0.0009072580645161255
2026-03-05,2026-03-06,2367,69.9,0.19080068143100526,-0.012875536480686733,0.05,-0.0006437768240343367
2026-03-05,2026-03-06,2338,52.7,0.17765363128491618,0.001897533206830948,0.05,9.487666034154741e-05
2026-03-05,2026-03-06,1582,82.3,0.1757142857142857,0.09963547995139743,0.05,0.004981773997569872
2026-03-05,2026-03-06,2254,71.2,0.15772357723577235,0.018258426966291985,0.05,0.0009129213483145993
2026-03-05,2026-03-06,2360,1405.0,0.1195219123505975,-0.02135231316725983,0.05,-0.0010676156583629916
2026-03-05,2026-03-06,1735,18.95,0.10495626822157433,0.09762532981530359,0.05,0.00488126649076518
2026-03-05,2026-03-06,1313,12.3,0.08849557522123885,0.09756097560975596,0.05,0.004878048780487799
2026-03-05,2026-03-06,1256,169.0,0.08681672025723475,-0.014792899408283988,0.05,-0.0007396449704141994
2026-03-05,2026-03-06,1225,31.5,0.0714285714285714,0.04126984126984112,0.05,0.0020634920634920563
2026-03-05,2026-03-06,2049,239.5,0.06444444444444453,-0.039665970772442605,0.05,-0.0019832985386221305
2026-03-05,2026-03-06,2404,1100.0,0.06280193236714982,0.0,0.05,0.0
2026-03-05,2026-03-06,1598,19.95,0.05277044854881274,-0.007518796992481147,0.05,-0.00037593984962405735
2026-03-05,2026-03-06,1809,25.5,0.05154639175257736,-0.0039215686274510775,0.05,-0.0001960784313725539
2026-03-05,2026-03-06,1215,157.5,0.04304635761589415,0.03809523809523818,0.05,0.001904761904761909
2026-03-05,2026-03-06,2399,23.65,0.037280701754385914,-0.019027484143763207,0.05,-0.0009513742071881603
2026-03-05,2026-03-06,1712,47.0,0.030701754385964897,-0.0010638297872339608,0.05,-5.319148936169804e-05
2026-03-05,2026-03-06,2377,95.0,0.030368763557483636,0.017894736842105186,0.05,0.0008947368421052594
2026-03-05,2026-03-06,1471,12.75,0.028225806451612767,-0.0039215686274510775,0.05,-0.0001960784313725539
2026-03-05,2026-03-06,1414,20.5,0.02499999999999991,0.019512195121951237,0.05,0.0009756097560975618
2026-03-05,2026-03-06,2241,30.05,0.01864406779661021,-0.0033277870216306127,0.05,-0.00016638935108153065
2026-03-06,2026-03-09,1582,90.5,0.24484181568088026,-0.04972375690607733,0.05,-0.0024861878453038668
2026-03-06,2026-03-09,1313,13.5,0.21076233183856496,-0.014814814814814725,0.05,-0.0007407407407407363
2026-03-06,2026-03-09,1310,10.65,0.14516129032258052,0.08450704225352124,0.05,0.004225352112676062
2026-03-06,2026-03-09,1309,13.95,0.12048192771084332,0.09677419354838723,0.05,0.004838709677419362
2026-03-06,2026-03-09,1225,32.8,0.10437710437710424,0.044207317073170715,0.05,0.002210365853658536
2026-03-06,2026-03-09,1735,20.8,0.10344827586206895,-0.07692307692307698,0.05,-0.0038461538461538494
2026-03-06,2026-03-09,1308,15.0,0.07526881720430123,0.046666666666666634,0.05,0.002333333333333332
2026-03-06,2026-03-09,2338,52.8,0.07317073170731692,-0.09943181818181823,0.05,-0.004971590909090912
2026-03-06,2026-03-09,2254,72.5,0.0724852071005917,-0.04551724137931035,0.05,-0.0022758620689655173
2026-03-06,2026-03-09,1215,163.5,0.0721311475409836,-0.02752293577981646,0.05,-0.0013761467889908232
2026-03-06,2026-03-09,2367,69.0,0.06976744186046502,-0.09999999999999998,0.05,-0.004999999999999999
2026-03-06,2026-03-09,1305,13.25,0.06854838709677424,0.060377358490566024,0.05,0.0030188679245283013
2026-03-06,2026-03-09,1256,166.5,0.06730769230769229,-0.033033033033033066,0.05,-0.0016516516516516533
2026-03-06,2026-03-09,1304,13.1,0.06504065040650397,0.05343511450381677,0.05,0.002671755725190839
2026-03-06,2026-03-09,1414,20.9,0.052896725440805925,-0.01674641148325351,0.05,-0.0008373205741626755
2026-03-06,2026-03-09,1529,27.05,0.05252918287937747,-0.033271719038817094,0.05,-0.0016635859519408547
2026-03-06,2026-03-09,2345,1465.0,0.046428571428571486,-0.058020477815699634,0.05,-0.0029010238907849818
2026-03-06,2026-03-09,1598,19.8,0.04485488126649084,-0.0505050505050505,0.05,-0.002525252525252525
2026-03-06,2026-03-09,1712,46.95,0.037569060773480656,-0.0021299254526091493,0.05,-0.00010649627263045747
2026-03-06,2026-03-09,2355,43.45,0.03699284009546555,-0.06674338319907958,0.05,-0.003337169159953979
2026-03-09,2026-03-10,1310,11.55,0.27202643171806185,-0.038961038961039085,0.05,-0.0019480519480519543
2026-03-09,2026-03-10,1309,15.3,0.23886639676113375,-0.08496732026143794,0.05,-0.004248366013071897
2026-03-09,2026-03-10,1313,13.3,0.16157205240174677,-0.06390977443609036,0.05,-0.0031954887218045183
2026-03-09,2026-03-10,1305,14.05,0.1516393442622952,-0.0854092526690392,0.05,-0.00427046263345196
2026-03-09,2026-03-10,1308,15.7,0.14598540145985406,-0.07324840764331197,0.05,-0.003662420382165599
2026-03-09,2026-03-10,1582,86.0,0.1436170212765957,-0.0011627906976743319,0.05,-5.81395348837166e-05
2026-03-09,2026-03-10,1304,13.8,0.12653061224489792,-0.07608695652173914,0.05,-0.003804347826086957
2026-03-09,2026-03-10,2103,21.25,0.12433862433862441,-0.030588235294117583,0.05,-0.0015294117647058792
2026-03-09,2026-03-10,1762,29.55,0.09040590405904059,-0.0016920473773266442,0.05,-8.460236886633221e-05
2026-03-09,2026-03-10,1225,34.25,0.05061349693251538,-0.06423357664233587,0.05,-0.0032116788321167934
2026-03-09,2026-03-10,1414,20.55,0.02750000000000008,-0.0024330900243308973,0.05,-0.00012165450121654487
2026-03-09,2026-03-10,1219,13.9,0.025830258302582898,-0.017985611510791366,0.05,-0.0008992805755395684
2026-03-09,2026-03-10,2104,12.6,0.024390243902439046,-0.011904761904761973,0.05,-0.0005952380952380988
2026-03-09,2026-03-10,1215,159.0,0.022508038585209,-0.01572327044025157,0.05,-0.0007861635220125784
2026-03-09,2026-03-10,2387,44.2,0.018433179723502446,-0.02488687782805432,0.05,-0.0012443438914027161
2026-03-09,2026-03-10,1472,90.3,0.015748031496062964,0.008859357696566983,0.05,0.00044296788482834916
2026-03-09,2026-03-10,2013,43.8,0.015063731170336103,0.010273972602739878,0.05,0.000513698630136994
2026-03-09,2026-03-10,2379,484.0,0.013612565445026092,-0.04958677685950408,0.05,-0.002479338842975204
2026-03-09,2026-03-10,1712,46.85,0.00969827586206895,0.005336179295624355,0.05,0.00026680896478121775
2026-03-09,2026-03-10,2393,58.9,0.006837606837606813,0.018675721561969505,0.05,0.0009337860780984753
2026-03-10,2026-03-11,1582,85.9,0.1214099216710185,0.018626309662397977,0.05,0.000931315483119899
2026-03-10,2026-03-11,1310,11.1,0.11222444889779548,0.018018018018018056,0.05,0.0009009009009009029
2026-03-10,2026-03-11,1529,27.55,0.08678500986193294,-0.005444646098003658,0.05,-0.0002722323049001829
2026-03-10,2026-03-11,1762,29.5,0.08256880733944949,0.016949152542372836,0.05,0.0008474576271186419
2026-03-10,2026-03-11,2243,12.7,0.07172995780590719,0.09842519685039375,0.05,0.004921259842519688
2026-03-10,2026-03-11,2368,817.0,0.06657963446475201,0.09914320685434519,0.05,0.0049571603427172595
2026-03-10,2026-03-11,1309,14.0,0.048689138576779145,-0.017857142857142905,0.05,-0.0008928571428571453
2026-03-10,2026-03-11,2103,20.6,0.04834605597964381,-0.016990291262136026,0.05,-0.0008495145631068013
2026-03-10,2026-03-11,2324,31.75,0.046128500823723106,0.018897637795275646,0.05,0.0009448818897637824
2026-03-10,2026-03-11,2013,44.25,0.03146853146853146,0.00225988700564983,0.05,0.0001129943502824915
2026-03-10,2026-03-11,2393,60.0,0.029159519725557415,0.03166666666666673,0.05,0.0015833333333333368
2026-03-10,2026-03-11,2404,1040.0,0.024630541871921263,0.04326923076923084,0.05,0.002163461538461542
2026-03-10,2026-03-11,2383,2375.0,0.0237068965517242,0.03157894736842115,0.05,0.0015789473684210576
2026-03-10,2026-03-11,1414,20.5,0.02244389027431426,0.009756097560975618,0.05,0.0004878048780487809
2026-03-10,2026-03-11,1423,38.8,0.021052631578947212,0.06056701030927836,0.05,0.003028350515463918
2026-03-10,2026-03-11,2357,531.0,0.019193857965451144,0.09981167608286245,0.05,0.0049905838041431234
2026-03-10,2026-03-11,2069,18.9,0.01886792452830166,0.002645502645502784,0.05,0.00013227513227513922
2026-03-10,2026-03-11,2332,15.7,0.012903225806451646,-0.01273885350318471,0.05,-0.0006369426751592355
2026-03-10,2026-03-11,2345,1435.0,0.010563380281690238,0.03484320557491283,0.05,0.0017421602787456416
2026-03-10,2026-03-11,1712,47.1,0.008565310492505418,0.0010615711252652815,0.05,5.307855626326408e-05
2026-03-11,2026-03-12,2368,898.0,0.2665726375176305,0.014476614699331813,0.05,0.0007238307349665907
2026-03-11,2026-03-12,2243,13.95,0.18220338983050843,0.09677419354838723,0.05,0.004838709677419362
2026-03-11,2026-03-12,1310,11.3,0.17463617463617487,0.03982300884955747,0.05,0.001991150442477874
2026-03-11,2026-03-12,2357,584.0,0.16799999999999993,-0.005136986301369828,0.05,-0.0002568493150684914
2026-03-11,2026-03-12,1529,27.4,0.14644351464435146,0.0036496350364965124,0.05,0.00018248175182482564
2026-03-11,2026-03-12,2345,1485.0,0.13793103448275867,0.013468013468013407,0.05,0.0006734006734006704
2026-03-11,2026-03-12,1762,30.0,0.12994350282485878,-0.018333333333333313,0.05,-0.0009166666666666657
2026-03-11,2026-03-12,1735,20.9,0.12972972972972974,0.03349282296650724,0.05,0.0016746411483253621
2026-03-11,2026-03-12,2302,18.9,0.12499999999999978,-0.015873015873015706,0.05,-0.0007936507936507853
2026-03-11,2026-03-12,2383,2450.0,0.11872146118721472,0.061224489795918435,0.05,0.003061224489795922
2026-03-11,2026-03-12,2360,1495.0,0.11567164179104483,0.0,0.05,0.0
2026-03-11,2026-03-12,2329,54.7,0.10840932117527857,-0.04570383912248632,0.05,-0.0022851919561243162
2026-03-11,2026-03-12,2323,11.3,0.10784313725490202,0.008849557522123908,0.05,0.0004424778761061954
2026-03-11,2026-03-12,2393,61.9,0.1033868092691621,0.016155088852988664,0.05,0.0008077544426494332
2026-03-11,2026-03-12,2388,49.05,0.10224719101123592,-0.0010193679918449883,0.05,-5.0968399592249416e-05
2026-03-11,2026-03-12,2324,32.35,0.10034013605442182,0.009273570324574765,0.05,0.0004636785162287383
2026-03-11,2026-03-12,2344,114.0,0.09615384615384626,-0.04385964912280704,0.05,-0.002192982456140352
2026-03-11,2026-03-12,2404,1085.0,0.08499999999999996,-0.018433179723502335,0.05,-0.0009216589861751168
2026-03-11,2026-03-12,2376,232.0,0.08411214953271018,-0.017241379310344862,0.05,-0.0008620689655172431
2026-03-11,2026-03-12,1423,41.15,0.08289473684210513,0.0,0.05,0.0
2026-03-12,2026-03-13,2243,15.3,0.2803347280334729,0.019607843137254832,0.05,0.0009803921568627416
2026-03-12,2026-03-13,2368,911.0,0.2377717391304348,0.026344676180021898,0.05,0.001317233809001095
2026-03-12,2026-03-13,1310,11.75,0.21134020618556715,0.008510638297872353,0.05,0.00042553191489361767
2026-03-12,2026-03-13,1309,15.1,0.18897637795275601,0.013245033112582849,0.05,0.0006622516556291425
2026-03-12,2026-03-13,1305,14.0,0.1618257261410787,-0.017857142857142905,0.05,-0.0008928571428571453
2026-03-12,2026-03-13,1727,55.3,0.14020618556701026,0.09945750452079571,0.05,0.004972875226039786
2026-03-12,2026-03-13,1735,21.6,0.13984168865435365,0.09953703703703698,0.05,0.0049768518518518495
2026-03-12,2026-03-13,1308,15.35,0.12454212454212454,-0.026058631921824116,0.05,-0.001302931596091206
2026-03-12,2026-03-13,2357,581.0,0.12162162162162171,0.013769363166953541,0.05,0.0006884681583476771
2026-03-12,2026-03-13,1529,27.5,0.11788617886178865,0.049090909090909074,0.05,0.002454545454545454
2026-03-12,2026-03-13,1582,91.4,0.11057108140947758,-0.012035010940919078,0.05,-0.000601750547045954
2026-03-12,2026-03-13,2399,26.15,0.10570824524312905,0.003824091778202643,0.05,0.00019120458891013216
2026-03-12,2026-03-13,2383,2600.0,0.09936575052854124,0.04038461538461546,0.05,0.002019230769230773
2026-03-12,2026-03-13,1762,29.45,0.09888059701492535,-0.028862478777589073,0.05,-0.0014431239388794537
2026-03-12,2026-03-13,1304,13.05,0.09205020920502105,-0.01532567049808442,0.05,-0.0007662835249042211
2026-03-12,2026-03-13,2103,20.85,0.09162303664921456,0.04076738609112707,0.05,0.0020383693045563536
2026-03-12,2026-03-13,2351,87.6,0.08148148148148149,0.014840182648401923,0.05,0.0007420091324200962
2026-03-12,2026-03-13,1423,41.15,0.07722513089005223,-0.03037667071688943,0.05,-0.0015188335358444717
2026-03-12,2026-03-13,1231,88.0,0.07711138310893517,0.01477272727272716,0.05,0.000738636363636358
2026-03-12,2026-03-13,2393,62.9,0.07705479452054798,0.02384737678855342,0.05,0.0011923688394276711
2026-03-13,2026-03-16,2243,15.6,0.31092436974789917,0.09935897435897423,0.05,0.004967948717948712
2026-03-13,2026-03-16,1727,60.8,0.28,-0.09046052631578949,0.05,-0.004523026315789475
2026-03-13,2026-03-16,2368,935.0,0.18055555555555558,-0.027807486631016065,0.05,-0.0013903743315508033
2026-03-13,2026-03-16,2383,2705.0,0.14618644067796605,-0.044362292051756014,0.05,-0.0022181146025878006
2026-03-13,2026-03-16,1735,23.75,0.14182692307692313,0.09894736842105267,0.05,0.004947368421052634
2026-03-13,2026-03-16,2399,26.25,0.13146551724137945,0.03428571428571425,0.05,0.0017142857142857127
2026-03-13,2026-03-16,2357,589.0,0.11764705882352944,0.0,0.05,0.0
2026-03-13,2026-03-16,2360,1530.0,0.11272727272727279,-0.05228758169934644,0.05,-0.0026143790849673222
2026-03-13,2026-03-16,1310,11.85,0.11267605633802802,-0.008438818565400852,0.05,-0.00042194092827004264
2026-03-13,2026-03-16,1721,18.95,0.10174418604651159,0.09762532981530359,0.05,0.00488126649076518
2026-03-13,2026-03-16,1723,76.1,0.10130246020260492,0.009198423127463995,0.05,0.0004599211563731998
2026-03-13,2026-03-16,1309,15.3,0.09677419354838723,0.065359477124183,0.05,0.00326797385620915
2026-03-13,2026-03-16,2351,88.9,0.08414634146341471,0.0056242969628796935,0.05,0.0002812148481439847
2026-03-13,2026-03-16,1708,39.3,0.08115543328748265,0.0992366412213741,0.05,0.004961832061068705
2026-03-13,2026-03-16,2393,64.4,0.08053691275167796,0.03105590062111796,0.05,0.0015527950310558981
2026-03-13,2026-03-16,1529,28.85,0.06654343807763397,0.0017331022530329143,0.05,8.665511265164572e-05
2026-03-13,2026-03-16,1535,53.8,0.06534653465346518,-0.029739776951672736,0.05,-0.0014869888475836368
2026-03-13,2026-03-16,2376,233.0,0.06392694063926951,0.015021459227467782,0.05,0.0007510729613733891
2026-03-13,2026-03-16,1762,28.6,0.06319702602230493,0.020979020979020824,0.05,0.0010489510489510411
2026-03-13,2026-03-16,1446,16.4,0.06148867313915862,0.03658536585365857,0.05,0.0018292682926829285
2026-03-16,2026-03-17,2243,17.15,0.48484848484848464,0.09912536443148712,0.05,0.004956268221574356
2026-03-16,2026-03-17,1735,26.1,0.3593750000000002,0.09961685823754785,0.05,0.004980842911877392
2026-03-16,2026-03-17,2337,119.0,0.28927410617551463,0.09663865546218497,0.05,0.004831932773109249
2026-03-16,2026-03-17,1721,20.8,0.28792569659442746,-0.009615384615384581,0.05,-0.00048076923076922906
2026-03-16,2026-03-17,2399,27.15,0.2569444444444442,0.03130755064456725,0.05,0.0015653775322283627
2026-03-16,2026-03-17,1727,55.3,0.2167216721672165,0.003616636528029016,0.05,0.0001808318264014508
2026-03-16,2026-03-17,2313,221.0,0.20765027322404372,0.07013574660633481,0.05,0.003506787330316741
2026-03-16,2026-03-17,1303,89.2,0.20377867746288802,-0.041479820627802755,0.05,-0.0020739910313901377
2026-03-16,2026-03-17,2368,909.0,0.19448094612352174,0.008800880088008833,0.05,0.0004400440044004417
2026-03-16,2026-03-17,2367,74.0,0.19162640901771333,0.037837837837837895,0.05,0.001891891891891895
2026-03-16,2026-03-17,2383,2585.0,0.18850574712643686,0.044487427466150864,0.05,0.0022243713733075435
2026-03-16,2026-03-17,1708,43.2,0.18356164383561646,0.01851851851851838,0.05,0.000925925925925919
2026-03-16,2026-03-17,2360,1450.0,0.1693548387096775,0.01379310344827589,0.05,0.0006896551724137946
2026-03-16,2026-03-17,2340,28.6,0.16496945010183306,0.027972027972027913,0.05,0.0013986013986013958
2026-03-16,2026-03-17,2329,55.7,0.16162669447340972,0.026929982046678624,0.05,0.0013464991023339314
2026-03-16,2026-03-17,1802,61.7,0.15977443609022557,0.004862236628849326,0.05,0.0002431118314424663
2026-03-16,2026-03-17,2344,117.0,0.15841584158415833,0.05555555555555558,0.05,0.002777777777777779
2026-03-16,2026-03-17,2316,100.5,0.1565017261219792,0.01990049751243772,0.05,0.0009950248756218861
2026-03-16,2026-03-17,2348,79.0,0.15160349854227406,0.013924050632911245,0.05,0.0006962025316455622
2026-03-16,2026-03-17,1446,17.0,0.1447811447811449,0.00588235294117645,0.05,0.00029411764705882253
2026-03-17,2026-03-18,1735,28.7,0.5105263157894737,0.09581881533101044,0.05,0.004790940766550522
2026-03-17,2026-03-18,2243,18.85,0.48425196850393726,0.08753315649867366,0.05,0.004376657824933683
2026-03-17,2026-03-18,2337,130.5,0.4388092613009922,0.09961685823754785,0.05,0.004980842911877392
2026-03-17,2026-03-18,1721,20.6,0.28348909657320887,-0.04611650485436902,0.05,-0.0023058252427184513
2026-03-17,2026-03-18,2399,28.0,0.2641083521444696,0.1,0.05,0.005000000000000001
2026-03-17,2026-03-18,2313,236.5,0.23821989528795817,-0.02748414376321351,0.05,-0.0013742071881606755
2026-03-17,2026-03-18,2367,76.8,0.21711568938193326,-0.01041666666666663,0.05,-0.0005208333333333315
2026-03-17,2026-03-18,1708,44.0,0.2154696132596685,-0.0193181818181819,0.05,-0.0009659090909090951
2026-03-17,2026-03-18,1727,55.5,0.19612068965517238,-0.003603603603603678,0.05,-0.0001801801801801839
2026-03-17,2026-03-18,2340,29.4,0.1926977687626774,-0.020408163265306034,0.05,-0.0010204081632653017
2026-03-17,2026-03-18,1802,62.0,0.1923076923076923,0.03387096774193532,0.05,0.0016935483870967661
2026-03-17,2026-03-18,2344,123.5,0.17061611374407581,0.036437246963562764,0.05,0.0018218623481781383
2026-03-17,2026-03-18,2348,80.1,0.15251798561151064,0.008739076154806513,0.05,0.0004369538077403257
2026-03-17,2026-03-18,2351,93.8,0.15092024539877302,0.03944562899786774,0.05,0.001972281449893387
2026-03-17,2026-03-18,2329,57.2,0.14974874371859292,-0.0017482517482517723,0.05,-8.741258741258862e-05
2026-03-17,2026-03-18,2338,51.0,0.14864864864864868,0.1,0.05,0.005000000000000001
2026-03-17,2026-03-18,1446,17.1,0.14000000000000012,0.0,0.05,0.0
2026-03-17,2026-03-18,2347,78.6,0.13913043478260856,0.01781170483460559,0.05,0.0008905852417302796
2026-03-17,2026-03-18,2383,2700.0,0.13684210526315788,0.0,0.05,0.0
2026-03-17,2026-03-18,1809,26.9,0.1350210970464134,0.0985130111524164,0.05,0.00492565055762082
2026-03-18,2026-03-19,1735,31.45,0.5047846889952154,0.007949125596184325,0.05,0.0003974562798092163
2026-03-18,2026-03-19,2243,20.5,0.46953405017921157,-0.039024390243902474,0.05,-0.0019512195121951237
2026-03-18,2026-03-19,2337,143.5,0.4393179538615848,0.0940766550522647,0.05,0.004703832752613235
2026-03-18,2026-03-19,2399,30.8,0.2648870636550307,0.09902597402597402,0.05,0.004951298701298701
2026-03-18,2026-03-19,1708,43.15,0.2172073342736247,0.07647740440324458,0.05,0.0038238702201622288
2026-03-18,2026-03-19,2316,112.5,0.1854583772391991,-0.040000000000000036,0.05,-0.0020000000000000018
2026-03-18,2026-03-19,2314,20.75,0.1823361823361822,-0.03614457831325302,0.05,-0.0018072289156626509
2026-03-18,2026-03-19,1809,29.55,0.18199999999999994,0.09983079526226724,0.05,0.004991539763113362
2026-03-18,2026-03-19,2347,80.0,0.16618075801749277,-0.019999999999999907,0.05,-0.0009999999999999955
2026-03-18,2026-03-19,1721,19.65,0.15929203539823011,0.0050890585241731845,0.05,0.00025445292620865926
2026-03-18,2026-03-19,2338,56.1,0.14959016393442637,-0.04634581105169344,0.05,-0.002317290552584672
2026-03-18,2026-03-19,2351,97.5,0.1484098939929328,-0.03384615384615386,0.05,-0.001692307692307693
2026-03-18,2026-03-19,2355,48.15,0.13695395513577324,-0.022845275181723856,0.05,-0.001142263759086193
2026-03-18,2026-03-19,1309,15.6,0.13454545454545452,0.09935897435897423,0.05,0.004967948717948712
2026-03-18,2026-03-19,2313,230.0,0.12745098039215685,-0.02826086956521734,0.05,-0.001413043478260867
2026-03-18,2026-03-19,2340,28.8,0.12280701754385981,-0.00868055555555558,0.05,-0.00043402777777777905
2026-03-18,2026-03-19,2344,128.0,0.12280701754385959,-0.046875,0.05,-0.0023437500000000003
2026-03-18,2026-03-19,1802,64.1,0.1206293706293704,-0.046801872074882844,0.05,-0.0023400936037441425
2026-03-18,2026-03-19,2348,80.8,0.11448275862068957,0.025990099009901124,0.05,0.0012995049504950563
2026-03-18,2026-03-19,1409,16.85,0.10855263157894757,-0.008902077151335397,0.05,-0.00044510385756676984
2026-03-19,2026-03-20,2337,157.0,0.5858585858585859,0.019108280254777066,0.05,0.0009554140127388533
2026-03-19,2026-03-20,1735,31.7,0.46759259259259256,-0.08675078864353314,0.05,-0.004337539432176657
2026-03-19,2026-03-20,2399,33.85,0.29445506692160617,0.09896602658788778,0.05,0.004948301329394389
2026-03-19,2026-03-20,1809,32.5,0.29224652087475156,-0.0015384615384614886,0.05,-7.692307692307443e-05
2026-03-19,2026-03-20,2243,19.7,0.2875816993464051,-0.01015228426395931,0.05,-0.0005076142131979656
2026-03-19,2026-03-20,1708,46.45,0.2080624187256177,-0.03659849300322937,0.05,-0.0018299246501614686
2026-03-19,2026-03-20,2316,108.0,0.18942731277533054,0.04629629629629628,0.05,0.0023148148148148143
2026-03-19,2026-03-20,2348,82.9,0.1578212290502794,-0.012062726176115812,0.05,-0.0006031363088057906
2026-03-19,2026-03-20,2329,60.3,0.15517241379310343,0.029850746268656803,0.05,0.0014925373134328402
2026-03-19,2026-03-20,2314,20.0,0.149425287356322,-0.05249999999999999,0.05,-0.0026249999999999997
2026-03-19,2026-03-20,2390,11.25,0.14562118126272905,-0.039999999999999925,0.05,-0.001999999999999996
2026-03-19,2026-03-20,1721,19.75,0.14492753623188404,-0.03797468354430378,0.05,-0.001898734177215189
2026-03-19,2026-03-20,1309,17.15,0.13576158940397343,0.055393586005831,0.05,0.00276967930029155
2026-03-19,2026-03-20,2347,78.4,0.12160228898426317,-0.0140306122448981,0.05,-0.0007015306122449051
2026-03-19,2026-03-20,2344,122.0,0.11926605504587151,-0.09836065573770492,0.05,-0.004918032786885246
2026-03-19,2026-03-20,2313,223.5,0.11749999999999994,-0.006711409395973145,0.05,-0.00033557046979865727
2026-03-19,2026-03-20,1531,12.95,0.11158798283261784,-0.0038610038610037423,0.05,-0.0001930501930501871
2026-03-19,2026-03-20,2383,2890.0,0.11153846153846159,-0.02768166089965396,0.05,-0.001384083044982698
2026-03-19,2026-03-20,1802,61.1,0.11090909090909085,-0.057283142389525366,0.05,-0.0028641571194762683
2026-03-19,2026-03-20,1305,15.45,0.10357142857142843,0.08737864077669921,0.05,0.004368932038834961
2026-03-20,2026-03-23,2337,160.0,0.4746543778801844,-0.07187500000000002,0.05,-0.0035937500000000015
2026-03-20,2026-03-23,2399,37.2,0.41714285714285726,-0.07795698924731198,0.05,-0.003897849462365599
2026-03-20,2026-03-23,2243,19.5,0.25,-0.02564102564102566,0.05,-0.0012820512820512831
2026-03-20,2026-03-23,1809,32.45,0.24807692307692308,-0.09861325115562414,0.05,-0.004930662557781207
2026-03-20,2026-03-23,2323,13.1,0.24761904761904763,-0.08778625954198471,0.05,-0.004389312977099236
2026-03-20,2026-03-23,2316,113.0,0.23632385120350108,-0.09734513274336287,0.05,-0.004867256637168144
2026-03-20,2026-03-23,2349,15.8,0.22480620155038755,-0.09810126582278489,0.05,-0.004905063291139245
2026-03-20,2026-03-23,1305,16.8,0.22181818181818191,0.09821428571428559,0.05,0.0049107142857142795
2026-03-20,2026-03-23,1735,28.95,0.21894736842105256,-0.06563039723661479,0.05,-0.0032815198618307397
2026-03-20,2026-03-23,1309,18.1,0.18300653594771243,0.09944751381215444,0.05,0.004972375690607722
2026-03-20,2026-03-23,2329,62.1,0.18060836501901134,-0.08534621578099844,0.05,-0.004267310789049922
2026-03-20,2026-03-23,1304,15.05,0.1712062256809339,0.09966777408637872,0.05,0.0049833887043189366
2026-03-20,2026-03-23,2388,55.3,0.1461139896373056,0.014466546112115841,0.05,0.0007233273056057921
2026-03-20,2026-03-23,2348,81.9,0.13908205841446453,-0.03663003663003661,0.05,-0.0018315018315018306
2026-03-20,2026-03-23,1708,44.75,0.138676844783715,-0.04804469273743017,0.05,-0.0024022346368715087
2026-03-20,2026-03-23,2345,1610.0,0.1338028169014085,-0.02795031055900621,0.05,-0.0013975155279503104
2026-03-20,2026-03-23,2017,10.85,0.13256784968684765,-0.05069124423963123,0.05,-0.0025345622119815614
2026-03-20,2026-03-23,2314,18.95,0.13134328358208958,-0.03693931398416883,0.05,-0.0018469656992084417
2026-03-20,2026-03-23,2014,19.6,0.12968299711815567,-0.07397959183673486,0.05,-0.003698979591836743
2026-03-20,2026-03-23,2405,16.55,0.12203389830508482,-0.0725075528700907,0.05,-0.003625377643504535
2026-03-23,2026-03-24,1305,18.45,0.34671532846715336,-0.03794037940379402,0.05,-0.0018970189701897012
2026-03-23,2026-03-24,1304,16.55,0.2730769230769232,-0.0725075528700907,0.05,-0.003625377643504535
2026-03-23,2026-03-24,2399,34.3,0.2633517495395947,-0.0991253644314869,0.05,-0.0049562682215743455
2026-03-23,2026-03-24,2337,148.5,0.24789915966386555,-0.08080808080808077,0.05,-0.004040404040404039
2026-03-23,2026-03-24,1309,19.9,0.2208588957055213,0.005025125628140836,0.05,0.0002512562814070418
2026-03-23,2026-03-24,1308,18.15,0.19801980198019797,-0.02754820936639124,0.05,-0.001377410468319562
2026-03-23,2026-03-24,2025,12.75,0.19718309859154926,-0.0627450980392158,0.05,-0.00313725490196079
2026-03-23,2026-03-24,1809,29.25,0.1607142857142858,-0.06153846153846154,0.05,-0.0030769230769230774
2026-03-23,2026-03-24,2323,11.95,0.15458937198067635,-0.004184100418409997,0.05,-0.00020920502092049988
2026-03-23,2026-03-24,2388,56.1,0.1333333333333333,-0.06060606060606055,0.05,-0.0030303030303030277
2026-03-23,2026-03-24,2345,1565.0,0.12589928057553967,-0.019169329073482455,0.05,-0.0009584664536741228
2026-03-23,2026-03-24,2231,90.4,0.11881188118811892,0.0995575221238938,0.05,0.00497787610619469
2026-03-23,2026-03-24,2390,10.7,0.11458333333333326,-0.01869158878504662,0.05,-0.0009345794392523311
2026-03-23,2026-03-24,2349,14.25,0.11328125,-0.05964912280701751,0.05,-0.0029824561403508755
2026-03-23,2026-03-24,2243,19.0,0.10787172011661816,0.018421052631579116,0.05,0.0009210526315789558
2026-03-23,2026-03-24,2028,19.05,0.10115606936416177,-0.007874015748031593,0.05,-0.0003937007874015797
2026-03-23,2026-03-24,2101,34.6,0.09320695102685628,0.010115606936416333,0.05,0.0005057803468208167
2026-03-23,2026-03-24,1456,14.9,0.08759124087591252,-0.02684563758389269,0.05,-0.0013422818791946345
2026-03-23,2026-03-24,2017,10.3,0.08649789029535859,-0.009708737864077777,0.05,-0.00048543689320388884
2026-03-23,2026-03-24,2032,16.4,0.08250825082508229,0.030487804878048808,0.05,0.0015243902439024404
2026-03-24,2026-03-25,1309,20.0,0.26582278481012644,-0.0824999999999999,0.05,-0.004124999999999996
2026-03-24,2026-03-25,1305,17.75,0.2633451957295374,-0.09577464788732393,0.05,-0.004788732394366196
2026-03-24,2026-03-25,2231,99.4,0.22413793103448287,0.046277665995975825,0.05,0.0023138832997987913
2026-03-24,2026-03-25,1308,17.65,0.19661016949152543,-0.06798866855524077,0.05,-0.0033994334277620388
2026-03-24,2026-03-25,1304,15.35,0.1853281853281854,-0.05863192182410426,0.05,-0.0029315960912052134
2026-03-24,2026-03-25,2405,16.85,0.10855263157894757,-0.017804154302670683,0.05,-0.0008902077151335342
2026-03-24,2026-03-25,2323,11.9,0.10697674418604652,-0.004201680672269004,0.05,-0.0002100840336134502
2026-03-24,2026-03-25,2399,30.9,0.10357142857142843,0.021035598705501757,0.05,0.001051779935275088
2026-03-24,2026-03-25,2032,16.9,0.09740259740259738,-0.017751479289940697,0.05,-0.0008875739644970349
2026-03-24,2026-03-25,2025,11.95,0.09633027522935778,-0.0334728033472802,0.05,-0.0016736401673640101
2026-03-24,2026-03-25,2351,102.5,0.09275053304904057,-0.019512195121951237,0.05,-0.0009756097560975618
2026-03-24,2026-03-25,2101,34.95,0.09218750000000009,0.007153075822603716,0.05,0.0003576537911301858
2026-03-24,2026-03-25,2028,18.9,0.0862068965517242,-0.015873015873015706,0.05,-0.0007936507936507853
2026-03-24,2026-03-25,2241,31.6,0.08219178082191791,-0.03797468354430389,0.05,-0.0018987341772151946
2026-03-24,2026-03-25,2017,10.2,0.06583072100313458,0.0,0.05,0.0
2026-03-24,2026-03-25,2390,10.5,0.06382978723404253,-0.004761904761904856,0.05,-0.0002380952380952428
2026-03-24,2026-03-25,2038,15.85,0.06375838926174482,-0.01577287066246058,0.05,-0.0007886435331230291
2026-03-24,2026-03-25,1456,14.5,0.06227106227106227,0.024137931034482696,0.05,0.001206896551724135
2026-03-24,2026-03-25,2345,1535.0,0.054982817869415834,0.09771986970684043,0.05,0.004885993485342022
2026-03-24,2026-03-25,2059,3520.0,0.05074626865671639,0.026988636363636465,0.05,0.0013494318181818234
2026-03-25,2026-03-26,2231,104.0,0.2530120481927711,0.09615384615384626,0.05,0.004807692307692313
2026-03-25,2026-03-26,1309,18.35,0.17628205128205132,0.09809264305177101,0.05,0.004904632152588551
2026-03-25,2026-03-26,1305,16.05,0.14234875444839856,0.07165109034267902,0.05,0.0035825545171339515
2026-03-25,2026-03-26,1308,16.45,0.12671232876712324,0.09726443768996962,0.05,0.0048632218844984814
2026-03-25,2026-03-26,1304,14.45,0.12015503875968991,0.09688581314878886,0.05,0.004844290657439443
2026-03-25,2026-03-26,1456,14.85,0.10408921933085513,-0.006734006734006703,0.05,-0.0003367003367003352
2026-03-25,2026-03-26,1597,88.6,0.0965346534653464,-0.040632054176072185,0.05,-0.0020316027088036095
2026-03-25,2026-03-26,2405,16.55,0.08881578947368429,-0.04229607250755296,0.05,-0.0021148036253776483
2026-03-25,2026-03-26,2025,11.55,0.07943925233644866,0.0043290043290042934,0.05,0.0002164502164502147
2026-03-25,2026-03-26,2323,11.85,0.07727272727272716,-0.00421940928270037,0.05,-0.00021097046413501853
2026-03-25,2026-03-26,2349,13.9,0.06106870229007644,0.007194244604316502,0.05,0.0003597122302158251
2026-03-25,2026-03-26,2059,3615.0,0.06011730205278587,0.0,0.05,0.0
2026-03-25,2026-03-26,2032,16.6,0.05732484076433142,-0.006024096385542244,0.05,-0.0003012048192771122
2026-03-25,2026-03-26,2383,2845.0,0.05370370370370381,0.03514938488576447,0.05,0.0017574692442882235
2026-03-25,2026-03-26,2345,1685.0,0.05312500000000009,-0.005934718100890191,0.05,-0.00029673590504450956
2026-03-25,2026-03-26,2241,30.4,0.04288164665523153,-0.018092105263157854,0.05,-0.0009046052631578928
2026-03-25,2026-03-26,2393,69.4,0.042042042042042205,0.0028818443804032867,0.05,0.00014409221902016435
2026-03-25,2026-03-26,2014,18.75,0.0387811634349029,0.002666666666666595,0.05,0.00013333333333332976
2026-03-25,2026-03-26,2360,1625.0,0.03833865814696491,0.009230769230769154,0.05,0.0004615384615384577
2026-03-25,2026-03-26,2101,35.2,0.03529411764705892,-0.02556818181818199,0.05,-0.0012784090909090996
2026-03-26,2026-03-27,2231,114.0,0.41089108910891103,0.09649122807017552,0.05,0.0048245614035087765
2026-03-26,2026-03-27,1309,20.15,0.17492711370262382,0.09925558312655092,0.05,0.004962779156327546
2026-03-26,2026-03-27,1308,18.05,0.12461059190031154,-0.02216066481994472,0.05,-0.001108033240997236
2026-03-26,2026-03-27,1456,14.75,0.1216730038022813,-0.023728813559321993,0.05,-0.0011864406779660997
2026-03-26,2026-03-27,1304,15.85,0.12014134275618371,0.02208201892744488,0.05,0.001104100946372244
2026-03-26,2026-03-27,1305,17.2,0.11326860841423958,-0.026162790697674354,0.05,-0.0013081395348837179
2026-03-26,2026-03-27,2025,11.6,0.0995260663507107,-0.004310344827586077,0.05,-0.00021551724137930384
2026-03-26,2026-03-27,2313,245.5,0.09843400447427286,0.09979633401221988,0.05,0.004989816700610994
2026-03-26,2026-03-27,1597,85.0,0.07458912768647297,0.004705882352941337,0.05,0.00023529411764706688
2026-03-26,2026-03-27,2032,16.5,0.0714285714285714,-0.00303030303030305,0.05,-0.0001515151515151525
2026-03-26,2026-03-27,1524,30.8,0.06944444444444442,-0.009740259740259716,0.05,-0.0004870129870129858
2026-03-26,2026-03-27,2038,15.65,0.057432432432432456,-0.0031948881789137795,0.05,-0.000159744408945689
2026-03-26,2026-03-27,1225,32.75,0.054750402576489554,-0.013740458015267243,0.05,-0.0006870229007633621
2026-03-26,2026-03-27,2345,1675.0,0.053459119496855445,-0.011940298507462699,0.05,-0.000597014925373135
2026-03-26,2026-03-27,2014,18.8,0.053221288515406195,-0.010638297872340385,0.05,-0.0005319148936170193
2026-03-26,2026-03-27,2351,99.2,0.05307855626326963,0.053427419354838745,0.05,0.0026713709677419375
2026-03-26,2026-03-27,2002,19.75,0.05053191489361697,-0.007594936708860689,0.05,-0.00037974683544303445
2026-03-26,2026-03-27,2355,49.4,0.04994686503719459,0.022267206477732726,0.05,0.0011133603238866363
2026-03-26,2026-03-27,2405,15.85,0.04966887417218535,0.006309148264984188,0.05,0.00031545741324920943
2026-03-26,2026-03-27,2243,20.65,0.048223350253806974,0.009685230024213176,0.05,0.00048426150121065885
2026-03-27,2026-03-30,2231,125.0,0.5206812652068127,0.1,0.05,0.005000000000000001
2026-03-27,2026-03-30,1309,22.15,0.22375690607734788,0.09932279909706554,0.05,0.004966139954853278
2026-03-27,2026-03-30,2313,270.0,0.21621621621621623,-0.025925925925925908,0.05,-0.0012962962962962954
2026-03-27,2026-03-30,1582,102.0,0.15646258503401356,0.0,0.05,0.0
2026-03-27,2026-03-30,2351,104.5,0.13710554951033727,-0.07081339712918666,0.05,-0.0035406698564593333
2026-03-27,2026-03-30,1528,25.45,0.1261061946902653,-0.037328094302554016,0.05,-0.0018664047151277009
2026-03-27,2026-03-30,2355,50.5,0.10989010989010994,0.017821782178217838,0.05,0.0008910891089108919
2026-03-27,2026-03-30,1723,80.7,0.09054054054054061,0.09913258983890949,0.05,0.0049566294919454745
2026-03-27,2026-03-30,1304,16.2,0.07641196013289031,0.09876543209876543,0.05,0.0049382716049382715
2026-03-27,2026-03-30,2367,78.2,0.0712328767123287,-0.021739130434782594,0.05,-0.0010869565217391298
2026-03-27,2026-03-30,1308,17.65,0.06969696969696959,0.09915014164305958,0.05,0.004957507082152979
2026-03-27,2026-03-30,2243,20.85,0.0692307692307692,0.0983213429256593,0.05,0.0049160671462829654
2026-03-27,2026-03-30,1597,85.4,0.06351183063511834,0.022248243559718883,0.05,0.0011124121779859442
2026-03-27,2026-03-30,1524,30.5,0.06271777003484313,-0.016393442622950838,0.05,-0.000819672131147542
2026-03-27,2026-03-30,2059,3600.0,0.05726872246696035,-0.03888888888888886,0.05,-0.001944444444444443
2026-03-27,2026-03-30,2236,114.0,0.05555555555555558,-0.021929824561403466,0.05,-0.0010964912280701734
2026-03-27,2026-03-30,2049,235.0,0.05145413870246096,0.051063829787234116,0.05,0.002553191489361706
2026-03-27,2026-03-30,2402,53.0,0.03921568627450989,-0.02075471698113207,0.05,-0.0010377358490566036
2026-03-27,2026-03-30,2008,28.9,0.037701974865349985,-0.04671280276816603,0.05,-0.0023356401384083017
2026-03-27,2026-03-30,2383,2910.0,0.03558718861209975,-0.04295532646048106,0.05,-0.002147766323024053
2026-03-30,2026-03-31,2231,137.5,0.5210176991150441,-0.09818181818181815,0.05,-0.004909090909090908
2026-03-30,2026-03-31,1309,24.35,0.22361809045226155,-0.05338809034907599,0.05,-0.0026694045174537996
2026-03-30,2026-03-31,2313,263.0,0.21759259259259256,-0.057034220532319435,0.05,-0.002851711026615972
2026-03-30,2026-03-31,2243,22.9,0.20526315789473681,-0.048034934497816484,0.05,-0.002401746724890824
2026-03-30,2026-03-31,1582,102.0,0.2028301886792454,-0.03333333333333344,0.05,-0.001666666666666672
2026-03-30,2026-03-31,2355,51.4,0.19119351100811133,-0.0077821011673151474,0.05,-0.00038910505836575737
2026-03-30,2026-03-31,1723,88.7,0.17173051519154559,-0.007891770011273946,0.05,-0.00039458850056369734
2026-03-30,2026-03-31,2049,247.0,0.11764705882352944,-0.0748987854251012,0.05,-0.00374493927125506
2026-03-30,2026-03-31,1563,44.2,0.10499999999999998,-0.05429864253393679,0.05,-0.00271493212669684
2026-03-30,2026-03-31,1528,24.5,0.10360360360360366,0.09999999999999987,0.05,0.004999999999999994
2026-03-30,2026-03-31,1303,81.4,0.10298102981029822,-0.0921375921375921,0.05,-0.004606879606879605
2026-03-30,2026-03-31,1304,17.8,0.07552870090634434,0.02528089887640439,0.05,0.0012640449438202197
2026-03-30,2026-03-31,2367,76.5,0.07293127629733531,-0.039215686274509776,0.05,-0.001960784313725489
2026-03-30,2026-03-31,2236,111.5,0.07211538461538458,-0.004484304932735439,0.05,-0.00022421524663677195
2026-03-30,2026-03-31,2360,1625.0,0.06907894736842102,-0.09846153846153849,0.05,-0.004923076923076925
2026-03-30,2026-03-31,1308,19.4,0.06887052341597788,-0.046391752577319534,0.05,-0.0023195876288659768
2026-03-30,2026-03-31,1524,30.0,0.06194690265486735,-0.01666666666666672,0.05,-0.000833333333333336
2026-03-30,2026-03-31,2314,19.35,0.0602739726027397,-0.0025839793281654533,0.05,-0.00012919896640827268
2026-03-30,2026-03-31,2106,18.6,0.05382436260623247,-0.024193548387096975,0.05,-0.0012096774193548487
2026-03-30,2026-03-31,1776,16.3,0.05161290322580658,-0.021472392638036908,0.05,-0.0010736196319018454
2026-03-31,2026-04-01,1528,26.95,0.27122641509433953,-0.03153988868274571,0.05,-0.0015769944341372855
2026-03-31,2026-04-01,2231,124.0,0.2474849094567404,-0.024193548387096753,0.05,-0.0012096774193548377
2026-03-31,2026-04-01,1723,88.0,0.20547945205479445,-0.01477272727272727,0.05,-0.0007386363636363636
2026-03-31,2026-04-01,1582,98.6,0.20243902439024386,0.09533468559837743,0.05,0.004766734279918872
2026-03-31,2026-04-01,2355,51.0,0.19999999999999996,0.0352941176470587,0.05,0.001764705882352935
2026-03-31,2026-04-01,1304,18.25,0.18892508143322484,-0.0547945205479452,0.05,-0.0027397260273972603
2026-03-31,2026-04-01,2313,248.0,0.18377088305489253,0.07258064516129026,0.05,0.0036290322580645133
2026-03-31,2026-04-01,1309,23.05,0.15250000000000008,0.02386117136659438,0.05,0.001193058568329719
2026-03-31,2026-04-01,1324,11.95,0.14903846153846145,-0.05020920502092052,0.05,-0.0025104602510460264
2026-03-31,2026-04-01,2243,21.8,0.12661498708010321,0.011467889908256979,0.05,0.000573394495412849
2026-03-31,2026-04-01,2314,19.3,0.10285714285714298,-0.025906735751295318,0.05,-0.001295336787564766
2026-03-31,2026-04-01,2239,24.25,0.08501118568232657,-0.016494845360824684,0.05,-0.0008247422680412342
2026-03-31,2026-04-01,2367,73.5,0.07613469985358723,0.013605442176870763,0.05,0.0006802721088435382
2026-03-31,2026-04-01,1445,13.4,0.07200000000000006,-0.059701492537313494,0.05,-0.0029850746268656747
2026-03-31,2026-04-01,2236,111.0,0.05213270142180093,0.009009009009008917,0.05,0.00045045045045044585
2026-03-31,2026-04-01,1452,11.6,0.04977375565610842,0.008620689655172376,0.05,0.0004310344827586188
2026-03-31,2026-04-01,1308,18.5,0.04815864022662897,-0.032432432432432545,0.05,-0.0016216216216216274
2026-03-31,2026-04-01,1524,29.5,0.046099290780141855,0.03728813559322042,0.05,0.001864406779661021
2026-03-31,2026-04-01,1563,41.8,0.043695380774032566,0.0071770334928231705,0.05,0.00035885167464115857
2026-03-31,2026-04-01,1590,993.0,0.04197271773347322,0.03222557905337364,0.05,0.0016112789526686823
2026-04-01,2026-04-02,1309,23.6,0.2861035422343323,0.09957627118644052,0.05,0.0049788135593220265
2026-04-01,2026-04-02,1582,108.0,0.27659574468085113,-0.02777777777777779,0.05,-0.0013888888888888896
2026-04-01,2026-04-02,1723,86.7,0.19586206896551728,-0.01730103806228378,0.05,-0.000865051903114189
2026-04-01,2026-04-02,1304,17.25,0.19377162629757794,0.03768115942028971,0.05,0.0018840579710144856
2026-04-01,2026-04-02,2355,52.8,0.17463848720800867,-0.02083333333333326,0.05,-0.001041666666666663
2026-04-01,2026-04-02,2231,121.0,0.16346153846153855,-0.07438016528925617,0.05,-0.0037190082644628086
2026-04-01,2026-04-02,2313,266.0,0.15652173913043477,-0.022556390977443663,0.05,-0.0011278195488721831
2026-04-01,2026-04-02,1528,26.1,0.13478260869565228,-0.024904214559387072,0.05,-0.0012452107279693537
2026-04-01,2026-04-02,1324,11.35,0.09134615384615374,0.022026431718061623,0.05,0.0011013215859030812
2026-04-01,2026-04-02,1308,17.9,0.08814589665653494,0.03910614525139677,0.05,0.0019553072625698386
2026-04-01,2026-04-02,2314,18.8,0.0773638968481376,-0.09840425531914898,0.05,-0.00492021276595745
2026-04-01,2026-04-02,2243,22.05,0.06265060240963849,-0.09750566893424051,0.05,-0.004875283446712026
2026-04-01,2026-04-02,1525,64.5,0.06260296540362442,-0.010852713178294615,0.05,-0.0005426356589147308
2026-04-01,2026-04-02,2239,23.85,0.06000000000000005,-0.03144654088050314,0.05,-0.0015723270440251569
2026-04-01,2026-04-02,1452,11.7,0.0588235294117645,0.025641025641025772,0.05,0.0012820512820512888
2026-04-01,2026-04-02,1305,16.9,0.052959501557632294,0.062130177514792884,0.05,0.0031065088757396444
2026-04-01,2026-04-02,2106,18.6,0.05084745762711873,0.005376344086021501,0.05,0.00026881720430107505
2026-04-01,2026-04-02,1531,13.25,0.04743083003952564,-0.015094339622641506,0.05,-0.0007547169811320753
2026-04-01,2026-04-02,1402,27.15,0.046242774566473965,-0.018416206261510082,0.05,-0.0009208103130755041
2026-04-01,2026-04-02,1563,42.1,0.04337050805452303,-0.01187648456057011,0.05,-0.0005938242280285055
2026-04-02,2026-04-07,1309,25.95,0.28784119106699757,0.021194605009633882,0.05,0.0010597302504816942
2026-04-02,2026-04-07,1723,85.2,0.1607629427792916,-0.0046948356807512415,0.05,-0.0002347417840375621
2026-04-02,2026-04-07,2399,33.8,0.15555555555555545,0.020710059171597628,0.05,0.0010355029585798815
2026-04-02,2026-04-07,1304,17.9,0.12933753943217652,-0.008379888268156388,0.05,-0.00041899441340781943
2026-04-02,2026-04-07,1582,105.0,0.12903225806451624,0.0,0.05,0.0
2026-04-02,2026-04-07,2101,37.75,0.10058309037900881,-0.05960264900662249,0.05,-0.0029801324503311247
2026-04-02,2026-04-07,1528,25.45,0.09935205183585327,0.05500982318271119,0.05,0.0027504911591355596
2026-04-02,2026-04-07,1789,22.65,0.08894230769230749,-0.0353200883002206,0.05,-0.00176600441501103
2026-04-02,2026-04-07,2364,66.2,0.08524590163934431,-0.049848942598187396,0.05,-0.00249244712990937
2026-04-02,2026-04-07,1324,11.6,0.0841121495327104,0.09913793103448287,0.05,0.004956896551724144
2026-04-02,2026-04-07,1452,12.0,0.07623318385650224,-0.004166666666666763,0.05,-0.00020833333333333814
2026-04-02,2026-04-07,2313,260.0,0.05906313645621175,0.05769230769230771,0.05,0.0028846153846153856
2026-04-02,2026-04-07,2106,18.7,0.050561797752809,-0.016042780748663166,0.05,-0.0008021390374331584
2026-04-02,2026-04-07,2027,38.4,0.04918032786885229,-0.007812499999999889,0.05,-0.0003906249999999945
2026-04-02,2026-04-07,2355,51.7,0.04655870445344146,-0.025145067698259305,0.05,-0.0012572533849129653
2026-04-02,2026-04-07,1305,17.95,0.043604651162790775,-0.01949860724233976,0.05,-0.000974930362116988
2026-04-02,2026-04-07,1587,36.2,0.043227665706051965,0.026243093922651894,0.05,0.0013121546961325948
2026-04-02,2026-04-07,2102,20.2,0.04123711340206193,-0.004950495049504844,0.05,-0.0002475247524752422
2026-04-02,2026-04-07,1525,63.8,0.039087947882736174,-0.014106583072100332,0.05,-0.0007053291536050166
2026-04-02,2026-04-07,1101,23.7,0.037199124726476906,0.012658227848101333,0.05,0.0006329113924050667
2026-04-07,2026-04-08,1324,12.75,0.2028301886792454,-0.07450980392156858,0.05,-0.0037254901960784292
2026-04-07,2026-04-08,1309,26.5,0.196388261851016,-0.09999999999999998,0.05,-0.004999999999999999
2026-04-07,2026-04-08,2399,34.5,0.11290322580645151,0.1,0.05,0.005000000000000001
2026-04-07,2026-04-08,1304,17.75,0.095679012345679,-0.09859154929577463,0.05,-0.004929577464788732
2026-04-07,2026-04-08,2337,136.5,0.09200000000000008,0.098901098901099,0.05,0.00494505494505495
2026-04-07,2026-04-08,1303,80.5,0.08490566037735836,0.05714285714285716,0.05,0.0028571428571428584
2026-04-07,2026-04-08,1452,11.95,0.06696428571428581,0.004184100418409997,0.05,0.00020920502092049988
2026-04-07,2026-04-08,1587,37.15,0.059914407988587826,0.004037685060565233,0.05,0.00020188425302826164
2026-04-07,2026-04-08,1528,26.85,0.05500982318271119,0.013035381750465369,0.05,0.0006517690875232685
2026-04-07,2026-04-08,1308,18.6,0.05382436260623247,-0.09946236559139787,0.05,-0.004973118279569894
2026-04-07,2026-04-08,1101,24.0,0.05263157894736836,0.05833333333333335,0.05,0.0029166666666666677
2026-04-07,2026-04-08,1723,84.8,0.050805452292441045,-0.07900943396226423,0.05,-0.003950471698113212
2026-04-07,2026-04-08,1305,17.6,0.05074626865671661,-0.09659090909090917,0.05,-0.004829545454545459
2026-04-07,2026-04-08,1597,89.6,0.04918032786885229,0.04241071428571441,0.05,0.0021205357142857206
2026-04-07,2026-04-08,2102,20.1,0.04687500000000022,-0.0024875621890547706,0.05,-0.00012437810945273853
2026-04-07,2026-04-08,2020,25.3,0.04329896907216502,-0.0039525691699605625,0.05,-0.00019762845849802813
2026-04-07,2026-04-08,2351,109.0,0.04306220095693769,0.08256880733944949,0.05,0.004128440366972475
2026-04-07,2026-04-08,2027,38.1,0.040983606557376984,0.01049868766404205,0.05,0.0005249343832021025
2026-04-07,2026-04-08,1590,1030.0,0.04040404040404044,0.043689320388349495,0.05,0.002184466019417475
2026-04-07,2026-04-08,2033,16.1,0.03536977491961424,0.009316770186335255,0.05,0.00046583850931676275
2026-04-08,2026-04-09,2399,37.95,0.2422258592471358,-0.06587615283267456,0.05,-0.003293807641633728
2026-04-08,2026-04-09,2351,118.0,0.21524201853759029,-0.008474576271186418,0.05,-0.00042372881355932094
2026-04-08,2026-04-09,2337,150.0,0.171875,-0.053333333333333344,0.05,-0.0026666666666666674
2026-04-08,2026-04-09,2340,29.1,0.14792899408284033,0.02405498281786933,0.05,0.0012027491408934665
2026-04-08,2026-04-09,2383,3170.0,0.13824057450628358,0.01577287066246047,0.05,0.0007886435331230235
2026-04-08,2026-04-09,1101,25.4,0.12638580931263843,-0.011811023622047112,0.05,-0.0005905511811023557
2026-04-08,2026-04-09,1717,67.1,0.11276948590381419,0.09985096870342769,0.05,0.0049925484351713845
2026-04-08,2026-04-09,2368,998.0,0.11135857461024501,0.09719438877755504,0.05,0.004859719438877752
2026-04-08,2026-04-09,1528,27.2,0.11020408163265305,-0.005514705882352922,0.05,-0.0002757352941176461
2026-04-08,2026-04-09,2402,56.9,0.09633911368015413,-0.019332161687170446,0.05,-0.0009666080843585223
2026-04-08,2026-04-09,2382,307.5,0.09430604982206403,0.01788617886178856,0.05,0.0008943089430894281
2026-04-08,2026-04-09,1590,1075.0,0.08915906788247208,0.0,0.05,0.0
2026-04-08,2026-04-09,1802,59.0,0.08455882352941169,0.008474576271186418,0.05,0.00042372881355932094
2026-04-08,2026-04-09,1587,37.3,0.08272859216255424,-0.029490616621983712,0.05,-0.0014745308310991857
2026-04-08,2026-04-09,1324,11.8,0.08256880733944949,0.004237288135593209,0.05,0.00021186440677966047
2026-04-08,2026-04-09,2404,904.0,0.08133971291866038,0.0033185840707965486,0.05,0.00016592920353982745
2026-04-08,2026-04-09,2376,244.5,0.07236842105263164,0.026584867075664542,0.05,0.0013292433537832272
2026-04-08,2026-04-09,1452,12.0,0.0714285714285714,0.004166666666666652,0.05,0.00020833333333333261
2026-04-08,2026-04-09,1597,93.4,0.06987399770904945,-0.03533190578158474,0.05,-0.001766595289079237
2026-04-08,2026-04-09,1342,88.9,0.06339712918660312,-0.012373453318335281,0.05,-0.0006186726659167641
