engine,signal_date,trade_date,symbol,market,signal_close,mom_5d,std_5d,trade_ret,weight_engine,weight_portfolio,wret,capital_after_trade,cash_mode
A,2026-01-16,2026-01-19,1464,TWSE,11.85,0.0627802690582959,0.0078101990566649,0.0042194092827005,0.1150252009365795,0.0301941152458521,0.0001274013301512,101152.98893828593,True
A,2026-01-16,2026-01-19,1475,TWSE,33.5,0.0567823343848581,0.0083981461072316,-0.0208955223880598,0.0813824017176102,0.0213628804508726,-0.0004463885467346,101152.98893828593,True
A,2026-01-16,2026-01-19,1717,TWSE,67.3,0.3093385214007782,0.0436658626983665,0.0445765230312036,0.0893418360116143,0.0234522319530487,0.0010454189577882,101152.98893828593,True
A,2026-01-16,2026-01-19,1783,TWSE,46.6,0.0390189520624302,0.0053339355522429,0.0128755364806867,0.0952634891154546,0.0250066658928068,0.0003219742389631,101152.98893828593,True
A,2026-01-16,2026-01-19,2104,TWSE,12.0,0.0958904109589042,0.0119382892040491,0.0416666666666667,0.1148516049034284,0.0301485462871499,0.0012561894286312,101152.98893828593,True
A,2026-01-16,2026-01-19,2302,TWSE,19.1,0.0790960451977402,0.0087629515863748,0.0732984293193717,0.1450372601350664,0.0380722807854549,0.0027906383821799,101152.98893828593,True
A,2026-01-16,2026-01-19,2312,TWSE,33.7,0.4780701754385965,0.0390521463363239,0.0504451038575666,0.2667868600818114,0.0700315507714754,0.0035327488519735,101152.98893828593,True
A,2026-01-16,2026-01-19,2371,TWSE,38.85,0.2451923076923077,0.0340498160554525,0.0334620334620334,0.092311347098435,0.0242317286133391,0.0008108429137024,101152.98893828593,True
A,2026-01-19,2026-01-20,1528,TWSE,31.15,0.3875278396436525,0.0480909852488687,0.0176565008025681,0.1079632409112614,0.0283403507392061,0.0005003914255718,100786.74908384544,True
A,2026-01-19,2026-01-20,1721,TWSE,22.05,0.4364820846905537,0.0389518866103557,-0.0544217687074829,0.2087725013696739,0.0548027816095394,-0.002982464305281,100786.74908384544,True
A,2026-01-19,2026-01-20,1783,TWSE,47.2,0.0407938257993385,0.0056594181724415,-0.0158898305084745,0.0863858510880675,0.0226762859106177,-0.0003603223396814,100786.74908384544,True
A,2026-01-19,2026-01-20,1789,TWSE,27.1,0.145877378435518,0.0179672134878413,0.0424354243542435,0.1096003298361454,0.0287700865819881,0.0012208708328149,100786.74908384544,True
A,2026-01-19,2026-01-20,2104,TWSE,12.5,0.1013215859030838,0.0139288224382876,-0.0159999999999999,0.0879776904374496,0.0230941437398305,-0.0003695062998372,100786.74908384544,True
A,2026-01-19,2026-01-20,2241,TWSE,37.3,0.0890510948905107,0.0096624152677086,-0.0227882037533511,0.1412226985479674,0.0370709583688414,-0.0008447805526411,100786.74908384544,True
A,2026-01-19,2026-01-20,2312,TWSE,35.4,0.4131736526946106,0.0398095558520299,-0.0127118644067795,0.1790968793543681,0.0470129308305216,-0.0005976220020828,100786.74908384544,True
A,2026-01-19,2026-01-20,2371,TWSE,40.15,0.2372881355932201,0.0344281714348633,0.0647571606475716,0.0789808084550664,0.0207324622194549,0.0013425753865649,100786.74908384544,True
A,2026-01-20,2026-01-21,1474,TWSE,10.45,0.0346534653465346,0.0044761161118452,-0.0047846889952152,0.0686794626406329,0.0180283589431661,-8.626009063715706e-05,100981.00400028584,True
A,2026-01-20,2026-01-21,1528,TWSE,31.7,0.4311512415349887,0.0351292690956491,-0.0441640378548895,0.1726066240496572,0.045309238813035,-0.0020010389381151,100981.00400028584,True
A,2026-01-20,2026-01-21,1618,TWSE,45.4,0.0939759036144578,0.0089420410324958,0.0308370044052863,0.1265598745330197,0.0332219670649176,0.0010244659447331,100981.00400028584,True
A,2026-01-20,2026-01-21,1789,TWSE,28.25,0.1697722567287785,0.0185288981059633,-0.0601769911504425,0.0961990180888557,0.0252522422483246,-0.0015196039583062,100981.00400028584,True
A,2026-01-20,2026-01-21,1802,TWSE,50.5,0.4831130690161529,0.0379505643717107,0.0693069306930693,0.1856938414358503,0.0487446333769107,0.0033783409271126,100981.00400028584,True
A,2026-01-20,2026-01-21,1809,TWSE,27.5,0.4322916666666667,0.0334849452155963,0.0327272727272727,0.1909813438049937,0.0501326027488108,0.0016407033626883,100981.00400028584,True
A,2026-01-20,2026-01-21,2106,TWSE,21.1,0.0932642487046633,0.0122537243942323,-0.028436018957346,0.0663789737827258,0.0174244806179655,-0.0004954828611743,100981.00400028584,True
A,2026-01-20,2026-01-21,2371,TWSE,42.75,0.1991584852734922,0.0221185747136955,-0.0397660818713451,0.0929008616642644,0.0243864761868694,-0.0009697546086006,100981.00400028584,True
A,2026-01-21,2026-01-22,1514,TWSE,139.5,0.2857142857142858,0.056744097060714,0.007168458781362,0.0117624021959368,0.0030876305764334,2.2133552519236184e-05,99429.21843622148,True
A,2026-01-21,2026-01-22,1526,TWSE,23.55,0.3934911242603551,0.0433266791043341,-0.0573248407643313,0.0382677179957066,0.010045275973873,-0.000575843845636,99429.21843622148,True
A,2026-01-21,2026-01-22,1529,TWSE,25.6,0.1743119266055046,0.0371575490544563,0.048828125,0.0102101840721299,0.0026801733189341,0.0001308678378385,99429.21843622148,True
A,2026-01-21,2026-01-22,1609,TWSE,43.0,0.073657927590512,0.0137512091960582,0.0999999999999998,0.0133116122485017,0.0034942982152317,0.0003494298215231,99429.21843622148,True
A,2026-01-21,2026-01-22,1618,TWSE,46.8,0.0973036342321218,0.0098410945859632,0.0534188034188034,0.0453570427329648,0.0119062237174032,0.0006360162242202,99429.21843622148,True
A,2026-01-21,2026-01-22,1802,TWSE,54.0,0.5629522431259046,0.0135264257567139,-0.0518518518518518,0.8036194624412165,0.2109501088908193,-0.0109381537943387,99429.21843622148,True
A,2026-01-21,2026-01-22,1809,TWSE,28.4,0.4199999999999999,0.0358588600813008,-0.0739436619718308,0.0636471711727126,0.016707382432837,-0.0012354050390478,99429.21843622148,True
A,2026-01-21,2026-01-22,2351,TWSE,86.0,0.1375661375661376,0.0252014206292019,0.0337209302325582,0.0138244071408306,0.003628906874468,0.0001223701155343,99429.21843622148,True
A,2026-01-22,2026-01-23,1445,TWSE,14.6,0.1869918699186989,0.0389775753263018,-0.023972602739726,0.0294099011161994,0.0077200990430023,-0.0001850708674692,98946.47448012327,True
A,2026-01-22,2026-01-23,1513,TWSE,184.0,0.2185430463576159,0.0402883088778185,0.0,0.0376005038008164,0.0098701322477143,0.0,98946.47448012327,True
A,2026-01-22,2026-01-23,1514,TWSE,140.5,0.3509615384615385,0.0374149649356783,0.0142348754448398,0.1124361894101316,0.0295144997201595,0.0004201352273332,98946.47448012327,True
A,2026-01-22,2026-01-23,1529,TWSE,26.85,0.2665094339622642,0.0151088989498638,0.0093109869646181,0.3975916541633055,0.1043678092178676,0.0009717673111533,98946.47448012327,True
A,2026-01-22,2026-01-23,1618,TWSE,49.3,0.1518691588785046,0.0146283465071963,0.0162271805273834,0.1377293234500037,0.0361539474056259,0.0005866766313286,98946.47448012327,True
A,2026-01-22,2026-01-23,1802,TWSE,51.2,0.3473684210526315,0.0656001226614586,-0.0273437500000001,0.0358301915158033,0.0094054252728983,-0.0002571795973058,98946.47448012327,True
A,2026-01-22,2026-01-23,2342,TWSE,38.95,0.1661676646706589,0.0141841535188697,-0.0872913992297819,0.1753734726115621,0.046035536560535,-0.0040185064006628,98946.47448012327,True
A,2026-01-22,2026-01-23,2351,TWSE,88.9,0.1697368421052631,0.0223005070502187,-0.048368953880765,0.0740287639321776,0.0194325505321966,-0.0009399321404774,98946.47448012327,True
A,2026-01-23,2026-01-26,1337,TWSE,5.82,0.217573221757322,0.0543241461688464,-0.0378006872852234,0.0520070614692639,0.0136518536356817,-0.000516049450146,98701.94306389196,True
A,2026-01-23,2026-01-26,1471,TWSE,12.15,0.2397959183673468,0.0524877184696957,0.0987654320987654,0.0676714419401296,0.017763753509284,0.0017544447910403,98701.94306389196,True
A,2026-01-23,2026-01-26,1513,TWSE,184.0,0.1499999999999999,0.0421601784152004,-0.0163043478260869,0.0410407115565839,0.0107731867836032,-0.0001756497845152,98701.94306389196,True
A,2026-01-23,2026-01-26,1514,TWSE,142.5,0.25,0.0369502233964701,-0.0245614035087718,0.1484168197982573,0.0389594151970425,-0.0009568979171203,98701.94306389196,True
A,2026-01-23,2026-01-26,1529,TWSE,27.1,0.2152466367713004,0.0227636185652569,-0.022140221402214,0.2898860892567979,0.0760950984299094,-0.0016847623268614,98701.94306389196,True
A,2026-01-23,2026-01-26,1618,TWSE,50.1,0.1464530892448512,0.0154001910956126,-0.027944111776447,0.293212217477188,0.0769682070877618,-0.0021508081820931,98701.94306389196,True
A,2026-01-23,2026-01-26,2313,TWSE,171.0,0.204225352112676,0.049628165497749,0.0350877192982457,0.0549035100606308,0.0144121713909155,0.0005056902242426,98701.94306389196,True
A,2026-01-23,2026-01-26,2367,TWSE,44.1,0.203274215552524,0.0503417736315368,0.0997732426303854,0.0528621484411483,0.0138763139658014,0.0013844848401253,98701.94306389196,True
A,2026-01-26,2026-01-27,1445,TWSE,14.6,0.1821862348178138,0.0432507885383201,-0.0136986301369862,0.104307254214874,0.0273806542314044,-0.0003750774552247,98825.01854815795,True
A,2026-01-26,2026-01-27,1471,TWSE,13.35,0.3152709359605909,0.0570790742742813,0.097378277153558,0.1793434363314808,0.0470776520370137,0.004584340647799,98825.01854815795,True
A,2026-01-26,2026-01-27,1529,TWSE,26.5,0.1597374179431072,0.0362526722132565,-0.0452830188679245,0.1141312882789674,0.0299594631732289,-0.0013566549361462,98825.01854815795,True
A,2026-01-26,2026-01-27,2236,TWSE,114.0,0.0316742081447964,0.0074738700302578,0.0043859649122806,0.1055824671196075,0.0277153976188969,0.0001215587614863,98825.01854815795,True
A,2026-01-26,2026-01-27,2313,TWSE,177.0,0.2334494773519164,0.0472949603858014,-0.0451977401129943,0.1432278699931047,0.03759731587319,-0.0016993137117826,98825.01854815795,True
A,2026-01-26,2026-01-27,2359,TWSE,137.0,0.0418250950570342,0.012015240869743,-0.0072992700729926,0.0712328482303471,0.0186986226604661,-0.0001364862967917,98825.01854815795,True
A,2026-01-26,2026-01-27,2365,TWSE,40.7,0.1120218579234972,0.02839708336059,-0.0343980343980345,0.0914807067755597,0.0240136855285844,-0.0008260235808358,98825.01854815795,True
A,2026-01-26,2026-01-27,2367,TWSE,48.5,0.307277628032345,0.0539508148359282,0.0329896907216495,0.1906941290560583,0.0500572088772153,0.0016513718392483,98825.01854815795,True
A,2026-01-27,2026-01-28,1337,TWSE,6.16,0.2701030927835053,0.0675967687233499,-0.047077922077922,0.0657900536057771,0.0172698890715165,-0.0008130304920032,97786.22332164337,True
A,2026-01-27,2026-01-28,1447,TWSE,6.29,0.2003816793893129,0.0561568706405844,-0.0842607313195549,0.0524642202926293,0.0137718578268152,-0.0011604268121163,97786.22332164337,True
A,2026-01-27,2026-01-28,1455,TWSE,10.3,0.2842892768079801,0.0510545759783665,-0.0893203883495145,0.1277628539866626,0.0335377491714989,-0.0029956047803668,97786.22332164337,True
A,2026-01-27,2026-01-28,1471,TWSE,14.65,0.4504950495049507,0.0464062113548351,-0.0511945392491467,0.388311999396606,0.101931899841609,-0.0052183566471813,97786.22332164337,True
A,2026-01-27,2026-01-28,1582,TWSE,72.5,0.0772659732540861,0.0190597205392993,-0.0206896551724138,0.0677168063067613,0.0177756616555248,-0.0003677723101143,97786.22332164337,True
A,2026-01-27,2026-01-28,2236,TWSE,114.5,0.0315315315315314,0.0074822710778548,0.0131004366812226,0.073177260958463,0.0192090310015965,0.000251646694344,97786.22332164337,True
A,2026-01-27,2026-01-28,2359,TWSE,136.0,0.0421455938697317,0.0119146565287896,0.0404411764705883,0.0515577836483074,0.0135339182076807,0.0005473275745753,97786.22332164337,True
A,2026-01-27,2026-01-28,2367,TWSE,50.1,0.3306772908366535,0.0510015150228038,-0.0039920159680639,0.1732190218047928,0.0454699932237581,-0.000181516939017,97786.22332164337,True
A,2026-01-28,2026-01-29,1325,TWSE,35.8,0.2409012131715768,0.0507450224421612,-0.0991620111731842,0.0328839882118608,0.0086320469056134,-0.0008559711317018,96898.67812571736,True
A,2026-01-28,2026-01-29,1471,TWSE,13.9,0.3830845771144278,0.0670846232191279,-0.0863309352517986,0.0475813519134118,0.0124901048772706,-0.0010782824354478,96898.67812571736,True
A,2026-01-28,2026-01-29,1795,TWSE,346.0,0.138157894736842,0.0142311778019365,0.0289017341040462,0.1375191210039563,0.0360987692635385,0.0010433170307381,96898.67812571736,True
A,2026-01-28,2026-01-29,2027,TWSE,38.7,0.0825174825174825,0.0118669826780169,0.0387596899224806,0.0705512437276586,0.0185197014785103,0.0007178178867639,96898.67812571736,True
A,2026-01-28,2026-01-29,2236,TWSE,116.0,0.045045045045045,0.0070261675918842,-0.0129310344827586,0.059972250019647,0.0157427156301573,-0.0002035695986658,96898.67812571736,True
A,2026-01-28,2026-01-29,2359,TWSE,141.5,0.0842911877394636,0.0173285120528293,-0.0318021201413427,0.0345251183450309,0.0090628435655706,-0.0002882176398944,96898.67812571736,True
A,2026-01-28,2026-01-29,2368,TWSE,720.0,0.2080536912751678,0.010415779372102,-0.0388888888888888,0.5821845124197149,0.1528234345101751,-0.0059431335642845,96898.67812571736,True
A,2026-01-28,2026-01-29,2383,TWSE,1900.0,0.2179487179487178,0.0446396888722746,-0.0578947368421052,0.0347824143587193,0.0091303837691638,-0.0005286011655831,96898.67812571736,True
A,2026-01-29,2026-01-30,1460,TWSE,6.77,0.047987616099071,0.0106841820408813,-0.0177252584933529,0.0591079880715474,0.0155158468687812,-0.0002750223964924,96827.24370860444,True
A,2026-01-29,2026-01-30,1795,TWSE,356.0,0.1337579617834394,0.0138761690980396,0.0140449438202248,0.2722516494367895,0.0714660579771572,0.0010037367693421,96827.24370860444,True
A,2026-01-29,2026-01-30,2027,TWSE,40.2,0.1213389121338912,0.0127032075464263,-0.0223880597014927,0.2673276021459835,0.0701734955633206,-0.001571048408134,96827.24370860444,True
A,2026-01-29,2026-01-30,2029,TWSE,21.7,0.0457831325301203,0.0100996781429898,0.0046082949308756,0.0602096800610132,0.0158050410160159,7.283429039638837e-05,96827.24370860444,True
A,2026-01-29,2026-01-30,2069,TWSE,20.75,0.0949868073878628,0.0136169868654383,-0.0024096385542169,0.1425722309642005,0.0374252106281026,-9.018123042916578e-05,96827.24370860444,True
A,2026-01-29,2026-01-30,2207,TWSE,541.0,0.0324427480916029,0.0078083397580088,0.0055452865064695,0.0505810939611986,0.0132775371648146,7.362774767919483e-05,96827.24370860444,True
A,2026-01-29,2026-01-30,2344,TWSE,130.0,0.2440191387559809,0.0504778309825259,-0.0115384615384614,0.0684726060436121,0.0179740590864481,-0.000207392989459,96827.24370860444,True
A,2026-01-29,2026-01-30,2367,TWSE,50.4,0.2568578553615959,0.0493181679159788,0.0277777777777776,0.0794771493156551,0.0208627516953594,0.0005795208804266,96827.24370860444,True
A,2026-01-30,2026-02-02,1795,TWSE,361.0,0.1211180124223603,0.014792664600489,-0.018005540166205,0.2420929521873306,0.0635493999491742,-0.001144241273323,95764.92945290172,True
A,2026-01-30,2026-02-02,2008,TWSE,30.1,0.0379310344827585,0.0050657373811611,-0.026578073089701,0.2024703417481311,0.0531484647088844,-0.0014125837796381,95764.92945290172,True
A,2026-01-30,2026-02-02,2014,TWSE,19.75,0.196969696969697,0.0434650620738743,0.010126582278481,0.0741610312952905,0.0194672707150137,0.000197136918633,95764.92945290172,True
A,2026-01-30,2026-02-02,2029,TWSE,21.8,0.0506024096385542,0.0092431455257057,-0.0206422018348623,0.1082331444655802,0.0284112004222148,-0.000586469733486,95764.92945290172,True
A,2026-01-30,2026-02-02,2069,TWSE,20.7,0.0615384615384615,0.0146923632538352,-0.0144927536231884,0.0633530387848731,0.0166301726810292,-0.0002410169953772,95764.92945290172,True
A,2026-01-30,2026-02-02,2337,TWSE,92.8,0.3391053391053391,0.0524590290918235,-0.086206896551724,0.1508989776022572,0.0396109816205925,-0.0034147397948786,95764.92945290172,True
A,2026-01-30,2026-02-02,2344,TWSE,128.5,0.2475728155339804,0.0496505830554247,-0.0972762645914396,0.0897872651798087,0.0235691571096997,-0.0022927195632003,95764.92945290172,True
A,2026-01-30,2026-02-02,2367,TWSE,51.8,0.1746031746031744,0.0399435015360537,-0.05019305019305,0.0690032487367282,0.0181133527933911,-0.0009091644259231,95764.92945290172,True
A,2026-02-02,2026-02-03,1463,TWSE,17.75,0.0319767441860465,0.0086979829182181,0.0028169014084507,0.1718833206424098,0.0451193716686325,0.0001270968216017,95638.05308336033,True
A,2026-02-02,2026-02-03,1590,TWSE,1170.0,0.1641791044776119,0.0374773337868704,0.0042735042735042,0.2440623671309521,0.0640663713718749,0.0002737879118456,95638.05308336033,True
A,2026-02-02,2026-02-03,1795,TWSE,354.5,0.0693815987933634,0.0228222428600956,0.0211565585331452,0.1175369384568051,0.0308534463449113,0.0006527527435453,95638.05308336033,True
A,2026-02-02,2026-02-03,2002,TWSE,21.1,0.073791348600509,0.0263276873210978,-0.0213270142180096,0.0999051531741203,0.0262251027082065,-0.0005593031383266,95638.05308336033,True
A,2026-02-02,2026-02-03,2014,TWSE,19.95,0.1700879765395893,0.0452038335697829,-0.025062656641604,0.1800524877081579,0.0472637780233914,-0.0011845558401852,95638.05308336033,True
A,2026-02-02,2026-02-03,2038,TWSE,16.6,0.0921052631578949,0.0319632049396353,-0.0361445783132531,0.1056016442546565,0.0277204316168473,-0.0010019433114523,95638.05308336033,True
A,2026-02-02,2026-02-03,2069,TWSE,20.4,0.0329113924050632,0.0188477694172088,-0.0490196078431373,0.0387770706680266,0.010178981050357,-0.0004989696593312,95638.05308336033,True
A,2026-02-02,2026-02-03,2368,TWSE,706.0,0.06006006006006,0.0329783138020296,0.0694050991501415,0.0421810179648714,0.0110725172157787,0.0007684891552027,95638.05308336033,True
A,2026-02-03,2026-02-05,1445,TWSE,15.55,0.0798611111111111,0.0349236325876974,0.0160771704180064,0.0881350646368592,0.0231354544671755,0.0003719526441668,95672.4888546116,True
A,2026-02-03,2026-02-05,1590,TWSE,1175.0,0.146341463414634,0.0392842098388817,0.0595744680851064,0.2338921239847038,0.0613966825459847,0.0036576747048671,95672.4888546116,True
A,2026-02-03,2026-02-05,1735,TWSE,18.5,0.114457831325301,0.0495394931027627,-0.0513513513513512,0.0899714600457357,0.0236175082620056,-0.0012127909648056,95672.4888546116,True
A,2026-02-03,2026-02-05,1795,TWSE,362.0,0.0492753623188406,0.0182527071879294,-0.0331491712707182,0.122834937225171,0.0322441710216073,-0.0010688675476775,95672.4888546116,True
A,2026-02-03,2026-02-05,2002,TWSE,20.65,0.0671834625322995,0.0281251095627534,0.0145278450363195,0.0961730005539036,0.0252454126453997,0.0003667614427903,95672.4888546116,True
A,2026-02-03,2026-02-05,2014,TWSE,19.45,0.1611940298507461,0.0473530520680382,-0.0282776349614396,0.1953074510458636,0.0512682058995392,-0.001449743611555,95672.4888546116,True
A,2026-02-03,2026-02-05,2038,TWSE,16.0,0.0774410774410774,0.0364189322517719,-0.01875,0.0762088150377566,0.0200048139474111,-0.0003750902615139,95672.4888546116,True
A,2026-02-03,2026-02-05,2368,TWSE,755.0,0.1005830903790088,0.0418246193653108,0.0066225165562914,0.0974771474700061,0.0255877512108766,0.0001694553060322,95672.4888546116,True
A,2026-02-05,2026-02-06,1442,TWSE,29.95,0.0381282495667243,0.0152017416644015,-0.0100166944908181,0.0684437889710826,0.0179664946049092,-0.0001799648875283,95607.00767830014,True
A,2026-02-05,2026-02-06,1445,TWSE,15.8,0.11660777385159,0.0297695846065422,-0.0158227848101265,0.1669308064114011,0.0438193366829928,-0.0006933439348574,95607.00767830014,True
A,2026-02-05,2026-02-06,1466,TWSE,15.15,0.0448275862068965,0.0111436010746257,0.0990099009900988,0.1760623843379628,0.0462163758887152,0.0045758788008628,95607.00767830014,True
A,2026-02-05,2026-02-06,1590,TWSE,1245.0,0.2146341463414633,0.0375609495283159,-0.0401606425702811,0.3552642802428138,0.0932568735637386,-0.0037452559664152,95607.00767830014,True
A,2026-02-05,2026-02-06,2002,TWSE,20.95,0.068877551020408,0.0281274452547713,-0.026252983293556,0.0652411861740674,0.0171258113706927,-0.0004496036398033,95607.00767830014,True
A,2026-02-05,2026-02-06,2014,TWSE,18.9,0.1085043988269793,0.0545523194330022,-0.0423280423280422,0.0430422825967056,0.0112985991816352,-0.0004782475844078,95607.00767830014,True
A,2026-02-05,2026-02-06,2355,TWSE,40.1,0.0779569892473117,0.0385169959450522,-0.0610972568578553,0.044568943470916,0.0116993476611154,-0.0007147980491205,95607.00767830014,True
A,2026-02-05,2026-02-06,2367,TWSE,57.6,0.1543086172344689,0.0567480039640585,-0.0711805555555555,0.0804463277950504,0.0211171610462007,-0.0015031312550247,95607.00767830014,True
A,2026-02-06,2026-02-09,1342,TWSE,100.0,0.0604453870625663,0.0184004605588392,0.02,0.1486006344287183,0.0390076665375385,0.0007801533307507,96198.25421287806,True
A,2026-02-06,2026-02-09,1445,TWSE,15.55,0.0761245674740485,0.0344544620154253,-0.0192926045016077,0.0672218524945202,0.0176457362798115,-0.000340432211186,96198.25421287806,True
A,2026-02-06,2026-02-09,1463,TWSE,18.0,0.0344827586206897,0.0084360370644545,0.0027777777777777,0.2300799183851494,0.0603959785761017,0.0001677666071558,96198.25421287806,True
A,2026-02-06,2026-02-09,1466,TWSE,16.65,0.1365187713310578,0.041980935686007,0.0360360360360361,0.1456237682398195,0.0382262391629526,0.0013775221319982,96198.25421287806,True
A,2026-02-06,2026-02-09,1472,TWSE,90.0,0.0321100917431191,0.0097792210981902,0.0133333333333334,0.1484657393497015,0.0389722565792966,0.0005196300877239,96198.25421287806,True
A,2026-02-06,2026-02-09,1590,TWSE,1195.0,0.1490384615384614,0.0520719898216477,0.0167364016736402,0.1128080586942812,0.0296121154072488,0.0004956002578619,96198.25421287806,True
A,2026-02-06,2026-02-09,2368,TWSE,745.0,0.0765895953757225,0.0327956115121156,0.0697986577181208,0.0751034399025995,0.0197146529744323,0.0013760563149939,96198.25421287806,True
A,2026-02-06,2026-02-09,2383,TWSE,1925.0,0.0754189944134078,0.032960914499667,0.0805194805194804,0.0720965885052102,0.0189253544826176,0.0015238597115873,96198.25421287806,True
A,2026-02-09,2026-02-10,1342,TWSE,102.0,0.0932475884244372,0.0134503497534685,0.0049019607843137,0.2178535031636087,0.1307121018981652,0.00064074559754,96750.12276906226,False
A,2026-02-09,2026-02-10,1463,TWSE,18.05,0.0343839541547279,0.0084473733839704,0.0,0.0750973657875717,0.045058419472543,0.0,96750.12276906226,False
A,2026-02-09,2026-02-10,1466,TWSE,17.25,0.1774744027303754,0.0392810753850558,0.0260869565217389,0.0925254565551782,0.0555152739331069,0.0014482245373853,96750.12276906226,False
A,2026-02-09,2026-02-10,1472,TWSE,91.2,0.0494821634062139,0.0083397882997244,-0.0065789473684211,0.1595672465608084,0.095740347936485,-0.0006298707101084,96750.12276906226,False
A,2026-02-09,2026-02-10,1476,TWSE,424.0,0.0680100755667505,0.0106927184629501,0.0117924528301887,0.1833693389300706,0.1100216033580424,0.0012974245679014,96750.12276906226,False
A,2026-02-09,2026-02-10,2368,TWSE,797.0,0.1369472182596292,0.0406926605404106,0.0614805520702634,0.0513370356530344,0.0308022213918206,0.0018937375761596,96750.12276906226,False
A,2026-02-09,2026-02-10,2383,TWSE,2080.0,0.1919770773638969,0.0345615305992078,0.0120192307692308,0.139852212460629,0.0839113274763774,0.001008549609091,96750.12276906226,False
A,2026-02-09,2026-02-10,2387,TWSE,39.3,0.0452127659574466,0.0107353724930747,-0.0089058524173026,0.0803978408890986,0.0482387045334592,-0.0004296067833768,96750.12276906226,False
A,2026-02-10,2026-02-11,1342,TWSE,102.5,0.0915867944621937,0.0137938607285216,-0.0195121951219512,0.1252565523829419,0.0751539314297651,-0.0014664181742393,96445.06406258156,False
A,2026-02-10,2026-02-11,1466,TWSE,17.7,0.2081911262798634,0.0351889742621598,-0.0169491525423729,0.0994529481670703,0.0596717689002422,-0.0010113859135634,96445.06406258156,False
A,2026-02-10,2026-02-11,1476,TWSE,429.0,0.0833333333333332,0.0064932374190282,-0.0069930069930069,0.4679735216882861,0.2807841130129716,-0.0019635252658249,96445.06406258156,False
A,2026-02-10,2026-02-11,2103,TWSE,16.2,0.1095890410958904,0.0268483657741443,0.0030864197530864,0.0473374633598373,0.0284024780159024,8.766196918488439e-05,96445.06406258156,False
A,2026-02-10,2026-02-11,2345,TWSE,1390.0,0.2192982456140351,0.0555792867721826,0.0431654676258992,0.0442334519467163,0.0265400711680298,0.0011456145827926,96445.06406258156,False
A,2026-02-10,2026-02-11,2368,TWSE,846.0,0.1983002832861189,0.0414296983401752,-0.0200945626477541,0.0650922941655259,0.0390553764993155,-0.0007848007097971,96445.06406258156,False
A,2026-02-10,2026-02-11,2383,TWSE,2105.0,0.1792717086834734,0.0359265257548726,0.0427553444180521,0.0707456142385956,0.0424473685431574,0.0018148518617026,96445.06406258156,False
A,2026-02-10,2026-02-11,2385,TWSE,120.0,0.0344827586206897,0.006502189499334,-0.0041666666666666,0.0799081540510263,0.0479448924306157,-0.0001997703851275,96445.06406258156,False
A,2026-02-11,2026-02-23,1414,TWSE,19.9,0.0391644908616188,0.0090765116288953,-0.0025125628140701,0.1089601712145974,0.0653761027287584,-0.0001642615646451,97865.55215529136,False
A,2026-02-11,2026-02-23,1466,TWSE,17.4,0.1796610169491523,0.0416409620729612,0.0229885057471266,0.1089399109498449,0.0653639465699069,0.0015026194613771,97865.55215529136,False
A,2026-02-11,2026-02-23,1476,TWSE,426.0,0.047970479704797,0.0096503087151114,0.0269953051643192,0.1446060484956289,0.0867636290973773,0.0023422106446475,97865.55215529136,False
A,2026-02-11,2026-02-23,2103,TWSE,16.25,0.124567474048443,0.0233587776341476,0.0984615384615386,0.1664293409499344,0.0998576045699606,0.0098321333730422,97865.55215529136,False
A,2026-02-11,2026-02-23,2204,TWSE,59.3,0.0781818181818181,0.0170988771765561,-0.0033726812816188,0.1223480734828408,0.0734088440897044,-0.0002475846343666,97865.55215529136,False
A,2026-02-11,2026-02-23,2208,TWSE,23.5,0.100702576112412,0.0240066128120245,0.0191489361702126,0.1029769887763821,0.0617861932658292,0.0011831398710477,97865.55215529136,False
A,2026-02-11,2026-02-23,2345,TWSE,1450.0,0.2236286919831223,0.0555671986049134,-0.0344827586206896,0.0947848365990187,0.0568709019594112,-0.0019610655848072,97865.55215529136,False
A,2026-02-11,2026-02-23,2383,TWSE,2195.0,0.1832884097035041,0.0360887793051306,-0.0091116173120728,0.1509546295317527,0.0905727777190516,-0.0008252644894674,97865.55215529136,False
A,2026-02-23,2026-02-24,1232,TWSE,151.0,0.030716723549488,0.0055414410552404,0.0033112582781456,0.1035774575533237,0.0621464745319942,0.0002057830282516,98379.9739556614,False
A,2026-02-23,2026-02-24,1435,TWSE,23.0,0.1219512195121952,0.0216334221253281,0.0,0.1071230345820455,0.0642738207492273,0.0,98379.9739556614,False
A,2026-02-23,2026-02-24,1476,TWSE,437.5,0.0593220338983051,0.0123824979144331,-0.0125714285714285,0.0773707005620045,0.0464224203372027,-0.0005835961413819,98379.9739556614,False
A,2026-02-23,2026-02-24,2107,TWSE,25.55,0.0302419354838709,0.0059950475633519,0.0019569471624265,0.0857817328720119,0.0514690397232071,0.0001007221912391,98379.9739556614,False
A,2026-02-23,2026-02-24,2208,TWSE,23.95,0.1404761904761904,0.0137572988745379,0.0146137787056368,0.351479577481584,0.2108877464889504,0.0030818668589199,98379.9739556614,False
A,2026-02-23,2026-02-24,2301,TWSE,184.5,0.1148036253776434,0.0223988410013712,0.048780487804878,0.0885566407743135,0.0531339844645881,0.0025919016811994,98379.9739556614,False
A,2026-02-23,2026-02-24,2317,TWSE,228.5,0.0603248259860789,0.0109786657253047,0.0153172866520787,0.1017780236607013,0.0610668141964208,0.0009353778979758,98379.9739556614,False
A,2026-02-23,2026-02-24,2345,TWSE,1400.0,0.2444444444444444,0.0488722517556252,0.0035714285714285,0.0843328325140153,0.0505996995084091,0.00018071321253,98379.9739556614,False
A,2026-02-24,2026-02-25,1225,TWSE,29.15,0.0336879432624113,0.0023358221595513,0.0085763293310463,0.1951195581952703,0.1170717349171622,0.0010040457540065,98552.18982311014,False
A,2026-02-24,2026-02-25,1608,TWSE,36.6,0.1226993865030674,0.01039515194362,-0.0136612021857923,0.1306937278682768,0.078416236720966,-0.001071260064494,98552.18982311014,False
A,2026-02-24,2026-02-25,2009,TWSE,46.55,0.0965842167255592,0.0063004219739694,-0.0042964554242749,0.2204472277191874,0.1322683366315124,-0.0005682850123802,98552.18982311014,False
A,2026-02-24,2026-02-25,2107,TWSE,25.6,0.0364372469635627,0.0036193153359327,0.00390625,0.0950757492468402,0.0570454495481041,0.0002228337872972,98552.18982311014,False
A,2026-02-24,2026-02-25,2208,TWSE,24.3,0.1146788990825689,0.0128798224275648,-0.008230452674897,0.0743667739263028,0.0446200643557817,-0.0003672433280311,98552.18982311014,False
A,2026-02-24,2026-02-25,2301,TWSE,193.5,0.1762917933130698,0.0181520435426425,-0.0077519379844961,0.0884799409929906,0.0530879645957943,-0.0004115346092697,98552.18982311014,False
A,2026-02-24,2026-02-25,2317,TWSE,232.0,0.0790697674418605,0.0076122734517867,0.0625,0.1012100821619028,0.0607260492971417,0.0037953780810713,98552.18982311014,False
A,2026-02-24,2026-02-25,2337,TWSE,113.5,0.4047029702970297,0.0402986732955206,-0.0484581497797357,0.0946069398892287,0.0567641639335372,-0.0027506863580128,98552.18982311014,False
A,2026-02-25,2026-02-26,1101,TWSE,26.55,0.0452755905511812,0.0046590241425274,-0.0056497175141243,0.1412363228137385,0.0847417936882431,-0.0004787671959787,99196.75267908498,False
A,2026-02-25,2026-02-26,1225,TWSE,29.4,0.0352112676056337,0.0024948292916999,0.0102040816326531,0.2979130758996778,0.1787478455398067,0.001823957607549,99196.75267908498,False
A,2026-02-25,2026-02-26,1457,TWSE,16.1,0.0769230769230771,0.0108800490685605,-0.0062111801242237,0.0747583608014974,0.0448550164808984,-0.0002786025868378,99196.75267908498,False
A,2026-02-25,2026-02-26,2101,TWSE,36.0,0.0465116279069768,0.0062583393581582,-0.0125,0.0826062649546613,0.0495637589727968,-0.0006195469871599,99196.75267908498,False
A,2026-02-25,2026-02-26,2102,TWSE,20.7,0.069767441860465,0.0083465777269474,0.0072463768115942,0.1044953278138996,0.0626971966883398,0.0004543275122343,99196.75267908498,False
A,2026-02-25,2026-02-26,2107,TWSE,25.7,0.0321285140562248,0.0038351736846302,0.0058365758754863,0.1049588932249647,0.0629753359349788,0.0003675603264687,99196.75267908498,False
A,2026-02-25,2026-02-26,2362,TWSE,40.05,0.0722891566265058,0.0086730655484068,-0.0124843945068664,0.1038984865040924,0.0623390919024555,-0.00077826581651,99196.75267908498,False
A,2026-02-25,2026-02-26,2404,TWSE,1035.0,0.1525612472160356,0.0196519558999686,0.0917874396135265,0.0901332679874678,0.0540799607924807,0.0049638611355417,99196.75267908498,False
A,2026-02-26,2026-03-02,1225,TWSE,29.7,0.0348432055749128,0.0023665199377218,0.0976430976430977,0.2621215040440627,0.1572729024264376,0.015356613368238,103374.06267109532,False
A,2026-02-26,2026-03-02,1802,TWSE,61.1,0.427570093457944,0.0443265435529458,0.099836333878887,0.1125055724225198,0.0675033434535119,0.0067392863349659,103374.06267109532,False
A,2026-02-26,2026-03-02,2013,TWSE,43.45,0.0495169082125603,0.0045984912046049,-0.0069044879171462,0.1402049277179761,0.0841229566307856,-0.0005808259376118,103374.06267109532,False
A,2026-02-26,2026-03-02,2102,TWSE,20.85,0.0747422680412372,0.0069509579972703,0.0095923261390886,0.139807425506955,0.0838844553041729,0.0008046470532774,103374.06267109532,False
A,2026-02-26,2026-03-02,2323,TWSE,11.25,0.1138613861386139,0.0129976702621901,-0.0044444444444444,0.0927916683463096,0.0556750010077857,-0.0002474444489234,103374.06267109532,False
A,2026-02-26,2026-03-02,2338,TWSE,49.2,0.4491899852724594,0.0485064321643043,0.0995934959349593,0.1036927985828238,0.0622156791496942,0.0061962769884858,103374.06267109532,False
A,2026-02-26,2026-03-02,2360,TWSE,1380.0,0.3269230769230768,0.0417186074157287,0.0978260869565217,0.0742537985934673,0.0445522791560803,0.0043583751348339,103374.06267109532,False
A,2026-02-26,2026-03-02,2404,TWSE,1130.0,0.2444933920704846,0.0311226347743132,-0.0486725663716813,0.0746223047858854,0.0447733828715312,-0.0021792354494993,103374.06267109532,False
A,2026-03-02,2026-03-03,1215,TWSE,155.5,0.0471380471380471,0.0078672794123747,0.0032154340836012,4.7080907169536e-06,2.82485443017216e-06,9.083133215987562e-09,103068.15531938252,False
A,2026-03-02,2026-03-03,1471,TWSE,14.3,0.3240740740740739,0.0378586639099421,-0.0839160839160839,9.60967938807124e-06,5.765807632842745e-06,-4.838439971616292e-07,103068.15531938252,False
A,2026-03-02,2026-03-03,1708,TWSE,37.35,0.0625889046941678,0.0098825936091406,0.0200803212851405,5.2602168865298205e-06,3.1561301319178926e-06,6.337610706662445e-08,103068.15531938252,False
A,2026-03-02,2026-03-03,1802,TWSE,67.2,0.4282678002125399,0.0444021310356933,-0.0520833333333333,1.2200401053808622e-05,7.320240632285173e-06,-3.812625329315197e-07,103068.15531938252,False
A,2026-03-02,2026-03-03,2102,TWSE,21.05,0.0658227848101267,0.0069137635264483,-0.002375296912114,1.188705429228584e-05,7.132232575371504e-06,-1.6941170012758974e-08,103068.15531938252,False
A,2026-03-02,2026-03-03,2338,TWSE,54.1,0.6077265973254087,0.0002200884093631,-0.0036968576709797,0.999928869304374,0.5999573215826244,-0.0022179568265531,103068.15531938252,False
A,2026-03-02,2026-03-03,2360,TWSE,1515.0,0.4428571428571428,0.0335351089911267,-0.0792079207920791,2.2870662597341757e-05,1.3722397558405052e-05,-1.086922578883568e-06,103068.15531938252,False
A,2026-03-02,2026-03-03,2385,TWSE,126.0,0.0543933054393306,0.0091896177030938,0.0,4.594590691131648e-06,2.7567544146789884e-06,0.0,103068.15531938252,False
A,2026-03-03,2026-03-04,1215,TWSE,156.0,0.0505050505050506,0.0070031066837567,0.0032051282051281,0.1618020239940986,0.0970812143964591,0.0003111577384501,99896.94629811248,False
A,2026-03-03,2026-03-04,1402,TWSE,29.1,0.0319148936170212,0.0067230054280806,-0.0274914089347079,0.0701060806968061,0.0420636484180837,-0.0011563889599473,99896.94629811248,False
A,2026-03-03,2026-03-04,1582,TWSE,76.6,0.0942857142857143,0.0183278691174477,0.0626631853785901,0.0823310649809662,0.0493986389885797,0.0030954760723914,99896.94629811248,False
A,2026-03-03,2026-03-04,1708,TWSE,38.1,0.0702247191011236,0.0105002035082483,-0.0380577427821523,0.1391491139039662,0.0834894683423797,-0.0031774207111929,99896.94629811248,False
A,2026-03-03,2026-03-04,1727,TWSE,49.7,0.0722761596548005,0.013941206666794,-0.0643863179074447,0.0836152097199336,0.0501691258319601,-0.0032302052849551,99896.94629811248,False
A,2026-03-03,2026-03-04,2102,TWSE,21.0,0.0526315789473683,0.009802158091691,-0.0952380952380952,0.0896902518191809,0.0538141510915085,-0.0051251572468103,99896.94629811248,False
A,2026-03-03,2026-03-04,2338,TWSE,53.9,0.4567567567567567,0.0462123054570546,-0.0974025974025973,0.3039139329960659,0.1823483597976395,-0.0177612038763934,99896.94629811248,False
A,2026-03-03,2026-03-04,2367,TWSE,72.4,0.2998204667863555,0.0634824280380499,-0.0193370165745857,0.0693923218889823,0.0416353931333894,-0.0008051042871097,99896.94629811248,False
A,2026-03-04,2026-03-05,1215,TWSE,156.5,0.0398671096345515,0.0072051617879817,0.0063897763578275,0.2354197316848341,0.0617976795672689,0.0003948733518675,99992.35511383356,True
A,2026-03-04,2026-03-05,1225,TWSE,32.25,0.1063464837049743,0.043965700468416,-0.0232558139534884,0.0449903332821781,0.0118099624865717,-0.0002746502903853,99992.35511383356,True
A,2026-03-04,2026-03-05,1313,TWSE,12.8,0.1636363636363638,0.0398340340609932,-0.0390625,0.1297633328800944,0.0340628748810247,-0.00133058105004,99992.35511383356,True
A,2026-03-04,2026-03-05,1582,TWSE,81.4,0.1645207439198854,0.0229071961242798,0.0110565110565108,0.3966417059014027,0.1041184477991182,0.0011511867692776,99992.35511383356,True
A,2026-03-04,2026-03-05,1720,TWSE,64.0,0.0423452768729641,0.0292142949186318,0.0078125,0.0161554872115014,0.0042408153930191,3.31313702579619e-05,99992.35511383356,True
A,2026-03-04,2026-03-05,2017,TWSE,9.5,0.0758776896942241,0.0466709605008445,0.0052631578947368,0.020325238768874,0.0053353751768294,2.808092198331288e-05,99992.35511383356,True
A,2026-03-04,2026-03-05,2254,TWSE,69.7,0.1558872305140963,0.0411363956967508,0.0215208034433285,0.1104255427000658,0.0289867049587672,0.0006238171798873,99992.35511383356,True
A,2026-03-04,2026-03-05,2367,TWSE,71.0,0.1601307189542482,0.0652731976057484,-0.0154929577464787,0.0462786275710492,0.0121481397374004,-0.0001882106156498,99992.35511383356,True
A,2026-03-05,2026-03-06,1215,TWSE,157.5,0.0430463576158941,0.0068426268663822,0.0380952380952381,0.2438140756257112,0.1462884453754267,0.0055728931571591,104655.18110171412,False
A,2026-03-05,2026-03-06,1256,TWSE,169.0,0.0868167202572347,0.0389628906324565,-0.0147928994082839,0.030586951049784,0.0183521706298704,-0.0002714818140513,104655.18110171412,False
A,2026-03-05,2026-03-06,1313,TWSE,12.3,0.0884955752212388,0.0510197421331187,0.0975609756097559,0.0185352469439922,0.0111211481663953,0.0010849900650141,104655.18110171412,False
A,2026-03-05,2026-03-06,1582,TWSE,82.3,0.1757142857142857,0.0200077540766657,0.0996354799513974,0.4751702226948537,0.2851021336169122,0.0284062879180884,104655.18110171412,False
A,2026-03-05,2026-03-06,1598,TWSE,19.95,0.0527704485488127,0.0217313125596054,-0.0075187969924811,0.0363279937229582,0.0217967962337749,-0.0001638856859682,104655.18110171412,False
A,2026-03-05,2026-03-06,1712,TWSE,47.0,0.0307017543859648,0.0120617714409304,-0.0010638297872339,0.0399149806881582,0.0239489884128949,-2.54776472477586e-05,104655.18110171412,False
A,2026-03-05,2026-03-06,2254,TWSE,71.2,0.1577235772357723,0.0410428316749364,0.0182584269662919,0.0909809320868114,0.0545885592520868,0.0009967012222993,104655.18110171412,False
A,2026-03-05,2026-03-06,2367,TWSE,69.9,0.1908006814310052,0.0588905669827966,-0.0128755364806867,0.0646695971877309,0.0388017583126385,-0.0004995934546691,104655.18110171412,False
A,2026-03-06,2026-03-09,1215,TWSE,163.5,0.0721311475409836,0.0150286263868058,-0.0275229357798164,0.1467503548651915,0.0880502129191149,-0.0024234003555719,102346.23456118518,False
A,2026-03-06,2026-03-09,1225,TWSE,32.8,0.1043771043771042,0.0495746673164526,0.0442073170731707,0.0282398877127573,0.0169439326276544,0.0007490458021371,102346.23456118518,False
A,2026-03-06,2026-03-09,1310,TWSE,10.65,0.1451612903225805,0.065390953904257,0.0845070422535212,0.0313934027701877,0.0188360416621126,0.0015917781686292,102346.23456118518,False
A,2026-03-06,2026-03-09,1313,TWSE,13.5,0.2107623318385649,0.0576242939330703,-0.0148148148148147,0.0852210442560376,0.0511326265536225,-0.0007575203933869,102346.23456118518,False
A,2026-03-06,2026-03-09,1414,TWSE,20.9,0.0528967254408059,0.0100839210753046,-0.0167464114832535,0.1752954828280041,0.1051772896968024,-0.001761342171956,102346.23456118518,False
A,2026-03-06,2026-03-09,1582,TWSE,90.5,0.2448418156808802,0.0362542845306047,-0.0497237569060773,0.2905524836503209,0.1743314901901925,-0.0086684166392913,102346.23456118518,False
A,2026-03-06,2026-03-09,1712,TWSE,46.95,0.0375690607734806,0.0104216715948034,-0.0021299254526091,0.0827861976324113,0.0496717185794467,-0.0001057970576772,102346.23456118518,False
A,2026-03-06,2026-03-09,2254,TWSE,72.5,0.0724852071005917,0.0144743751832961,-0.0455172413793103,0.1597611462850892,0.0958566877710535,-0.0043631319950962,102346.23456118518,False
A,2026-03-09,2026-03-10,1308,TWSE,15.7,0.145985401459854,0.0569410747682629,-0.0732484076433119,0.0836779254886298,0.0219654554407653,-0.0016089346341961,100648.2159733871,True
A,2026-03-09,2026-03-10,1309,TWSE,15.3,0.2388663967611337,0.0652824398534995,-0.0849673202614379,0.1704357642578827,0.0447393881176942,-0.0038013859184968,100648.2159733871,True
A,2026-03-09,2026-03-10,1310,TWSE,11.55,0.2720264317180618,0.0613280955280793,-0.038961038961039,0.2504647554388087,0.0657469983026872,-0.0025615713624423,100648.2159733871,True
A,2026-03-09,2026-03-10,1313,TWSE,13.3,0.1615720524017467,0.0628303128536717,-0.0639097744360903,0.0841855219168227,0.0220986995031659,-0.0014123229005782,100648.2159733871,True
A,2026-03-09,2026-03-10,1314,TWSE,9.81,0.1890909090909092,0.0604863710874132,-0.0866462793068297,0.1244141021151694,0.0326587018052319,-0.0028297549984145,100648.2159733871,True
A,2026-03-09,2026-03-10,1337,TWSE,6.21,0.1672932330827066,0.0537682139630669,-0.0805152979066022,0.1232392069173274,0.0323502918157984,-0.0026046933829145,100648.2159733871,True
A,2026-03-09,2026-03-10,1582,TWSE,86.0,0.1436170212765957,0.0564541225380994,-0.0011627906976743,0.0823879837643591,0.0216268457381442,-2.514749504435193e-05,100648.2159733871,True
A,2026-03-09,2026-03-10,2103,TWSE,21.25,0.1243386243386244,0.0492338494184479,-0.0305882352941175,0.081194740101,0.0213136192765124,-0.0006519460013992,100648.2159733871,True
A,2026-03-10,2026-03-11,1310,TWSE,11.1,0.1122244488977954,0.0650827241169842,0.018018018018018,0.1393567809578428,0.0365811550014337,0.0006591199099357,101760.47582758292,True
A,2026-03-10,2026-03-11,1529,TWSE,27.55,0.0867850098619329,0.0638959763075063,-0.0054446460980036,0.0864623432901911,0.0226963651136751,-0.000123573675755,101760.47582758292,True
A,2026-03-10,2026-03-11,1582,TWSE,85.9,0.1214099216710185,0.0579875874208344,0.0186263096623979,0.2054579090398504,0.0539327011229607,0.0010045671920458,101760.47582758292,True
A,2026-03-10,2026-03-11,1762,TWSE,29.5,0.0825688073394494,0.0475644379038284,0.0169491525423728,0.1412381006934905,0.0370750014320412,0.0006283898547803,101760.47582758292,True
A,2026-03-10,2026-03-11,2013,TWSE,44.25,0.0314685314685314,0.0171807834761855,0.0022598870056498,0.157235850624185,0.0412744107888485,9.327550460757208e-05,101760.47582758292,True
A,2026-03-10,2026-03-11,2243,TWSE,12.7,0.0717299578059071,0.0496653617077304,0.0984251968503937,0.0977639025313213,0.0256630244144718,0.0025258882297708,101760.47582758292,True
A,2026-03-10,2026-03-11,2324,TWSE,31.75,0.0461285008237231,0.0279283635559992,0.0188976377952756,0.1278592853103818,0.0335630623939752,0.0006342625964215,101760.47582758292,True
A,2026-03-10,2026-03-11,2368,TWSE,817.0,0.066579634464752,0.0682323861888131,0.0991432068543451,0.0446258275527367,0.0117142797325933,0.0011613912586781,101760.47582758292,True
A,2026-03-11,2026-03-12,1423,TWSE,41.15,0.0828947368421051,0.0254075308314755,0.0,0.0495826981696379,0.0297496189017827,0.0,101480.70971966424,False
A,2026-03-11,2026-03-12,2013,TWSE,44.35,0.058472553699284,0.0068509769493235,-0.015783540022548,0.3393127524271914,0.2035876514563148,-0.0032133338448572,101480.70971966424,False
A,2026-03-11,2026-03-12,2015,TWSE,69.8,0.0591805766312594,0.0149349519705847,-0.0128939828080227,0.0731394794095455,0.0438836876457273,-0.0005658355140566,101480.70971966424,False
A,2026-03-11,2026-03-12,2324,TWSE,32.35,0.1003401360544218,0.0162204108845967,0.0092735703245747,0.1782488816456928,0.1069493289874157,0.0009918021235308,101480.70971966424,False
A,2026-03-11,2026-03-12,2357,TWSE,584.0,0.1679999999999999,0.0431586983753385,-0.0051369863013698,0.0705802293709919,0.0423481376225951,-0.0002175418028557,101480.70971966424,False
A,2026-03-11,2026-03-12,2368,TWSE,898.0,0.2665726375176305,0.0541737448498472,0.0144766146993318,0.1127858468347124,0.0676715081008274,0.0009796543488983,101480.70971966424,False
A,2026-03-11,2026-03-12,2376,TWSE,232.0,0.0841121495327101,0.0254586300916094,-0.0172413793103448,0.0508450368293608,0.0305070220976165,-0.000525983139614,101480.70971966424,False
A,2026-03-11,2026-03-12,2393,TWSE,61.9,0.1033868092691621,0.0199175109920441,0.0161550888529886,0.1255050753128669,0.0753030451877201,0.0012165273859082,101480.70971966424,False
A,2026-03-12,2026-03-13,1210,TWSE,52.9,0.0496031746031746,0.0102243047482238,0.0,0.1530681397294989,0.0918408838376993,0.0,102003.7702348611,False
A,2026-03-12,2026-03-13,1218,TWSE,19.05,0.064245810055866,0.0156265440733303,0.0052493438320209,0.1099251828912753,0.0659551097347652,0.0003462210484764,102003.7702348611,False
A,2026-03-12,2026-03-13,1310,TWSE,11.75,0.2113402061855671,0.0548986308859182,0.0085106382978723,0.0963772935455367,0.057826376127322,0.0004921393712963,102003.7702348611,False
A,2026-03-12,2026-03-13,1456,TWSE,13.45,0.0674603174603174,0.0196874134660489,0.0074349442379182,0.0763577123564073,0.0458146274138444,0.0003406292001029,102003.7702348611,False
A,2026-03-12,2026-03-13,2243,TWSE,15.3,0.2803347280334729,0.0636531828968131,0.0196078431372548,0.1261383239804866,0.075682994388292,0.0014839802821233,102003.7702348611,False
A,2026-03-12,2026-03-13,2324,TWSE,32.65,0.0740131578947369,0.014313948539856,-0.0137825421133229,0.1738731096150515,0.1043238657690309,-0.0014378480733863,102003.7702348611,False
A,2026-03-12,2026-03-13,2368,TWSE,911.0,0.2377717391304348,0.0564057518201491,0.0263446761800218,0.1155599073344018,0.0693359444006411,0.0018266330028708,102003.7702348611,False
A,2026-03-12,2026-03-13,2393,TWSE,62.9,0.0770547945205479,0.0161142623809782,0.0238473767885534,0.1487003305473415,0.0892201983284049,0.0021276676866869,102003.7702348611,False
A,2026-03-13,2026-03-16,1210,TWSE,52.9,0.0311890838206627,0.0098036826051682,0.0151228733459358,0.0814520464209854,0.0488712278525912,0.0007390733890751,103141.5512394306,False
A,2026-03-13,2026-03-16,1218,TWSE,19.15,0.0580110497237567,0.015984874159359,0.0026109660574413,0.1059932696560679,0.0635959617936407,0.0001660468976335,103141.5512394306,False
A,2026-03-13,2026-03-16,1604,TWSE,25.0,0.0395010395010395,0.0142105770072228,0.0,0.0621826035608759,0.0373095621365255,0.0,103141.5512394306,False
A,2026-03-13,2026-03-16,1727,TWSE,60.8,0.28,0.0623471041960066,-0.0904605263157894,0.1623150589039509,0.0973890353423705,-0.0088098633944578,103141.5512394306,False
A,2026-03-13,2026-03-16,2243,TWSE,15.6,0.3109243697478991,0.059108285303927,0.0993589743589742,0.222683545524758,0.1336101273148548,0.0132753652139759,103141.5512394306,False
A,2026-03-13,2026-03-16,2351,TWSE,88.9,0.0841463414634147,0.0263311665867226,0.0056242969628796,0.0821874641897651,0.049312478513859,0.0002773480231375,103141.5512394306,False
A,2026-03-13,2026-03-16,2368,TWSE,935.0,0.1805555555555555,0.0538431542173289,-0.027807486631016,0.0904973885238911,0.0542984331143346,-0.0015099029529119,103141.5512394306,False
A,2026-03-13,2026-03-16,2393,TWSE,64.4,0.0805369127516779,0.0164590431466472,0.0310559006211179,0.1926886232197054,0.1156131739318232,0.0035904712401187,103141.5512394306,False
A,2026-03-16,2026-03-17,1597,TWSE,78.0,0.1095305832147937,0.0147307590071074,0.0256410256410255,0.0642877805701125,0.0385726683420675,0.0009890427780017,106245.8521055248,False
A,2026-03-16,2026-03-17,1713,TWSE,47.35,0.0628507295173963,0.009720795057194,0.0010559662090812,0.0486099218733203,0.0291659531239922,3.079826095458253e-05,106245.8521055248,False
A,2026-03-16,2026-03-17,1735,TWSE,26.1,0.3593750000000002,0.0506167971592906,0.0996168582375478,0.0586157498475272,0.0351694499085163,0.0035034701058292,106245.8521055248,False
A,2026-03-16,2026-03-17,2243,TWSE,17.15,0.4848484848484846,0.0353128680003457,0.0991253644314871,0.2192067985849697,0.1315240791509818,0.0130373722773568,106245.8521055248,False
A,2026-03-16,2026-03-17,2340,TWSE,28.6,0.164969450101833,0.018473080200645,0.0279720279720279,0.0927334282783793,0.0556400569670276,0.0015563652298469,106245.8521055248,False
A,2026-03-16,2026-03-17,2351,TWSE,89.4,0.1203007518796994,0.0141350017158811,0.0492170022371363,0.0842272907407825,0.0505363744444695,0.0024872488540902,106245.8521055248,False
A,2026-03-16,2026-03-17,2393,TWSE,66.4,0.1273344651952463,0.0070371328387125,0.0120481927710842,0.3807222478177914,0.2284333486906748,0.0027522090203695,106245.8521055248,False
A,2026-03-16,2026-03-17,2399,TWSE,27.15,0.2569444444444442,0.038572863608809,0.0313075506445672,0.0515967822871168,0.03095806937227,0.0009692213247303,106245.8521055248,False
A,2026-03-17,2026-03-18,1597,TWSE,80.0,0.1080332409972297,0.0146036029541707,0.01,0.0449706249301515,0.0269823749580909,0.0002698237495809,109370.1865308189,False
A,2026-03-17,2026-03-18,1735,TWSE,28.7,0.5105263157894737,0.0295330322122674,0.0958188153310104,0.2455581566177009,0.1473348939706205,0.0141174549971848,109370.1865308189,False
A,2026-03-17,2026-03-18,2243,TWSE,18.85,0.4842519685039372,0.0352607796730143,0.0875331564986736,0.1549862421825847,0.0929917453095508,0.0081398609952657,109370.1865308189,False
A,2026-03-17,2026-03-18,2337,TWSE,130.5,0.4388092613009922,0.046603259065795,0.0996168582375478,0.0728539627028483,0.0437123776217089,0.0043544897247679,109370.1865308189,False
A,2026-03-17,2026-03-18,2340,TWSE,29.4,0.1926977687626774,0.0114899614203103,-0.020408163265306,0.2311268290231105,0.1386760974138663,-0.0028301244370176,109370.1865308189,False
A,2026-03-17,2026-03-18,2351,TWSE,93.8,0.150920245398773,0.0181975149257268,0.0394456289978677,0.0565203697922427,0.0339122218753456,0.0013376889225882,109370.1865308189,False
A,2026-03-17,2026-03-18,2393,TWSE,67.2,0.1200000000000001,0.0087680000316982,-0.0089285714285715,0.153920162461084,0.0923520974766504,-0.0008245722988986,109370.1865308189,False
A,2026-03-17,2026-03-18,2399,TWSE,28.0,0.2641083521444696,0.0378245663624824,0.1,0.0400636522902772,0.0240381913741663,0.0024038191374166,109370.1865308189,False
A,2026-03-18,2026-03-19,1455,TWSE,9.42,0.0753424657534247,0.0139892461904205,0.0,0.0366823668443708,0.0220094201066225,0.0,109703.20067533634,False
A,2026-03-18,2026-03-19,1597,TWSE,80.8,0.0802139037433156,0.0122849877301517,-0.021039603960396,0.0539158131668967,0.032349487900138,-0.0006806204137405,109703.20067533634,False
A,2026-03-18,2026-03-19,1735,TWSE,31.45,0.5047846889952154,0.029104890947853,0.0079491255961843,0.3804054618645547,0.2282432771187328,0.0018143344763015,109703.20067533634,False
A,2026-03-18,2026-03-19,2243,TWSE,20.5,0.4695340501792115,0.0343683449146729,-0.0390243902439024,0.2360387480895739,0.1416232488537444,-0.0055267609308778,109703.20067533634,False
A,2026-03-18,2026-03-19,2337,TWSE,143.5,0.4393179538615848,0.0466513258657455,0.0940766550522647,0.1121492265510452,0.0672895359306271,0.0063303744603725,109703.20067533634,False
A,2026-03-18,2026-03-19,2351,TWSE,97.5,0.1484098939929328,0.0178136177526059,-0.0338461538461538,0.087778424705804,0.0526670548234824,-0.0017825772401794,109703.20067533634,False
A,2026-03-18,2026-03-19,2393,TWSE,66.6,0.0759289176090467,0.0151538510510169,0.03003003003003,0.0317493407237166,0.0190496044342299,0.0005720601932201,109703.20067533634,False
A,2026-03-18,2026-03-19,2399,TWSE,30.8,0.2648870636550307,0.038052426784405,0.099025974025974,0.0612806180540378,0.0367683708324226,0.0036410237350288,109703.20067533634,False
A,2026-03-19,2026-03-20,1417,TWSE,8.95,0.0406976744186045,0.006255530491399,0.0055865921787709,0.0004885748841493,0.0002931449304896,1.6376811759197558e-06,111370.78223368184,False
A,2026-03-19,2026-03-20,1472,TWSE,96.7,0.0556768558951965,0.0107846484514278,-0.0051706308169596,0.0003076505667543,0.0001845903400526,-9.544485007891225e-07,111370.78223368184,False
A,2026-03-19,2026-03-20,1735,TWSE,31.7,0.4675925925925925,0.0405166149530915,-0.0867507886435331,0.0015374085660821,0.0009224451396492,-8.002284334496828e-05,111370.78223368184,False
A,2026-03-19,2026-03-20,1809,TWSE,32.5,0.2922465208747515,0.0544443574834439,-0.0015384615384614,0.000332593157837,0.0001995558947022,-3.070090687726224e-07,111370.78223368184,False
A,2026-03-19,2026-03-20,2329,TWSE,60.3,0.1551724137931034,0.0275264381545115,0.0298507462686568,0.0003668169066494,0.0002200901439896,6.5698550444678506e-06,111370.78223368184,False
A,2026-03-19,2026-03-20,2337,TWSE,157.0,0.5858585858585859,0.0019943537941101,0.019108280254777,0.9960958620072708,0.5976575172043624,0.0114202073351152,111370.78223368184,False
A,2026-03-19,2026-03-20,2393,TWSE,68.6,0.0906200317965022,0.0166522050346768,0.0102040816326531,0.000341841865668,0.0002051051194008,2.092909381641321e-06,111370.78223368184,False
A,2026-03-19,2026-03-20,2399,TWSE,33.85,0.2944550669216061,0.0434858476346122,0.0989660265878877,0.0005292520455887,0.0003175512273532,3.1426783209256016e-05,111370.78223368184,False
A,2026-03-20,2026-03-23,1417,TWSE,9.0,0.0428736964078793,0.0059373411982725,0.0155555555555555,0.0962193427501444,0.0577316056500866,0.0008980471990013,106675.39497332656,False
A,2026-03-20,2026-03-23,1472,TWSE,96.2,0.0536692223439212,0.0114237053673839,0.004158004158004,0.0407287640784699,0.0244372584470819,0.0001016102222331,106675.39497332656,False
A,2026-03-20,2026-03-23,2323,TWSE,13.1,0.2476190476190476,0.0457122156438306,-0.0877862595419847,0.0541462301465839,0.0324877380879503,-0.0028519770077208,106675.39497332656,False
A,2026-03-20,2026-03-23,2329,TWSE,62.1,0.1806083650190113,0.0247626853181413,-0.0853462157809984,0.0981623392882153,0.0588974035729292,-0.0050266705142757,106675.39497332656,False
A,2026-03-20,2026-03-23,2337,TWSE,160.0,0.4746543778801844,0.0347896139187891,-0.071875,0.3434950066292406,0.2060970039775443,-0.014813222160886,106675.39497332656,False
A,2026-03-20,2026-03-23,2387,TWSE,46.25,0.0619977037887486,0.0090594395700805,-0.0389189189189188,0.0864197764544618,0.0518518658726771,-0.0020180185636933,106675.39497332656,False
A,2026-03-20,2026-03-23,2393,TWSE,69.3,0.076086956521739,0.0164917749990939,-0.0331890331890331,0.039278080904396,0.0235668485426376,-0.0007821609184425,106675.39497332656,False
A,2026-03-20,2026-03-23,2399,TWSE,37.2,0.4171428571428572,0.0364597100155436,-0.0779569892473119,0.2415504597484877,0.1449302758490926,-0.0112983279559776,106675.39497332656,False
A,2026-03-23,2026-03-24,1304,TWSE,16.55,0.2730769230769232,0.0516011194288207,-0.0725075528700907,0.0974190765994495,0.0584514459596697,-0.004238171308254,105294.11028143544,False
A,2026-03-23,2026-03-24,1305,TWSE,18.45,0.3467153284671533,0.0462203849462529,-0.037940379403794,0.1957362304971251,0.117441738298275,-0.0044557841088776,105294.11028143544,False
A,2026-03-23,2026-03-24,1308,TWSE,18.15,0.1980198019801979,0.0595203107460855,-0.0275482093663912,0.0385016303354045,0.0231009782012427,-0.0006363905840562,105294.11028143544,False
A,2026-03-23,2026-03-24,1309,TWSE,19.9,0.2208588957055213,0.0613161108410412,0.0050251256281408,0.0451307808704275,0.0270784685222565,0.0001360727061419,105294.11028143544,False
A,2026-03-23,2026-03-24,1417,TWSE,9.14,0.0578703703703704,0.0049248189879243,0.0021881838074397,0.4803127030092352,0.2881876218055411,0.0006306074875394,105294.11028143544,False
A,2026-03-23,2026-03-24,1472,TWSE,96.6,0.05,0.0117491867556192,0.0010351966873707,0.0629965246484824,0.0377979147890894,3.912827617918659e-05,105294.11028143544,False
A,2026-03-23,2026-03-24,2025,TWSE,12.75,0.1971830985915492,0.0583425319312138,-0.0627450980392158,0.0397338899402588,0.0238403339641553,-0.0014958640918685,105294.11028143544,False
A,2026-03-23,2026-03-24,2399,TWSE,34.3,0.2633517495395947,0.0774971872950764,-0.0991253644314869,0.0401691640996167,0.02410149845977,-0.0023890698181696,105294.11028143544,False
A,2026-03-24,2026-03-25,1304,TWSE,15.35,0.1853281853281854,0.0739665324667225,-0.0586319218241042,0.0400888617409647,0.0240533170445788,-0.0014102922045681,103700.62046928088,False
A,2026-03-24,2026-03-25,1305,TWSE,17.75,0.2633451957295374,0.0640670904718816,-0.0957746478873239,0.1078927077811598,0.0647356246686958,-0.0062000316584103,103700.62046928088,False
A,2026-03-24,2026-03-25,1308,TWSE,17.65,0.1966101694915254,0.0598323331105969,-0.0679886685552407,0.0689527154626485,0.0413716292775891,-0.0028128019905443,103700.62046928088,False
A,2026-03-24,2026-03-25,1309,TWSE,20.0,0.2658227848101264,0.0520982040177386,-0.0824999999999999,0.1662456137300392,0.0997473682380235,-0.0082291578796369,103700.62046928088,False
A,2026-03-24,2026-03-25,1417,TWSE,9.16,0.0432801822323463,0.005417553795099,0.0010917030567685,0.4075518283231514,0.2445310969938908,0.0002669553460631,103700.62046928088,False
A,2026-03-24,2026-03-25,1460,TWSE,7.23,0.0478260869565216,0.0170759619938928,0.0027662517289073,0.0500922567574016,0.0300553540544409,8.3140675116019e-05,103700.62046928088,False
A,2026-03-24,2026-03-25,1472,TWSE,96.7,0.0342245989304812,0.0116394275304124,0.0031023784901758,0.0552108875266344,0.0331265325159806,0.0001027710419316,103700.62046928088,False
A,2026-03-24,2026-03-25,2231,TWSE,99.4,0.2241379310344828,0.055549116764004,0.0462776659959758,0.1039651286780002,0.0623790772068001,0.0028867581001134,103700.62046928088,False
A,2026-03-25,2026-03-26,1308,TWSE,16.45,0.1267123287671232,0.0750930613969987,0.0972644376899696,0.0360562986216354,0.0216337791729812,0.0021041973663689,105706.21493475132,False
A,2026-03-25,2026-03-26,1309,TWSE,18.35,0.1762820512820513,0.0765107930262446,0.098092643051771,0.0672223670858649,0.0403334202515189,0.0039564117957893,105706.21493475132,False
A,2026-03-25,2026-03-26,1417,TWSE,9.17,0.0314960629921259,0.0057093731522282,0.0010905125408942,0.3853705829682387,0.2312223497809432,0.0002521508721711,105706.21493475132,False
A,2026-03-25,2026-03-26,1456,TWSE,14.85,0.1040892193308551,0.0508411513405336,-0.0067340067340067,0.0530791256137937,0.0318474753682762,-0.000214461113591,105706.21493475132,False
A,2026-03-25,2026-03-26,1512,TWSE,7.71,0.0489795918367348,0.0187136316068647,-0.0324254215304798,0.08674753717564,0.052048522305384,-0.0016876952757906,105706.21493475132,False
A,2026-03-25,2026-03-26,1597,TWSE,88.6,0.0965346534653464,0.0444494584367513,-0.0406320541760721,0.0597278036184847,0.0358366821710908,-0.0014561180114664,105706.21493475132,False
A,2026-03-25,2026-03-26,2231,TWSE,104.0,0.2530120481927711,0.0543813447671465,0.0961538461538462,0.2741104113884668,0.1644662468330801,0.0158140621954884,105706.21493475132,False
A,2026-03-25,2026-03-26,2393,TWSE,69.4,0.0420420420420422,0.0243705878668642,0.0028818443804032,0.0376858735278755,0.0226115241167253,6.516289370813827e-05,105706.21493475132,False
A,2026-03-26,2026-03-27,1225,TWSE,32.75,0.0547504025764895,0.0228943617876037,-0.0137404580152672,0.0329402924104574,0.0197641754462744,-0.0002715688229259,110141.62274670866,False
A,2026-03-26,2026-03-27,1309,TWSE,20.15,0.1749271137026238,0.0762475622160346,0.0992555831265509,0.0303160252779079,0.0181896151667447,0.0018054208602228,110141.62274670866,False
A,2026-03-26,2026-03-27,1321,TWSE,34.35,0.0424886191198785,0.0147209088915042,0.0,0.0479828303541052,0.0287896982124631,0.0,110141.62274670866,False
A,2026-03-26,2026-03-27,1456,TWSE,14.75,0.1216730038022813,0.0479185190480681,-0.0237288135593219,0.0371356990741388,0.0222814194444833,-0.0005287116478351,110141.62274670866,False
A,2026-03-26,2026-03-27,1524,TWSE,30.8,0.0694444444444444,0.0298591819036629,-0.0097402597402597,0.0311550975095487,0.0186930585057292,-0.0001820752451856,110141.62274670866,False
A,2026-03-26,2026-03-27,2002,TWSE,19.75,0.0505319148936169,0.0208741568742304,-0.0075949367088606,0.033753865982062,0.0202523195892372,-0.0001538150854878,110141.62274670866,False
A,2026-03-26,2026-03-27,2231,TWSE,114.0,0.410891089108911,0.037960149382968,0.0964912280701755,0.6748504387163251,0.4049102632297951,0.0390702885572609,110141.62274670866,False
A,2026-03-26,2026-03-27,2254,TWSE,72.1,0.0419075144508669,0.0095092935835523,-0.002773925104022,0.1118657506754546,0.0671194504052727,-0.0001861843284473,110141.62274670866,False
A,2026-03-27,2026-03-30,1321,TWSE,34.35,0.0330827067669172,0.0151747298407553,-0.014556040756914,0.008319655613041,0.0049917933678246,-7.266074771214895e-05,117029.55824835424,False
A,2026-03-27,2026-03-30,1410,TWSE,32.0,0.0305958132045087,0.0070001373393939,-0.0281249999999999,0.0334392114418433,0.020063526865106,-0.0005642866930811,117029.55824835424,False
A,2026-03-27,2026-03-30,1582,TWSE,102.0,0.1564625850340135,0.0669431283104705,0.0,0.0095621214208102,0.0057372728524861,0.0,117029.55824835424,False
A,2026-03-27,2026-03-30,2049,TWSE,235.0,0.0514541387024609,0.0207352802669251,0.0510638297872341,0.0107786913411926,0.0064672148047155,0.0003302407559854,117029.55824835424,False
A,2026-03-27,2026-03-30,2059,TWSE,3600.0,0.0572687224669603,0.0183796871071688,-0.0388888888888888,0.0169943276397473,0.0101965965838483,-0.0003965343115941,117029.55824835424,False
A,2026-03-27,2026-03-30,2231,TWSE,125.0,0.5206812652068127,0.0231868160283823,0.1,0.8826873538327014,0.5296124122996207,0.0529612412299621,117029.55824835424,False
A,2026-03-27,2026-03-30,2313,TWSE,270.0,0.2162162162162162,0.065318050321538,-0.0259259259259259,0.0191802983347439,0.0115081790008463,-0.0002983601963182,117029.55824835424,False
A,2026-03-27,2026-03-30,2351,TWSE,104.5,0.1371055495103372,0.0415731675378822,-0.0708133971291866,0.0190383403759198,0.0114230042255519,-0.0008089017346323,117029.55824835424,False
A,2026-03-30,2026-03-31,1216,TWSE,71.9,0.0345323741007195,0.0046222679003646,-0.0125173852573018,0.0681490946374978,0.0408894567824987,-0.0005118290835083,112860.38964597214,False
A,2026-03-30,2026-03-31,1219,TWSE,14.2,0.0402930402930401,0.0081936789386158,-0.0176056338028168,0.0295270266066539,0.0177162159639923,-0.0003119052106336,112860.38964597214,False
A,2026-03-30,2026-03-31,2049,TWSE,247.0,0.1176470588235294,0.0231866987231598,-0.0748987854251012,0.0314341631760327,0.0188604979056196,-0.0014126283856435,112860.38964597214,False
A,2026-03-30,2026-03-31,2062,TWSE,20.95,0.050125313283208,0.008812530796034,-0.0214797136038186,0.0395030325198584,0.023701819511915,-0.0005091082950053,112860.38964597214,False
A,2026-03-30,2026-03-31,2231,TWSE,137.5,0.5210176991150441,0.0232188162549218,-0.0981818181818181,0.6148120866391055,0.3688872519834633,-0.0362180211038309,112860.38964597214,False
A,2026-03-30,2026-03-31,2239,TWSE,23.05,0.0429864253393665,0.0036789076939885,0.0520607375271149,0.1667025621625815,0.1000215372975489,0.0052071950003062,112860.38964597214,False
A,2026-03-30,2026-03-31,2243,TWSE,22.9,0.2052631578947368,0.0442552269958164,-0.0480349344978164,0.0262670001994401,0.015760200119664,-0.0007570401804205,112860.38964597214,False
A,2026-03-30,2026-03-31,2355,TWSE,51.4,0.1911935110081113,0.0434840151056086,-0.0077821011673151,0.0236050340588297,0.0141630204352978,-0.0001102180578622,112860.38964597214,False
A,2026-03-31,2026-04-01,1324,TWSE,11.95,0.1490384615384614,0.041367639638207,-0.0502092050209205,0.0977160148840425,0.0256504539070611,-0.0012878888990993,113153.60731825075,True
A,2026-03-31,2026-04-01,1452,TWSE,11.6,0.0497737556561084,0.0149368447184485,0.0086206896551723,0.083593703384103,0.021943347138327,0.0001891667856752,113153.60731825075,True
A,2026-03-31,2026-04-01,1528,TWSE,26.95,0.2712264150943395,0.0625863463473882,-0.0315398886827457,0.1413823801662852,0.0371128747936498,-0.0011705359396883,113153.60731825075,True
A,2026-03-31,2026-04-01,1582,TWSE,98.6,0.2024390243902438,0.0586921353162159,0.0953346855983774,0.0895610485636856,0.0235097752479674,0.0022412970317534,113153.60731825075,True
A,2026-03-31,2026-04-01,1702,TWSE,36.4,0.0326241134751772,0.0067898659301409,0.0054945054945054,0.1737982685634981,0.0456220454979182,0.0002506705796588,113153.60731825075,True
A,2026-03-31,2026-04-01,1723,TWSE,88.0,0.2054794520547944,0.0554036253800305,-0.0147727272727272,0.1035502012840476,0.0271819278370625,-0.0004015512066838,113153.60731825075,True
A,2026-03-31,2026-04-01,2239,TWSE,24.25,0.0850111856823265,0.0200938948817433,-0.0164948453608246,0.1347455356362721,0.0353707031045214,-0.0005834342780127,113153.60731825075,True
A,2026-03-31,2026-04-01,2355,TWSE,51.0,0.1999999999999999,0.0414045104962704,0.0352941176470587,0.1756528475180654,0.0461088724734922,0.0016273719696526,113153.60731825075,True
A,2026-04-01,2026-04-02,1304,TWSE,17.25,0.1937716262975779,0.0636107763911158,0.0376811594202897,0.0750464574098061,0.0450278744458836,0.0016967025153521,113785.98546646374,False
A,2026-04-01,2026-04-02,1309,TWSE,23.6,0.2861035422343323,0.0679803368773829,0.0995762711864405,0.1432488241958205,0.0859492945174923,0.008558510259157,113785.98546646374,False
A,2026-04-01,2026-04-02,1452,TWSE,11.7,0.0588235294117645,0.013982742993246,0.0256410256410257,0.1431293102680839,0.0858775861608503,0.0022019893887397,113785.98546646374,False
A,2026-04-01,2026-04-02,1525,TWSE,64.5,0.0626029654036244,0.0144346322676476,-0.0108527131782946,0.1521211275999435,0.0912726765599661,-0.0009905561797205,113785.98546646374,False
A,2026-04-01,2026-04-02,1582,TWSE,108.0,0.2765957446808511,0.063450908639984,-0.0277777777777777,0.1536832433853744,0.0922099460312246,-0.0025613873897562,113785.98546646374,False
A,2026-04-01,2026-04-02,1723,TWSE,86.7,0.1958620689655172,0.0571380602318472,-0.0173010380622837,0.0950300393802015,0.0570180236281209,-0.0009864709970263,113785.98546646374,False
A,2026-04-01,2026-04-02,2102,TWSE,20.0,0.0389610389610388,0.0121735548317886,0.01,0.0828394847834407,0.0497036908700644,0.0004970369087006,113785.98546646374,False
A,2026-04-01,2026-04-02,2355,TWSE,52.8,0.1746384872080086,0.0399041199141019,-0.0208333333333332,0.1549015129773291,0.0929409077863974,-0.0019362689122166,113785.98546646374,False
A,2026-04-02,2026-04-07,1309,TWSE,25.95,0.2878411910669975,0.0682268179219724,0.0211946050096338,0.1484928418901909,0.0389793709961751,0.0008261523717879,113303.98980400711,True
A,2026-04-02,2026-04-07,1452,TWSE,12.0,0.0762331838565022,0.0151536319791194,-0.0041666666666667,0.2111370581573618,0.0554234777663074,-0.0002309311573596,113303.98980400711,True
A,2026-04-02,2026-04-07,1723,TWSE,85.2,0.1607629427792916,0.0617782751427571,-0.0046948356807512,0.0564950245704583,0.0148299439497453,-6.962414999880524e-05,113303.98980400711,True
A,2026-04-02,2026-04-07,1789,TWSE,22.65,0.0889423076923074,0.030222466903269,-0.0353200883002206,0.0722548186121381,0.0189668898856862,-0.0006699122255429,113303.98980400711,True
A,2026-04-02,2026-04-07,2027,TWSE,38.4,0.0491803278688522,0.0166067941382819,-0.0078124999999998,0.0731679793126402,0.019206594569568,-0.0001500515200747,113303.98980400711,True
A,2026-04-02,2026-04-07,2101,TWSE,37.75,0.1005830903790088,0.0193168998225644,-0.0596026490066224,0.2261960039415101,0.0593764510346464,-0.0035389937702769,113303.98980400711,True
A,2026-04-02,2026-04-07,2102,TWSE,20.2,0.0412371134020619,0.0122162273366273,-0.0049504950495048,0.095063129912614,0.0249540716020611,-0.0001235350079309,113303.98980400711,True
A,2026-04-02,2026-04-07,2399,TWSE,33.8,0.1555555555555554,0.0415039425194197,0.0207100591715976,0.1171931436030862,0.0307632001958101,0.0006371076963629,113303.98980400711,True
A,2026-04-07,2026-04-08,1101,TWSE,24.0,0.0526315789473683,0.0162973978473703,0.0583333333333333,0.1143885500642539,0.0686331300385523,0.0040035992522488,113057.45605202588,False
A,2026-04-07,2026-04-08,1309,TWSE,26.5,0.196388261851016,0.0640042370732983,-0.0999999999999999,0.1032618578072411,0.0619571146843446,-0.0061957114684344,113057.45605202588,False
A,2026-04-07,2026-04-08,1324,TWSE,12.75,0.2028301886792454,0.0617739753556692,-0.0745098039215685,0.118244355825097,0.0709466134950582,-0.0052862182604161,113057.45605202588,False
A,2026-04-07,2026-04-08,1452,TWSE,11.95,0.0669642857142858,0.0170181969072227,0.0041841004184099,0.1698187685329007,0.1018912611197404,0.0004263232682834,113057.45605202588,False
A,2026-04-07,2026-04-08,2020,TWSE,25.3,0.043298969072165,0.0135170726279483,-0.0039525691699605,0.1125423809451836,0.0675254285671101,-0.0002668989271427,113057.45605202588,False
A,2026-04-07,2026-04-08,2027,TWSE,38.1,0.0409836065573769,0.0180582755166588,0.010498687664042,0.0564929293581644,0.0338957576148986,0.0003558609723348,113057.45605202588,False
A,2026-04-07,2026-04-08,2102,TWSE,20.1,0.0468750000000002,0.0102691482522564,-0.0024875621890547,0.2285282926327743,0.1371169755796646,-0.0003410870039295,113057.45605202588,False
A,2026-04-07,2026-04-08,2399,TWSE,34.5,0.1129032258064515,0.0380193717493126,0.1,0.0967228648343846,0.0580337189006307,0.005803371890063,113057.45605202588,False
A,2026-04-08,2026-04-09,1101,TWSE,25.4,0.1263858093126384,0.0220272260546605,-0.0118110236220471,0.2254452738551745,0.1352671643131046,-0.0015976436729894,112003.01712063389,False
A,2026-04-08,2026-04-09,1452,TWSE,12.0,0.0714285714285714,0.0162967812435139,0.0041666666666666,0.1315540940747464,0.0789324564448478,0.0003288852351868,112003.01712063389,False
A,2026-04-08,2026-04-09,2020,TWSE,25.2,0.0478170478170476,0.0122576990265755,0.0138888888888888,0.1042105543314738,0.0625263325988843,0.0008684212860956,112003.01712063389,False
A,2026-04-08,2026-04-09,2031,TWSE,41.25,0.0351317440401506,0.0084525130438931,-0.0060606060606061,0.1183019171290537,0.0709811502774322,-0.0004301887895601,112003.01712063389,False
A,2026-04-08,2026-04-09,2102,TWSE,20.05,0.0388601036269429,0.0115254853299255,-0.0024937655860349,0.077849092376441,0.0467094554258646,-0.0001164824324834,112003.01712063389,False
A,2026-04-08,2026-04-09,2340,TWSE,29.1,0.1479289940828403,0.0462751405702744,0.0240549828178693,0.0699802131133172,0.0419881278679903,0.001010023694419,112003.01712063389,False
A,2026-04-08,2026-04-09,2351,TWSE,118.0,0.2152420185375902,0.0681349899777127,-0.0084745762711864,0.0683404559005853,0.0410042735403512,-0.0003474938435622,112003.01712063389,False
A,2026-04-08,2026-04-09,2399,TWSE,37.95,0.2422258592471358,0.0443454267960735,-0.0658761528326745,0.2043183992192077,0.1225910395315246,-0.0080758260560951,112003.01712063389,False
