engine,date,symbol,market,close,mom_5,mom_10,std_5,ret_1d,weight,wret
B,2026-01-16,2312,TWSE,33.7,0.47807017543859653,,0.03980955585202996,0.05044510385756662,0.0625,0.0031528189910979137
B,2026-01-16,1721,TWSE,20.6,0.3420195439739415,,0.03895188661035573,0.07038834951456296,0.0625,0.004399271844660185
B,2026-01-16,1717,TWSE,67.3,0.3093385214007782,,0.043972527172503835,0.04457652303120363,0.0625,0.002786032689450227
B,2026-01-16,1528,TWSE,28.35,0.2915717539863327,,0.04809098524886873,0.09876543209876543,0.0625,0.006172839506172839
B,2026-01-16,2371,TWSE,38.85,0.2451923076923077,,0.03442817143486333,0.03346203346203347,0.0625,0.002091377091377092
B,2026-01-16,2313,TWSE,142.0,0.22943722943722933,,0.0367383895053088,0.010563380281690238,0.0625,0.0006602112676056399
B,2026-01-16,1540,TWSE,28.0,0.22807017543859653,,0.04897067464180147,-0.025000000000000022,0.0625,-0.0015625000000000014
B,2026-01-16,1809,TWSE,22.75,0.21333333333333337,,0.04488771836605421,0.098901098901099,0.0625,0.006181318681318687
B,2026-01-19,1721,TWSE,22.05,0.4364820846905537,,0.06676613771748244,-0.05442176870748294,0.0625,-0.003401360544217684
B,2026-01-19,2312,TWSE,35.4,0.4131736526946106,,0.0506446219063777,-0.012711864406779516,0.0625,-0.0007944915254237198
B,2026-01-19,1528,TWSE,31.15,0.38752783964365256,,0.03512926909564916,0.017656500802568198,0.0625,0.0011035313001605124
B,2026-01-19,1802,TWSE,45.95,0.31850789096126264,,0.0379505643717107,0.09902067464635467,0.0625,0.006188792165397167
B,2026-01-19,1717,TWSE,70.3,0.29944547134935307,,0.04207406216611816,-0.005689900426742445,0.0625,-0.0003556187766714028
B,2026-01-19,1809,TWSE,25.0,0.2953367875647668,,0.03348494521559637,0.10000000000000009,0.0625,0.0062500000000000056
B,2026-01-19,1539,TWSE,21.55,0.26392961876832843,,0.05964583811811231,-0.04176334106728552,0.0625,-0.002610208816705345
B,2026-01-19,2371,TWSE,40.15,0.23728813559322015,,0.022118574713695528,0.06475716064757164,0.0625,0.004047322540473228
B,2026-01-20,1802,TWSE,50.5,0.4831130690161529,,0.013526425756713999,0.06930693069306937,0.0625,0.0043316831683168355
B,2026-01-20,1809,TWSE,27.5,0.43229166666666674,,0.035858860081300854,0.032727272727272716,0.0625,0.0020454545454545447
B,2026-01-20,1528,TWSE,31.7,0.43115124153498874,,0.060878735240979594,-0.04416403785488954,0.0625,-0.002760252365930596
B,2026-01-20,1526,TWSE,22.6,0.35735735735735763,,0.04332667910433414,0.042035398230088505,0.0625,0.0026272123893805316
B,2026-01-20,1721,TWSE,20.85,0.3451612903225807,,0.08127101817099164,-0.05995203836930452,0.0625,-0.0037470023980815323
B,2026-01-20,1541,TWSE,29.35,0.3102678571428572,,0.05425516944988626,-0.022146507666098825,0.0625,-0.0013841567291311765
B,2026-01-20,1514,TWSE,127.0,0.2828282828282829,,0.05674409706071401,0.09842519685039375,0.0625,0.006151574803149609
B,2026-01-20,2312,TWSE,34.95,0.2686025408348458,,0.05294813471889834,-0.03433476394849788,0.0625,-0.0021459227467811176
B,2026-01-21,1802,TWSE,54.0,0.5629522431259046,,0.06560012266145865,-0.051851851851851816,0.0625,-0.0032407407407407385
B,2026-01-21,1809,TWSE,28.4,0.41999999999999993,,0.07574130867438028,-0.07394366197183089,0.0625,-0.0046214788732394305
B,2026-01-21,1526,TWSE,23.55,0.39349112426035515,,0.0684267764724631,-0.05732484076433131,0.0625,-0.0035828025477707068
B,2026-01-21,1514,TWSE,139.5,0.2857142857142858,,0.03741496493567831,0.007168458781362075,0.0625,0.0004480286738351297
B,2026-01-21,1528,TWSE,30.3,0.24948453608247423,,0.0802113591811292,-0.07590759075907594,0.0625,-0.004744224422442246
B,2026-01-21,1541,TWSE,28.7,0.24782608695652164,,0.07343945539974632,-0.06445993031358876,0.0625,-0.004028745644599298
B,2026-01-21,2337,TWSE,73.3,0.21963394342762066,,0.05945300013133054,0.0013642564802183177,0.0625,8.526603001364486e-05
B,2026-01-21,1512,TWSE,8.83,0.2046384720327421,,0.06852633345971264,-0.04869762174405434,0.0625,-0.0030436013590033964
B,2026-01-22,1514,TWSE,140.5,0.35096153846153855,,0.036950223396470146,0.014234875444839812,0.0625,0.0008896797153024882
B,2026-01-22,1802,TWSE,51.2,0.34736842105263155,,0.07211418824157084,-0.02734375000000011,0.0625,-0.001708984375000007
B,2026-01-22,1526,TWSE,22.2,0.3058823529411765,,0.07581641083737774,-0.04504504504504503,0.0625,-0.0028153153153153143
B,2026-01-22,1809,TWSE,26.3,0.27053140096618367,,0.0792788905156257,-0.03992395437262364,0.0625,-0.0024952471482889774
B,2026-01-22,1529,TWSE,26.85,0.26650943396226423,,0.022763618565256966,0.009310986964618184,0.0625,0.0005819366852886365
B,2026-01-22,1513,TWSE,184.0,0.2185430463576159,,0.04216017841520045,0.0,0.0625,0.0
B,2026-01-22,1337,TWSE,5.86,0.20328542094455848,,0.05432414616884644,-0.0068259385665528916,0.0625,-0.0004266211604095557
B,2026-01-22,1445,TWSE,14.6,0.18699186991869898,,0.04537819569711547,-0.023972602739726012,0.0625,-0.0014982876712328758
B,2026-01-23,2313,TWSE,171.0,0.204225352112676,0.48051948051948057,0.0472949603858014,0.03508771929824572,0.0625,0.0021929824561403577
B,2026-01-23,1514,TWSE,142.5,0.25,0.4570552147239264,0.048033732567743126,-0.024561403508771895,0.0625,-0.0015350877192982434
B,2026-01-23,2367,TWSE,44.1,0.203274215552524,0.4411764705882353,0.05395081483592829,0.09977324263038545,0.0625,0.006235827664399091
B,2026-01-23,1802,TWSE,49.8,0.19138755980861255,0.4228571428571428,0.06386391665246434,0.04016064257028118,0.0625,0.0025100401606425737
B,2026-01-23,1529,TWSE,27.1,0.2152466367713004,0.3969072164948455,0.0362526722132565,-0.022140221402214055,0.0625,-0.0013837638376383785
B,2026-01-23,1809,TWSE,25.25,0.10989010989010994,0.3466666666666667,0.07930475339115677,0.0990099009900991,0.0625,0.006188118811881194
B,2026-01-23,2371,TWSE,40.2,0.03474903474903468,0.28846153846153855,0.03959457160561034,-0.003731343283582267,0.0625,-0.00023320895522389168
B,2026-01-23,1513,TWSE,184.0,0.1499999999999999,0.2559726962457338,0.045875264868439625,-0.016304347826086918,0.0625,-0.0010190217391304324
B,2026-01-26,1802,TWSE,51.8,0.1273122959738846,0.4863701578192252,0.04952411606747757,-0.007722007722007707,0.0625,-0.00048262548262548166
B,2026-01-26,2367,TWSE,48.5,0.30727762803234504,0.4413075780089153,0.05100151502280385,0.03298969072164959,0.0625,0.0020618556701030993
B,2026-01-26,1809,TWSE,27.75,0.1100000000000001,0.4378238341968912,0.06943986189517445,-0.037837837837837895,0.0625,-0.0023648648648648685
B,2026-01-26,1514,TWSE,139.0,0.15833333333333344,0.404040404040404,0.054463614916775926,-0.043165467625899234,0.0625,-0.002697841726618702
B,2026-01-26,1526,TWSE,23.3,0.13381995133819946,0.39520958083832336,0.07062056818082318,-0.05579399141630903,0.0625,-0.0034871244635193144
B,2026-01-26,2313,TWSE,177.0,0.23344947735191646,0.39370078740157477,0.06230703629307769,-0.04519774011299438,0.0625,-0.0028248587570621486
B,2026-01-26,1471,TWSE,13.35,0.31527093596059097,0.3664278403275334,0.0464062113548351,0.09737827715355807,0.0625,0.006086142322097379
B,2026-01-26,1529,TWSE,26.5,0.15973741794310725,0.2895377128953771,0.04689753397966022,-0.04528301886792452,0.0625,-0.0028301886792452824
B,2026-01-27,1471,TWSE,14.65,0.4504950495049507,0.5372507869884577,0.06708462321912798,-0.05119453924914674,0.0625,-0.0031996587030716714
B,2026-01-27,2367,TWSE,50.1,0.33067729083665354,0.4355300859598854,0.05560686832259875,-0.003992015968063978,0.0625,-0.0002495009980039986
B,2026-01-27,1514,TWSE,133.0,0.04724409448818889,0.3434343434343434,0.033262969111041346,0.041353383458646586,0.0625,0.0025845864661654117
B,2026-01-27,1303,TWSE,79.6,0.041884816753926524,0.27974276527331177,0.03819305667861471,0.011306532663316604,0.0625,0.0007066582914572878
B,2026-01-27,1337,TWSE,6.16,0.2701030927835053,0.2753623188405798,0.07290113160373533,-0.04707792207792205,0.0625,-0.0029423701298701282
B,2026-01-27,2049,TWSE,256.5,0.09850107066381164,0.2635467980295567,0.030506145919690912,0.011695906432748648,0.0625,0.0007309941520467905
B,2026-01-27,2313,TWSE,169.0,0.14189189189189189,0.25185185185185177,0.0550935237000402,0.041420118343195256,0.0625,0.0025887573964497035
B,2026-01-27,2363,TWSE,60.5,0.16795366795366795,0.23343527013251797,0.05895557017143371,-0.0380165289256198,0.0625,-0.0023760330578512373
B,2026-01-28,2367,TWSE,49.9,0.2230392156862746,0.43804034582132556,0.049318167915978844,0.01002004008016022,0.0625,0.0006262525050100137
B,2026-01-28,2337,TWSE,83.8,0.14324693042291958,0.3943427620632278,0.07251012415172595,0.0990453460620524,0.0625,0.006190334128878275
B,2026-01-28,2313,TWSE,176.0,0.2179930795847751,0.32830188679245276,0.052444512756894116,0.011363636363636465,0.0625,0.000710227272727279
B,2026-01-28,2344,TWSE,127.0,0.2037914691943128,0.27254509018036077,0.05047783098252599,0.023622047244094446,0.0625,0.0014763779527559029
B,2026-01-28,2351,TWSE,96.2,0.11860465116279073,0.27248677248677255,0.05431234749842433,-0.04365904365904372,0.0625,-0.0027286902286902323
B,2026-01-28,1303,TWSE,80.5,0.09226594301221169,0.2697160883280758,0.03938870963465839,-0.042236024844720554,0.0625,-0.0026397515527950347
B,2026-01-28,2049,TWSE,259.5,0.12095032397408212,0.2211764705882353,0.033244435885838995,-0.0077071290944122905,0.0625,-0.00048169556840076816
B,2026-01-28,1337,TWSE,5.87,0.10131332082551592,0.20781893004115215,0.05960757792541079,-0.023850085178875546,0.0625,-0.0014906303236797216
B,2026-01-29,2337,TWSE,92.1,0.25476839237057214,0.48788368336025845,0.052459029091823525,0.007600434310532034,0.0625,0.0004750271444082521
B,2026-01-29,2367,TWSE,50.4,0.2568578553615959,0.35849056603773577,0.039943501536053756,0.02777777777777768,0.0625,0.001736111111111105
B,2026-01-29,2344,TWSE,130.0,0.2440191387559809,0.310483870967742,0.04965058305542475,-0.011538461538461497,0.0625,-0.0007211538461538436
B,2026-01-29,2313,TWSE,178.0,0.144694533762058,0.26241134751773054,0.043768691074629225,-0.050561797752809,0.0625,-0.0031601123595505626
B,2026-01-29,2351,TWSE,92.0,0.03487064116985361,0.21052631578947367,0.05102445649691632,-0.034782608695652195,0.0625,-0.002173913043478262
B,2026-01-29,2049,TWSE,257.5,0.10278372591006435,0.20892018779342725,0.03817852168138676,-0.029126213592232997,0.0625,-0.0018203883495145623
B,2026-01-29,2374,TWSE,94.6,0.0974477958236657,0.19293820933165184,0.06537882581687418,-0.09936575052854113,0.0625,-0.006210359408033821
B,2026-01-29,2365,TWSE,42.0,0.1428571428571428,0.16666666666666674,0.05605557366077539,-0.0714285714285714,0.0625,-0.004464285714285712
B,2026-01-30,2367,TWSE,51.8,0.17460317460317443,0.41336971350613916,0.033318448702292856,-0.05019305019305009,0.0625,-0.003137065637065631
B,2026-01-30,2337,TWSE,92.8,0.33910533910533913,0.3850746268656715,0.0780360131914693,-0.08620689655172409,0.0625,-0.0053879310344827555
B,2026-01-30,2344,TWSE,128.5,0.24757281553398047,0.20657276995305174,0.07122228840886351,-0.09727626459143968,0.0625,-0.00607976653696498
B,2026-01-30,2014,TWSE,19.75,0.19696969696969702,0.18975903614457823,0.04520383356978292,0.010126582278481067,0.0625,0.0006329113924050667
B,2026-01-30,2351,TWSE,88.8,0.049645390070921946,0.14728682170542617,0.047268985218505526,-0.018018018018017945,0.0625,-0.0011261261261261216
B,2026-01-30,2049,TWSE,250.0,0.08225108225108224,0.1389521640091116,0.045432492176836335,-0.07999999999999996,0.0625,-0.0049999999999999975
B,2026-01-30,1590,TWSE,1140.0,0.11764705882352944,0.11764705882352944,0.03747733378687047,0.026315789473684292,0.0625,0.0016447368421052683
B,2026-01-30,2038,TWSE,16.55,0.11073825503355716,0.08169934640522869,0.03196320493963531,0.0030211480362538623,0.0625,0.0001888217522658664
B,2026-02-02,2014,TWSE,19.95,0.1700879765395893,0.18047337278106523,0.047353052068038234,-0.02506265664160401,0.0625,-0.0015664160401002505
B,2026-02-02,1590,TWSE,1170.0,0.16417910447761197,0.15270935960591125,0.03928420983888176,0.004273504273504258,0.0625,0.00026709401709401615
B,2026-02-02,2337,TWSE,84.8,0.11286089238845132,0.1506105834464042,0.07832392809058263,-0.003537735849056589,0.0625,-0.00022110849056603682
B,2026-02-02,2368,TWSE,706.0,0.06006006006006004,0.1314102564102564,0.0418246193653108,0.06940509915014159,0.0625,0.0043378186968838495
B,2026-02-02,1795,TWSE,354.5,0.06938159879336347,0.10954616588419408,0.01825270718792947,0.021156558533145242,0.0625,0.0013222849083215776
B,2026-02-02,1453,TWSE,13.4,0.1074380165289257,0.09836065573770503,0.06219481922902937,-0.026119402985074647,0.0625,-0.0016324626865671654
B,2026-02-02,2038,TWSE,16.6,0.09210526315789491,0.08143322475570036,0.036418932251771924,-0.03614457831325313,0.0625,-0.0022590361445783205
B,2026-02-02,2002,TWSE,21.1,0.07379134860050907,0.07379134860050907,0.028125109562753402,-0.021327014218009643,0.0625,-0.0013329383886256027
B,2026-02-03,2367,TWSE,54.1,0.07984031936127733,0.4369189907038513,0.05674800396405854,0.06469500924214411,0.0625,0.004043438077634007
B,2026-02-03,2313,TWSE,181.5,0.07396449704142016,0.22635135135135132,0.041734954539569345,-0.030303030303030276,0.0625,-0.0018939393939393923
B,2026-02-03,2368,TWSE,755.0,0.10058309037900881,0.19841269841269837,0.03852648930334514,0.0066225165562914245,0.0625,0.00041390728476821403
B,2026-02-03,2014,TWSE,19.45,0.16119402985074616,0.17168674698795172,0.05455231943300224,-0.028277634961439646,0.0625,-0.0017673521850899779
B,2026-02-03,1795,TWSE,362.0,0.049275362318840665,0.15286624203821653,0.026784812966827096,-0.03314917127071826,0.0625,-0.002071823204419891
B,2026-02-03,1445,TWSE,15.55,0.07986111111111116,0.14760147601476015,0.029769584606542294,0.016077170418006492,0.0625,0.0010048231511254058
B,2026-02-03,1590,TWSE,1175.0,0.14634146341463405,0.14634146341463405,0.037560949528315984,0.05957446808510647,0.0625,0.0037234042553191543
B,2026-02-03,2355,TWSE,39.8,0.05710491367861881,0.11018131101813089,0.0385169959450522,0.007537688442211143,0.0625,0.00047110552763819646
B,2026-02-05,2367,TWSE,57.6,0.15430861723446898,0.41176470588235303,0.0732503181672628,-0.07118055555555558,0.0625,-0.004448784722222224
B,2026-02-05,2368,TWSE,760.0,0.05555555555555558,0.27516778523489926,0.032795611512115665,-0.019736842105263164,0.0625,-0.0012335526315789477
B,2026-02-05,1590,TWSE,1245.0,0.21463414634146338,0.21463414634146338,0.052071989821647714,-0.04016064257028118,0.0625,-0.0025100401606425737
B,2026-02-05,2337,TWSE,87.9,0.04892601431980914,0.19918144611186905,0.05620308323696141,-0.08077360637087605,0.0625,-0.005048350398179753
B,2026-02-05,2014,TWSE,18.9,0.10850439882697938,0.16666666666666674,0.038597086144012686,-0.042328042328042215,0.0625,-0.0026455026455026384
B,2026-02-05,2355,TWSE,40.1,0.07795698924731176,0.13597733711048177,0.05207706006856267,-0.061097256857855387,0.0625,-0.0038185785536159617
B,2026-02-05,1445,TWSE,15.8,0.11660777385159005,0.12056737588652489,0.034454462015425305,-0.015822784810126556,0.0625,-0.0009889240506329097
B,2026-02-05,2002,TWSE,20.95,0.06887755102040805,0.10554089709762526,0.020047110930557124,-0.026252983293556076,0.0625,-0.0016408114558472547
B,2026-02-06,2367,TWSE,53.5,0.06150793650793651,0.33416458852867836,0.07301024707476998,0.0,0.08333333333333333,0.0
B,2026-02-06,2368,TWSE,745.0,0.07658959537572252,0.1900958466453675,0.04069266054041062,0.06979865771812088,0.08333333333333333,0.0058165548098434066
B,2026-02-06,1590,TWSE,1195.0,0.14903846153846145,0.17733990147783252,0.03627000304562121,0.01673640167364021,0.08333333333333333,0.0013947001394700176
B,2026-02-06,1466,TWSE,16.65,0.13651877133105783,0.16027874564459932,0.03928107538505583,0.03603603603603611,0.08333333333333333,0.003003003003003009
B,2026-02-06,2383,TWSE,1925.0,0.07541899441340782,0.15963855421686746,0.034561530599207836,0.08051948051948044,0.08333333333333333,0.006709956709956702
B,2026-02-06,1445,TWSE,15.55,0.0761245674740485,0.06506849315068508,0.036807763980697614,-0.019292604501607746,0.08333333333333333,-0.0016077170418006455
B,2026-02-09,2368,TWSE,797.0,0.1369472182596292,0.2337461300309598,0.04142969834017523,0.06148055207026348,0.0625,0.0038425345043914677
B,2026-02-09,1466,TWSE,17.25,0.1774744027303754,0.21908127208480566,0.03518897426215982,0.02608695652173898,0.0625,0.0016304347826086862
B,2026-02-09,2367,TWSE,53.5,0.032818532818532864,0.21315192743764166,0.07030080634356008,-0.03551401869158877,0.0625,-0.002219626168224298
B,2026-02-09,1590,TWSE,1215.0,0.06578947368421062,0.19117647058823528,0.03555227873481829,0.012345679012345734,0.0625,0.0007716049382716084
B,2026-02-09,2383,TWSE,2080.0,0.1919770773638969,0.15555555555555545,0.03592652575487265,0.012019230769230838,0.0625,0.0007512019230769273
B,2026-02-09,2345,TWSE,1305.0,0.17040358744394624,0.11063829787234036,0.0555792867721826,0.06513409961685834,0.0625,0.0040708812260536464
B,2026-02-09,1434,TWSE,17.75,0.06606606606606613,0.07575757575757569,0.027101561127130195,-0.014084507042253502,0.0625,-0.0008802816901408439
B,2026-02-09,1445,TWSE,15.25,0.06271777003484313,0.07017543859649122,0.0378464279178833,-0.006557377049180357,0.0625,-0.00040983606557377233
B,2026-02-10,2368,TWSE,846.0,0.19830028328611893,0.2702702702702702,0.04348949705540542,-0.02009456264775411,0.0625,-0.001255910165484632
B,2026-02-10,1466,TWSE,17.7,0.20819112627986347,0.22916666666666652,0.04164096207296121,-0.016949152542372947,0.0625,-0.0010593220338983092
B,2026-02-10,1590,TWSE,1230.0,0.05128205128205132,0.22388059701492535,0.03896532046958674,-0.024390243902439046,0.0625,-0.0015243902439024404
B,2026-02-10,2383,TWSE,2105.0,0.17927170868347342,0.20977011494252884,0.036088779305130644,0.04275534441805218,0.0625,0.002672209026128261
B,2026-02-10,2345,TWSE,1390.0,0.2192982456140351,0.20869565217391295,0.055567198604913444,0.043165467625899234,0.0625,0.002697841726618702
B,2026-02-10,2337,TWSE,89.6,0.05660377358490565,0.1758530183727034,0.07471401671081304,0.0993303571428572,0.0625,0.006208147321428575
B,2026-02-10,1342,TWSE,102.5,0.09158679446219375,0.07894736842105265,0.021284638927069034,-0.019512195121951237,0.0625,-0.0012195121951219523
B,2026-02-10,2367,TWSE,51.6,0.04878048780487809,0.06391752577319587,0.05171306304913706,0.01744186046511631,0.0625,0.0010901162790697694
B,2026-02-11,2337,TWSE,98.5,0.16568047337278102,0.29265091863517045,0.07510334851253705,0.050761421319796884,0.0625,0.0031725888324873053
B,2026-02-11,2345,TWSE,1450.0,0.2236286919831223,0.2554112554112553,0.04887225175562522,-0.03448275862068961,0.0625,-0.002155172413793101
B,2026-02-11,2368,TWSE,829.0,0.0980132450331126,0.20845481049562675,0.045822282969977465,-0.013268998793727338,0.0625,-0.0008293124246079586
B,2026-02-11,2383,TWSE,2195.0,0.18328840970350413,0.20604395604395598,0.03915695983079762,-0.009111617312072884,0.0625,-0.0005694760820045552
B,2026-02-11,1466,TWSE,17.4,0.17966101694915237,0.15999999999999992,0.04185844848818693,0.02298850574712663,0.0625,0.0014367816091954144
B,2026-02-11,2208,TWSE,23.5,0.10070257611241207,0.06818181818181812,0.013757298874537992,0.019148936170212627,0.0625,0.0011968085106382892
B,2026-02-11,2301,TWSE,179.5,0.05278592375366564,0.05899705014749257,0.02239884100137121,0.027855153203342642,0.0625,0.0017409470752089151
B,2026-02-11,2204,TWSE,59.3,0.07818181818181813,0.057040998217468664,0.018614751539405033,-0.003372681281618828,0.0625,-0.00021079258010117674
B,2026-02-23,2337,TWSE,103.5,0.1774744027303754,0.23508353221957035,0.04029867329552061,0.09661835748792269,0.0625,0.006038647342995168
B,2026-02-23,1466,TWSE,17.8,0.17491749174917492,0.22758620689655173,0.022071183281771354,-0.002808988764045006,0.0625,-0.0001755617977528129
B,2026-02-23,2345,TWSE,1400.0,0.24444444444444446,0.19658119658119655,0.05145260471651416,0.0035714285714285587,0.0625,0.00022321428571428492
B,2026-02-23,2313,TWSE,205.0,0.1647727272727273,0.1647727272727273,0.04473054372785182,0.10000000000000009,0.0625,0.0062500000000000056
B,2026-02-23,2383,TWSE,2175.0,0.11538461538461542,0.14473684210526305,0.03641334907412655,0.06206896551724128,0.0625,0.00387931034482758
B,2026-02-23,2103,TWSE,17.85,0.17049180327868863,0.13694267515923575,0.0470015687498487,0.0980392156862746,0.0625,0.006127450980392163
B,2026-02-23,2368,TWSE,818.0,0.07631578947368411,0.13611111111111107,0.04142726935905925,0.01833740831295838,0.0625,0.0011460880195598988
B,2026-02-23,2360,TWSE,1155.0,0.18583162217659144,0.11594202898550732,0.039023939440107604,0.06060606060606055,0.0625,0.0037878787878787845
B,2026-02-24,2383,TWSE,2310.0,0.19999999999999996,0.2905027932960893,0.028934617209816552,0.04761904761904767,0.0625,0.0029761904761904795
B,2026-02-24,2313,TWSE,225.5,0.3110465116279071,0.2668539325842696,0.07119076797984748,-0.07095343680709532,0.0625,-0.004434589800443457
B,2026-02-24,2103,TWSE,19.6,0.26860841423948245,0.26045016077170424,0.047017723893059624,0.061224489795918435,0.0625,0.003826530612244902
B,2026-02-24,2337,TWSE,113.5,0.40470297029702973,0.23235613463626503,0.06248255605968929,-0.048458149779735726,0.0625,-0.003028634361233483
B,2026-02-24,2367,TWSE,61.2,0.14392523364485976,0.2142857142857144,0.0605568183659545,-0.040849673202614345,0.0625,-0.0025531045751633966
B,2026-02-24,1466,TWSE,17.75,0.06606606606606613,0.21160409556313997,0.01919807030651655,0.022535211267605604,0.0625,0.0014084507042253502
B,2026-02-24,2360,TWSE,1225.0,0.26680455015511884,0.2068965517241379,0.039057823593147585,0.02448979591836742,0.0625,0.0015306122448979637
B,2026-02-24,2368,TWSE,833.0,0.11812080536912761,0.20375722543352603,0.03225953636401548,0.014405762304922076,0.0625,0.0009003601440576298
B,2026-02-25,2383,TWSE,2420.0,0.16346153846153855,0.38681948424068757,0.029593879487328792,0.008264462809917328,0.0625,0.000516528925619833
B,2026-02-25,2103,TWSE,20.8,0.2919254658385093,0.36393442622950833,0.052751503570306904,-0.014423076923076983,0.0625,-0.0009014423076923114
B,2026-02-25,2345,TWSE,1450.0,0.11111111111111116,0.3004484304932735,0.03626551202326094,-0.03448275862068961,0.0625,-0.002155172413793101
B,2026-02-25,2360,TWSE,1255.0,0.21844660194174748,0.2806122448979591,0.04171860741572875,0.09960159362549792,0.0625,0.00622509960159362
B,2026-02-25,1802,TWSE,61.3,0.37598204264870927,0.2704663212435232,0.044326543552945866,-0.0032626427406198255,0.0625,-0.0002039151712887391
B,2026-02-25,1303,TWSE,94.9,0.21666666666666679,0.25032938076416333,0.04826785802599961,-0.03266596417281353,0.0625,-0.002041622760800846
B,2026-02-25,2313,TWSE,209.5,0.21449275362318843,0.23964497041420119,0.07543050453859236,-0.023866348448687402,0.0625,-0.0014916467780429626
B,2026-02-25,1466,TWSE,18.15,0.05217391304347818,0.23890784982935132,0.04484670522454252,0.09917355371900838,0.0625,0.006198347107438024
B,2026-02-26,2360,TWSE,1380.0,0.32692307692307687,0.42121524201853755,0.033535108991126716,0.09782608695652173,0.0625,0.006114130434782608
B,2026-02-26,2103,TWSE,20.5,0.26543209876543217,0.40410958904109595,0.07728632066997838,-0.07804878048780495,0.0625,-0.004878048780487809
B,2026-02-26,2383,TWSE,2440.0,0.15914489311163904,0.3669467787114846,0.03693404033865337,-0.024590163934426257,0.0625,-0.001536885245901641
B,2026-02-26,1466,TWSE,19.95,0.12711864406779672,0.3617747440273036,0.04498630696510769,-0.01754385964912275,0.0625,-0.001096491228070172
B,2026-02-26,1802,TWSE,61.1,0.42757009345794406,0.3592880978865405,0.04440213103569332,0.09983633387888702,0.0625,0.006239770867430439
B,2026-02-26,2338,TWSE,49.2,0.44918998527245946,0.3261455525606469,0.00022008840936311763,0.09959349593495936,0.0625,0.00622459349593496
B,2026-02-26,2367,TWSE,64.5,0.25,0.3109756097560974,0.060539731355720765,0.09922480620155039,0.0625,0.006201550387596899
B,2026-02-26,1303,TWSE,91.8,0.26098901098901095,0.30028328611898014,0.05302133464758185,-0.025054466230936767,0.0625,-0.001565904139433548
B,2026-03-02,2360,TWSE,1515.0,0.44285714285714284,0.45673076923076916,0.07377281372060195,-0.07920792079207917,0.0625,-0.004950495049504948
B,2026-03-02,2338,TWSE,54.1,0.6077265973254087,0.40702210663198946,0.046212305457054674,-0.003696857670979714,0.0625,-0.00023105360443623213
B,2026-03-02,2337,TWSE,116.0,0.17766497461928932,0.3727810650887573,0.07863238885429644,-0.09913793103448276,0.0625,-0.006196120689655173
B,2026-03-02,1802,TWSE,67.2,0.42826780021253996,0.3603238866396763,0.06857360918981409,-0.05208333333333337,0.0625,-0.0032552083333333356
B,2026-03-02,1466,TWSE,19.6,0.12643678160919558,0.32881355932203404,0.06320995631723934,-0.07397959183673486,0.0625,-0.004623724489795929
B,2026-03-02,2367,TWSE,70.9,0.3504761904761906,0.3105360443622922,0.06348242803804997,0.021156558533145242,0.0625,0.0013222849083215776
B,2026-03-02,2103,TWSE,18.9,0.1630769230769229,0.3079584775086506,0.06886056228505874,0.039682539682539764,0.0625,0.0024801587301587352
B,2026-03-02,2383,TWSE,2380.0,0.08428246013667429,0.28301886792452824,0.04031039191600703,-0.025210084033613467,0.0625,-0.0015756302521008417
B,2026-03-03,2103,TWSE,19.65,0.10084033613445365,0.2885245901639344,0.0561149027595017,-0.03307888040712459,0.0625,-0.002067430025445287
B,2026-03-03,2313,TWSE,224.5,0.09512195121951228,0.2755681818181819,0.06732658625355412,-0.060133630289532336,0.0625,-0.003758351893095771
B,2026-03-03,2367,TWSE,72.4,0.29982046678635554,0.2569444444444444,0.06527319760574848,-0.019337016574585753,0.0625,-0.0012085635359116095
B,2026-03-03,1313,TWSE,12.55,0.16203703703703698,0.20673076923076916,0.039834034060993284,0.019920318725099584,0.0625,0.001245019920318724
B,2026-03-03,2383,TWSE,2320.0,0.06666666666666665,0.18974358974358974,0.03942378063163726,-0.05603448275862066,0.0625,-0.0035021551724137914
B,2026-03-03,1727,TWSE,49.7,0.0722761596548005,0.16941176470588237,0.034980669221962093,-0.06438631790744476,0.0625,-0.004024144869215297
B,2026-03-03,2254,TWSE,68.3,0.14214046822742477,0.16752136752136737,0.041136395696750885,0.02049780380673516,0.0625,0.0012811127379209475
B,2026-03-03,1717,TWSE,65.1,0.09966216216216206,0.14210526315789473,0.06857109784777472,-0.0875576036866359,0.0625,-0.005472350230414744
B,2026-03-04,2367,TWSE,71.0,0.16013071895424824,0.3271028037383177,0.05889056698279664,-0.015492957746478742,0.0625,-0.0009683098591549213
B,2026-03-04,1313,TWSE,12.8,0.1636363636363638,0.26108374384236455,0.0510197421331187,-0.0390625,0.0625,-0.00244140625
B,2026-03-04,1582,TWSE,81.4,0.16452074391988547,0.20771513353115734,0.02000775407666577,0.011056511056510843,0.0625,0.0006910319410319277
B,2026-03-04,2254,TWSE,69.7,0.15588723051409636,0.19145299145299144,0.04104283167493648,0.021520803443328518,0.0625,0.0013450502152080324
B,2026-03-04,1225,TWSE,32.25,0.10634648370497435,0.1436170212765957,0.04833003127725741,-0.023255813953488413,0.0625,-0.0014534883720930258
B,2026-03-04,2049,TWSE,241.5,0.03426124197002145,0.10022779043280172,0.05171315674253192,-0.008281573498964856,0.0625,-0.0005175983436853035
B,2026-03-04,2017,TWSE,9.5,0.07587768969422415,0.09573241061130333,0.04672146416435883,0.0052631578947368585,0.0625,0.00032894736842105365
B,2026-03-04,2387,TWSE,41.7,0.05837563451776662,0.08877284595300283,0.016317934611020643,0.011990407673860837,0.0625,0.0007494004796163023
B,2026-03-05,2338,TWSE,52.7,0.17765363128491618,0.516546762589928,0.07898491955705522,0.001897533206830948,0.0625,0.00011859582542693425
B,2026-03-05,2360,TWSE,1405.0,0.1195219123505975,0.3640776699029127,0.07106181746183993,-0.02135231316725983,0.0625,-0.0013345195729537393
B,2026-03-05,2367,TWSE,69.9,0.19080068143100526,0.3065420560747665,0.05004132685873387,-0.012875536480686733,0.0625,-0.0008047210300429208
B,2026-03-05,1582,TWSE,82.3,0.1757142857142857,0.22835820895522385,0.03625428453060475,0.09963547995139743,0.0625,0.0062272174969623395
B,2026-03-05,2404,TWSE,1100.0,0.06280193236714982,0.22494432071269488,0.06250677596110707,0.0,0.0625,0.0
B,2026-03-05,2254,TWSE,71.2,0.15772357723577235,0.21501706484641647,0.014474375183296187,0.018258426966291985,0.0625,0.001141151685393249
B,2026-03-05,1313,TWSE,12.3,0.08849557522123885,0.15492957746478875,0.05762429393307034,0.09756097560975596,0.0625,0.006097560975609748
B,2026-03-05,1809,TWSE,25.5,0.05154639175257736,0.11353711790393017,0.04505449731496688,-0.0039215686274510775,0.0625,-0.00024509803921569234
B,2026-03-06,2338,TWSE,52.8,0.07317073170731692,0.5552282768777612,0.07690677652169904,-0.09943181818181823,0.0625,-0.0062144886363636395
B,2026-03-06,2367,TWSE,69.0,0.06976744186046502,0.33720930232558133,0.044789518568286356,-0.09999999999999998,0.0625,-0.006249999999999999
B,2026-03-06,1582,TWSE,90.5,0.24484181568088026,0.3308823529411764,0.056454122538099484,-0.04972375690607733,0.0625,-0.0031077348066298333
B,2026-03-06,1313,TWSE,13.5,0.21076233183856496,0.29807692307692313,0.06283031285367174,-0.014814814814814725,0.0625,-0.0009259259259259203
B,2026-03-06,1735,TWSE,20.8,0.10344827586206895,0.2455089820359282,0.07661973021222218,-0.07692307692307698,0.0625,-0.004807692307692311
B,2026-03-06,2254,TWSE,72.5,0.0724852071005917,0.21848739495798308,0.029242544402676398,-0.04551724137931035,0.0625,-0.0028448275862068967
B,2026-03-06,1529,TWSE,27.05,0.05252918287937747,0.1916299559471366,0.0631713197426547,-0.033271719038817094,0.0625,-0.0020794824399260683
B,2026-03-06,2355,TWSE,43.45,0.03699284009546555,0.18231292517006814,0.04124967591563609,-0.06674338319907958,0.0625,-0.0041714614499424735
B,2026-03-09,2103,TWSE,21.25,0.12433862433862441,0.3076923076923077,0.053697115969639955,-0.030588235294117583,0.0625,-0.001911764705882349
B,2026-03-09,1310,TWSE,11.55,0.27202643171806185,0.2819089900110989,0.0650827241169842,-0.038961038961039085,0.0625,-0.002435064935064943
B,2026-03-09,1313,TWSE,13.3,0.16157205240174677,0.26066350710900466,0.06273906532346894,-0.06390977443609036,0.0625,-0.0039943609022556475
B,2026-03-09,1582,TWSE,86.0,0.1436170212765957,0.25547445255474455,0.0579875874208344,-0.0011627906976743319,0.0625,-7.267441860464574e-05
B,2026-03-09,1337,TWSE,6.21,0.1672932330827066,0.19653179190751446,0.07451942574955042,-0.08051529790660228,0.0625,-0.005032206119162642
B,2026-03-09,1225,TWSE,34.25,0.05061349693251538,0.1871750433275563,0.04567464305490085,-0.06423357664233587,0.0625,-0.004014598540145992
B,2026-03-09,1305,TWSE,14.05,0.1516393442622952,0.18067226890756305,0.07711444506216716,-0.0854092526690392,0.0625,-0.00533807829181495
B,2026-03-09,1304,TWSE,13.8,0.12653061224489792,0.17948717948717952,0.07060739849316269,-0.07608695652173914,0.0625,-0.004755434782608696
B,2026-03-10,1310,TWSE,11.1,0.11222444889779548,0.22923588039867115,0.056739416168519276,0.018018018018018056,0.0625,0.0011261261261261285
B,2026-03-10,1582,TWSE,85.9,0.1214099216710185,0.2271428571428573,0.053944209185904,0.018626309662397977,0.0625,0.0011641443538998736
B,2026-03-10,2103,TWSE,20.6,0.04834605597964381,0.15406162464985984,0.050831285979924444,-0.016990291262136026,0.0625,-0.0010618932038835016
B,2026-03-10,1309,TWSE,14.0,0.048689138576779145,0.14754098360655754,0.0794071176125853,-0.017857142857142905,0.0625,-0.0011160714285714315
B,2026-03-10,1529,TWSE,27.55,0.08678500986193294,0.11991869918699183,0.05159812890094704,-0.005444646098003658,0.0625,-0.00034029038112522864
B,2026-03-10,1337,TWSE,5.71,0.05740740740740735,0.08349146110056926,0.07052279387262318,0.008756567425569184,0.0625,0.000547285464098074
B,2026-03-10,2324,TWSE,31.75,0.046128500823723106,0.07627118644067798,0.016220410884596758,0.018897637795275646,0.0625,0.0011811023622047279
B,2026-03-10,1762,TWSE,29.5,0.08256880733944949,0.07272727272727275,0.041460582413528096,0.016949152542372836,0.0625,0.0010593220338983023
B,2026-03-11,1582,TWSE,87.5,0.07493857493857492,0.25178826895565076,0.055290535342608055,0.044571428571428706,0.0625,0.002785714285714294
B,2026-03-11,1310,TWSE,11.3,0.17463617463617487,0.24861878453038666,0.05489863088591824,0.03982300884955747,0.0625,0.002488938053097342
B,2026-03-11,1735,TWSE,20.9,0.12972972972972974,0.19770773638968486,0.07507278922753957,0.03349282296650724,0.0625,0.0020933014354067025
B,2026-03-11,2243,TWSE,13.95,0.18220338983050843,0.14814814814814814,0.06365318289681314,0.09677419354838723,0.0625,0.006048387096774202
B,2026-03-11,2357,TWSE,584.0,0.16799999999999993,0.13398058252427192,0.04608857723448878,-0.005136986301369828,0.0625,-0.00032106164383561425
B,2026-03-11,2017,TWSE,9.9,0.04210526315789487,0.12117780294450742,0.03704232057075451,-0.0121212121212122,0.0625,-0.0007575757575757625
B,2026-03-11,2387,TWSE,44.0,0.05515587529976007,0.11675126903553301,0.024211620138019013,-0.003409090909090917,0.0625,-0.00021306818181818232
B,2026-03-11,1529,TWSE,27.4,0.14644351464435146,0.10931174089068829,0.05279027511378774,0.0036496350364965124,0.0625,0.00022810218978103203
B,2026-03-12,1582,TWSE,91.4,0.11057108140947758,0.3057142857142858,0.03518587064754361,-0.012035010940919078,0.0625,-0.0007521881838074423
B,2026-03-12,2243,TWSE,15.3,0.2803347280334729,0.26970954356846466,0.059108285303927,0.019607843137254832,0.0625,0.001225490196078427
B,2026-03-12,1735,TWSE,21.6,0.13984168865435365,0.2594752186588922,0.075514792650187,0.09953703703703698,0.0625,0.006221064814814811
B,2026-03-12,1310,TWSE,11.75,0.21134020618556715,0.25937834941050375,0.04510581192447552,0.008510638297872353,0.0625,0.000531914893617022
B,2026-03-12,2367,TWSE,73.0,0.044349070100142995,0.24361158432708674,0.07395316153384399,-0.005479452054794609,0.0625,-0.00034246575342466307
B,2026-03-12,1309,TWSE,15.1,0.18897637795275601,0.18897637795275601,0.07825890225532842,0.013245033112582849,0.0625,0.0008278145695364281
B,2026-03-12,1727,TWSE,55.3,0.14020618556701026,0.1581151832460732,0.062347104196006684,0.09945750452079571,0.0625,0.006216094032549732
B,2026-03-12,2399,TWSE,26.15,0.10570824524312905,0.14692982456140347,0.06553760993694484,0.003824091778202643,0.0625,0.00023900573613766518
B,2026-03-13,2243,TWSE,15.6,0.31092436974789917,0.278688524590164,0.03531286800034573,0.09935897435897423,0.0625,0.006209935897435889
B,2026-03-13,1310,TWSE,11.85,0.11267605633802802,0.27419354838709653,0.029581641200721674,-0.008438818565400852,0.0625,-0.0005274261603375532
B,2026-03-13,1735,TWSE,23.75,0.14182692307692313,0.25994694960212184,0.05061679715929063,0.09894736842105267,0.0625,0.006184210526315792
B,2026-03-13,1309,TWSE,15.3,0.09677419354838723,0.2289156626506026,0.07164358508144086,0.065359477124183,0.0625,0.004084967320261437
B,2026-03-13,2368,TWSE,935.0,0.18055555555555558,0.13196125907990308,0.05005285508875933,-0.027807486631016065,0.0625,-0.001737967914438504
B,2026-03-13,2367,TWSE,72.6,0.05217391304347818,0.12558139534883717,0.0401067914775372,0.019283746556473913,0.0625,0.0012052341597796196
B,2026-03-13,1529,TWSE,28.85,0.06654343807763397,0.12256809338521402,0.02836440246471531,0.0017331022530329143,0.0625,0.00010831889081455714
B,2026-03-13,2399,TWSE,26.25,0.13146551724137945,0.10993657505285426,0.03857286360880906,0.03428571428571425,0.0625,0.002142857142857141
B,2026-03-16,2243,TWSE,17.15,0.48484848484848464,0.4232365145228214,0.035260779673014324,0.09912536443148712,0.0625,0.006195335276967945
B,2026-03-16,1309,TWSE,16.3,0.065359477124183,0.31983805668016196,0.0549020724767221,-0.030674846625766916,0.0625,-0.0019171779141104323
B,2026-03-16,1735,TWSE,26.1,0.3593750000000002,0.26086956521739135,0.029533032212267458,0.09961685823754785,0.0625,0.00622605363984674
B,2026-03-16,2399,TWSE,27.15,0.2569444444444442,0.17025862068965525,0.03782456636248241,0.03130755064456725,0.0625,0.001956721915285453
B,2026-03-16,1721,TWSE,20.8,0.28792569659442746,0.1685393258426966,0.04805785146841486,-0.009615384615384581,0.0625,-0.0006009615384615363
B,2026-03-16,1708,TWSE,43.2,0.18356164383561646,0.15662650602409633,0.049914848830102734,0.01851851851851838,0.0625,0.0011574074074073987
B,2026-03-16,2368,TWSE,909.0,0.19448094612352174,0.15501905972045749,0.04652294948824829,0.008800880088008833,0.0625,0.0005500550055005521
B,2026-03-16,2393,TWSE,66.4,0.12733446519524638,0.13504273504273523,0.008768000031698222,0.012048192771084265,0.0625,0.0007530120481927666
B,2026-03-17,2243,TWSE,18.85,0.48425196850393726,0.5907172995780592,0.034368344914672916,0.08753315649867366,0.0625,0.005470822281167104
B,2026-03-17,1735,TWSE,28.7,0.5105263157894737,0.4137931034482758,0.02910489094785308,0.09581881533101044,0.0625,0.005988675958188153
B,2026-03-17,2337,TWSE,130.5,0.4388092613009922,0.24880382775119614,0.04665132586574558,0.09961685823754785,0.0625,0.00622605363984674
B,2026-03-17,1582,TWSE,94.5,0.10011641443538988,0.23368146214099217,0.052342836476327315,-0.005291005291005346,0.0625,-0.00033068783068783414
B,2026-03-17,2368,TWSE,917.0,0.1223990208078336,0.19712793733681466,0.02036633281117321,0.0,0.0625,0.0
B,2026-03-17,1309,TWSE,15.8,0.12857142857142856,0.18352059925093633,0.05391239264693653,-0.012658227848101333,0.0625,-0.0007911392405063333
B,2026-03-17,2383,TWSE,2700.0,0.13684210526315788,0.1637931034482758,0.04259262943071782,0.0,0.0625,0.0
B,2026-03-17,1708,TWSE,44.0,0.2154696132596685,0.1548556430446193,0.049485877627278595,-0.0193181818181819,0.0625,-0.0012073863636363688
B,2026-03-18,2243,TWSE,20.5,0.46953405017921157,0.7372881355932202,0.06134381504684689,-0.039024390243902474,0.0625,-0.0024390243902439046
B,2026-03-18,1735,TWSE,31.45,0.5047846889952154,0.7,0.04051661495309155,0.007949125596184325,0.0625,0.0004968203497615203
B,2026-03-18,2337,TWSE,143.5,0.4393179538615848,0.4642857142857142,0.0019943537941101886,0.0940766550522647,0.0625,0.005879790940766544
B,2026-03-18,2399,TWSE,30.8,0.2648870636550307,0.3508771929824561,0.04348584763461222,0.09902597402597402,0.0625,0.006189123376623376
B,2026-03-18,2316,TWSE,112.5,0.1854583772391991,0.24861265260821308,0.06067614354408855,-0.040000000000000036,0.0625,-0.0025000000000000022
B,2026-03-18,2351,TWSE,97.5,0.1484098939929328,0.23574144486692017,0.03256628750110562,-0.03384615384615386,0.0625,-0.002115384615384616
B,2026-03-18,2383,TWSE,2700.0,0.1020408163265305,0.23287671232876717,0.04491984553168133,0.07037037037037042,0.0625,0.004398148148148151
B,2026-03-18,2344,TWSE,128.0,0.12280701754385959,0.23076923076923084,0.04792983765112611,-0.046875,0.0625,-0.0029296875
B,2026-03-19,2243,TWSE,19.7,0.2875816993464051,0.6485355648535565,0.06664711955137091,-0.01015228426395931,0.0625,-0.0006345177664974569
B,2026-03-19,2337,TWSE,157.0,0.5858585858585859,0.46046511627906983,0.03478961391878914,0.019108280254777066,0.0625,0.0011942675159235666
B,2026-03-19,2399,TWSE,33.85,0.29445506692160617,0.4312896405919664,0.03645971001554361,0.09896602658788778,0.0625,0.006185376661742986
B,2026-03-19,2368,TWSE,1005.0,0.10318331503841938,0.3654891304347827,0.04905382322511533,-0.01691542288557213,0.0625,-0.001057213930348258
B,2026-03-19,1309,TWSE,17.15,0.13576158940397343,0.3503937007874016,0.054917057916980205,0.055393586005831,0.0625,0.0034620991253644373
B,2026-03-19,1708,TWSE,46.45,0.2080624187256177,0.29567642956764306,0.05900428938724207,-0.03659849300322937,0.0625,-0.0022874058127018357
B,2026-03-19,1305,TWSE,15.45,0.10357142857142843,0.2821576763485476,0.04873192858223158,0.08737864077669921,0.0625,0.005461165048543701
B,2026-03-19,1809,TWSE,32.5,0.29224652087475156,0.27450980392156854,0.05972204617216695,-0.0015384615384614886,0.0625,-9.615384615384304e-05
B,2026-03-20,2243,TWSE,19.5,0.25,0.6386554621848739,0.06570702326863355,-0.02564102564102566,0.0625,-0.0016025641025641038
B,2026-03-20,2399,TWSE,37.2,0.41714285714285726,0.6034482758620692,0.0774971872950764,-0.07795698924731198,0.0625,-0.004872311827956999
B,2026-03-20,2337,TWSE,160.0,0.4746543778801844,0.5609756097560976,0.07476068266043726,-0.07187500000000002,0.0625,-0.004492187500000001
B,2026-03-20,1309,TWSE,18.1,0.18300653594771243,0.29749103942652355,0.0613161108410412,0.09944751381215444,0.0625,0.006215469613259653
B,2026-03-20,1305,TWSE,16.8,0.22181818181818191,0.26792452830188696,0.046220384946252975,0.09821428571428559,0.0625,0.006138392857142849
B,2026-03-20,2368,TWSE,988.0,0.056684491978609586,0.2474747474747474,0.04875475179299947,-0.02631578947368418,0.0625,-0.0016447368421052613
B,2026-03-20,1708,TWSE,44.75,0.138676844783715,0.2310866574965611,0.050489076571006576,-0.04804469273743017,0.0625,-0.0030027932960893858
B,2026-03-20,2316,TWSE,113.0,0.23632385120350108,0.21505376344086025,0.07581897883696556,-0.09734513274336287,0.0625,-0.0060840707964601795
B,2026-03-23,2243,TWSE,19.0,0.10787172011661816,0.6450216450216448,0.05022680144598034,0.018421052631579116,0.0625,0.0011513157894736947
B,2026-03-23,1735,TWSE,27.05,0.036398467432950055,0.40885416666666674,0.07159747454895972,-0.007393715341959317,0.0625,-0.0004621072088724573
B,2026-03-23,1305,TWSE,18.45,0.34671532846715336,0.31316725978647675,0.0640670904718816,-0.03794037940379402,0.0625,-0.0023712737127371264
B,2026-03-23,1309,TWSE,19.9,0.2208588957055213,0.30065359477124165,0.05209820401773861,0.005025125628140836,0.0625,0.00031407035175880227
B,2026-03-23,2388,TWSE,56.1,0.1333333333333333,0.28965517241379324,0.060228700759569875,-0.06060606060606055,0.0625,-0.0037878787878787845
B,2026-03-23,2383,TWSE,2795.0,0.0812379110251451,0.28505747126436787,0.042704942143035184,-0.03935599284436497,0.0625,-0.002459749552772811
B,2026-03-23,2368,TWSE,962.0,0.05830583058305838,0.26412614980289084,0.06322200929706888,-0.07692307692307687,0.0625,-0.0048076923076923045
B,2026-03-23,2360,TWSE,1520.0,0.048275862068965614,0.22580645161290325,0.04164360403432474,-0.02631578947368418,0.0625,-0.0016447368421052613
B,2026-03-24,2337,TWSE,136.5,0.04597701149425282,0.5049614112458654,0.07505815690768346,0.04029304029304037,0.0625,0.0025183150183150232
B,2026-03-24,1309,TWSE,20.0,0.26582278481012644,0.4285714285714286,0.07651079302624463,-0.0824999999999999,0.0625,-0.005156249999999994
B,2026-03-24,2351,TWSE,102.5,0.09275053304904057,0.2576687116564418,0.04732149882374992,-0.019512195121951237,0.0625,-0.0012195121951219523
B,2026-03-24,1308,TWSE,17.65,0.19661016949152543,0.21305841924398616,0.07509306139699877,-0.06798866855524077,0.0625,-0.004249291784702548
B,2026-03-24,2388,TWSE,52.7,0.04150197628458496,0.18161434977578472,0.06062787381861591,-0.015180265654649028,0.0625,-0.0009487666034155642
B,2026-03-24,2231,TWSE,99.4,0.22413793103448287,0.1625730994152048,0.05438134476714657,0.046277665995975825,0.0625,0.002892354124748489
B,2026-03-24,2059,TWSE,3520.0,0.05074626865671639,0.15032679738562083,0.038140020675873035,0.026988636363636465,0.0625,0.001686789772727279
B,2026-03-24,2405,TWSE,16.85,0.10855263157894757,0.12709030100334462,0.07501944728683091,-0.017804154302670683,0.0625,-0.0011127596439169177
B,2026-03-25,1309,TWSE,18.35,0.17628205128205132,0.3345454545454547,0.07624756221603464,0.09809264305177101,0.0625,0.006130790190735688
B,2026-03-25,2231,TWSE,104.0,0.2530120481927711,0.24253285543608127,0.03796014938296805,0.09615384615384626,0.0625,0.006009615384615391
B,2026-03-25,1597,TWSE,88.6,0.0965346534653464,0.18449197860962574,0.049481228965778216,-0.040632054176072185,0.0625,-0.0025395033860045116
B,2026-03-25,2351,TWSE,100.5,0.03076923076923066,0.18374558303886923,0.043591142397697666,-0.012935323383084563,0.0625,-0.0008084577114427852
B,2026-03-25,2383,TWSE,2845.0,0.05370370370370381,0.1612244897959183,0.04192290324001926,0.03514938488576447,0.0625,0.0021968365553602792
B,2026-03-25,1308,TWSE,16.45,0.12671232876712324,0.158450704225352,0.07459899547287789,0.09726443768996962,0.0625,0.006079027355623101
B,2026-03-25,2345,TWSE,1685.0,0.05312500000000009,0.13468013468013473,0.05058636277623184,-0.005934718100890191,0.0625,-0.0003709198813056369
B,2026-03-25,2393,TWSE,69.4,0.042042042042042205,0.12116316639741531,0.021194757114503446,0.0028818443804032867,0.0625,0.00018011527377520542
B,2026-03-26,2231,TWSE,114.0,0.41089108910891103,0.385176184690158,0.02318681602838237,0.09649122807017552,0.0625,0.00603070175438597
B,2026-03-26,2243,TWSE,20.65,0.048223350253806974,0.34967320261437895,0.03663545893138812,0.009685230024213176,0.0625,0.0006053268765133235
B,2026-03-26,2313,TWSE,245.5,0.09843400447427286,0.22750000000000004,0.06531805032153808,0.09979633401221988,0.0625,0.006237270875763742
B,2026-03-26,1308,TWSE,18.05,0.12461059190031154,0.17589576547231278,0.07756714936310198,-0.02216066481994472,0.0625,-0.001385041551246545
B,2026-03-26,2347,TWSE,81.1,0.03443877551020402,0.16022889842632315,0.016826188494770238,-0.01602959309494445,0.0625,-0.0010018495684340281
B,2026-03-26,2355,TWSE,49.4,0.04994686503719459,0.15017462165308482,0.05915328357052347,0.022267206477732726,0.0625,0.0013917004048582954
B,2026-03-26,2351,TWSE,99.2,0.05307855626326963,0.13242009132420107,0.04157316753788222,0.053427419354838745,0.0625,0.0033392137096774216
B,2026-03-26,1597,TWSE,85.0,0.07458912768647297,0.13031914893617014,0.049716854144975,0.004705882352941337,0.0625,0.0002941176470588336
B,2026-03-27,2231,TWSE,125.0,0.5206812652068127,0.5225334957369063,0.023218816254921837,0.10000000000000009,0.0625,0.0062500000000000056
B,2026-03-27,2243,TWSE,20.85,0.0692307692307692,0.3365384615384617,0.04425522699581645,0.0983213429256593,0.0625,0.006145083932853707
B,2026-03-27,2313,TWSE,270.0,0.21621621621621623,0.27659574468085113,0.06503011870366962,-0.025925925925925908,0.0625,-0.0016203703703703692
B,2026-03-27,2355,TWSE,50.5,0.10989010989010994,0.19385342789598115,0.04348401510560861,0.017821782178217838,0.0625,0.0011138613861386149
B,2026-03-27,1308,TWSE,17.65,0.06969696969696959,0.1806020066889631,0.07733741819699504,0.09915014164305958,0.0625,0.0061968838526912234
B,2026-03-27,2351,TWSE,104.5,0.13710554951033727,0.17547806524184462,0.059145445901674386,-0.07081339712918666,0.0625,-0.004425837320574166
B,2026-03-27,2347,TWSE,79.8,0.03234152652005173,0.1367521367521367,0.025735476007765948,-0.036340852130325674,0.0625,-0.0022713032581453546
B,2026-03-27,1528,TWSE,25.45,0.1261061946902653,0.1361607142857144,0.06744329370042752,-0.037328094302554016,0.0625,-0.002333005893909626
B,2026-03-30,1304,TWSE,17.8,0.07552870090634434,0.36923076923076925,0.06501259657915605,0.02528089887640439,0.0625,0.0015800561797752743
B,2026-03-30,2243,TWSE,22.9,0.20526315789473681,0.33527696793002915,0.059318537902144496,-0.048034934497816484,0.0625,-0.0030021834061135302
B,2026-03-30,2313,TWSE,263.0,0.21759259259259256,0.19004524886877827,0.07309305931413011,-0.057034220532319435,0.0625,-0.0035646387832699647
B,2026-03-30,2355,TWSE,51.4,0.19119351100811133,0.18160919540229892,0.04140451049627044,-0.0077821011673151474,0.0625,-0.0004863813229571967
B,2026-03-30,1582,TWSE,102.0,0.2028301886792454,0.1778290993071594,0.05869213531621593,-0.03333333333333344,0.0625,-0.00208333333333334
B,2026-03-30,2345,TWSE,1635.0,0.04472843450479225,0.1762589928057554,0.06265558736849453,-0.07645259938837923,0.0625,-0.004778287461773702
B,2026-03-30,1723,TWSE,88.7,0.17173051519154559,0.15494791666666674,0.055403625380030574,-0.007891770011273946,0.0625,-0.0004932356257046216
B,2026-03-30,2360,TWSE,1625.0,0.06907894736842102,0.1206896551724137,0.07008794959423868,-0.09846153846153849,0.0625,-0.006153846153846156
B,2026-03-31,1309,TWSE,23.05,0.15250000000000008,0.4588607594936709,0.0679803368773829,0.02386117136659438,0.0625,0.0014913232104121488
B,2026-03-31,1304,TWSE,18.25,0.18892508143322484,0.40926640926640934,0.06361077639111581,-0.0547945205479452,0.0625,-0.003424657534246575
B,2026-03-31,1308,TWSE,18.5,0.04815864022662897,0.2542372881355932,0.07274081938346308,-0.032432432432432545,0.0625,-0.002027027027027034
B,2026-03-31,1528,TWSE,26.95,0.27122641509433953,0.18722466960352424,0.06809441277291989,-0.03153988868274571,0.0625,-0.001971243042671607
B,2026-03-31,1723,TWSE,88.0,0.20547945205479445,0.17333333333333334,0.05713806023184727,-0.01477272727272727,0.0625,-0.0009232954545454544
B,2026-03-31,2243,TWSE,21.8,0.12661498708010321,0.1564986737400531,0.053233756778381706,0.011467889908256979,0.0625,0.0007167431192660612
B,2026-03-31,1324,TWSE,11.95,0.14903846153846145,0.15458937198067635,0.0542139501890186,-0.05020920502092052,0.0625,-0.0031380753138075326
B,2026-03-31,2355,TWSE,51.0,0.19999999999999996,0.1270718232044199,0.03990411991410198,0.0352941176470587,0.0625,0.0022058823529411686
B,2026-04-01,1309,TWSE,23.6,0.2861035422343323,0.512820512820513,0.06822681792197248,0.09957627118644052,0.0625,0.006223516949152533
B,2026-04-01,1304,TWSE,17.25,0.19377162629757794,0.33720930232558133,0.05471445370554012,0.03768115942028971,0.0625,0.002355072463768107
B,2026-04-01,1308,TWSE,17.9,0.08814589665653494,0.226027397260274,0.06078108592734487,0.03910614525139677,0.0625,0.0024441340782122983
B,2026-04-01,1305,TWSE,16.9,0.052959501557632294,0.20284697508896787,0.06642217699458274,0.062130177514792884,0.0625,0.0038831360946745552
B,2026-04-01,1723,TWSE,86.7,0.19586206896551728,0.16846361185983816,0.0617782751427571,-0.01730103806228378,0.0625,-0.0010813148788927363
B,2026-04-01,2313,TWSE,266.0,0.15652173913043477,0.15652173913043477,0.0684964256753692,-0.022556390977443663,0.0625,-0.001409774436090229
B,2026-04-01,1582,TWSE,108.0,0.27659574468085113,0.14893617021276606,0.06500880674647148,-0.02777777777777779,0.0625,-0.0017361111111111119
B,2026-04-01,1528,TWSE,26.1,0.13478260869565228,0.09894736842105267,0.07185015689399295,-0.024904214559387072,0.0625,-0.001556513409961692
B,2026-04-02,1309,TWSE,25.95,0.28784119106699757,0.5131195335276968,0.06400423707329832,0.021194605009633882,0.0625,0.0013246628131021176
B,2026-04-02,1304,TWSE,17.9,0.12933753943217652,0.26501766784452285,0.05688524464353778,-0.008379888268156388,0.0625,-0.0005237430167597742
B,2026-04-02,2313,TWSE,260.0,0.05906313645621175,0.1633109619686801,0.05680586043445994,0.05769230769230771,0.0625,0.003605769230769232
B,2026-04-02,1305,TWSE,17.95,0.043604651162790775,0.1618122977346279,0.06556911218847261,-0.01949860724233976,0.0625,-0.001218662952646235
B,2026-04-02,1308,TWSE,18.6,0.030470914127423754,0.15887850467289732,0.05885928902487458,0.0,0.0625,0.0
B,2026-04-02,1582,TWSE,105.0,0.12903225806451624,0.1326860841423947,0.05181015276320633,0.0,0.0625,0.0
B,2026-04-02,2101,TWSE,37.75,0.10058309037900881,0.12351190476190466,0.04092552310141863,-0.05960264900662249,0.0625,-0.0037251655629139055
B,2026-04-02,1723,TWSE,85.2,0.1607629427792916,0.11227154046997412,0.049587565852738755,-0.0046948356807512415,0.0625,-0.0002934272300469526
B,2026-04-07,1309,TWSE,26.5,0.196388261851016,0.4640883977900552,0.0770859181335371,-0.09999999999999998,0.0625,-0.006249999999999999
B,2026-04-07,1528,TWSE,26.85,0.05500982318271119,0.18805309734513265,0.0554978042925631,0.013035381750465369,0.0625,0.0008147113594040856
B,2026-04-07,2351,TWSE,109.0,0.04306220095693769,0.18607181719260057,0.06813498997771272,0.08256880733944949,0.0625,0.005160550458715593
B,2026-04-07,1304,TWSE,17.75,0.095679012345679,0.17940199335548157,0.05678799851536787,-0.09859154929577463,0.0625,-0.006161971830985914
B,2026-04-07,1723,TWSE,84.8,0.050805452292441045,0.145945945945946,0.030763319988690023,-0.07900943396226423,0.0625,-0.004938089622641514
B,2026-04-07,1308,TWSE,18.6,0.05382436260623247,0.12727272727272743,0.05184561963048432,-0.09946236559139787,0.0625,-0.006216397849462367
B,2026-04-07,1597,TWSE,89.6,0.04918032786885229,0.11581569115815693,0.033751334569173445,0.04241071428571441,0.0625,0.002650669642857151
B,2026-04-07,1452,TWSE,11.95,0.06696428571428581,0.06696428571428581,0.01629678124351398,0.004184100418409997,0.0625,0.00026150627615062483
B,2026-04-08,2313,TWSE,274.0,0.041825095057034245,0.2685185185185186,0.040036412181188516,0.027372262773722733,0.0625,0.0017107664233576708
B,2026-04-08,2351,TWSE,118.0,0.21524201853759029,0.23819517313746075,0.06361227423552958,-0.008474576271186418,0.0625,-0.0005296610169491511
B,2026-04-08,1528,TWSE,27.2,0.11020408163265305,0.22522522522522515,0.03476344863176819,-0.005514705882352922,0.0625,-0.0003446691176470576
B,2026-04-08,1303,TWSE,85.1,0.045454545454545414,0.15311653116531154,0.03714653145506714,0.001175088131609936,0.0625,7.3443008225621e-05
B,2026-04-08,2402,TWSE,56.9,0.09633911368015413,0.14717741935483875,0.04974544166170743,-0.019332161687170446,0.0625,-0.0012082601054481529
B,2026-04-08,1802,TWSE,59.0,0.08455882352941169,0.13680154142581902,0.04752390554856293,0.008474576271186418,0.0625,0.0005296610169491511
B,2026-04-08,2360,TWSE,1725.0,0.06153846153846154,0.13486842105263164,0.06144338307355911,0.06666666666666665,0.0625,0.004166666666666666
B,2026-04-08,2383,TWSE,3170.0,0.13824057450628358,0.13416815742397148,0.054606887628216555,0.01577287066246047,0.0625,0.0009858044164037794
