date,stock_id,close,volume,open,high,low,ret1,mom3,mom5,mom10,mom20,mom60,ma5,ma10,ma20,ma60,vol20,vol_ma5,vol_ma20,volume_ratio,vol_dry_ratio,high_20,low_20,high_60,low_60,range_20,ma_max,ma_min,ma_converge_pct,ma20_slope,kd_k,kd_d,kd_cross,macd_diff,macd_signal,macd_hist,macd_cross,obv_proxy,obv_mom5,obv_up_count_3,low_non_down_count_3,obv_up_count_5,low_non_down_count_5,obv_up_count_10,low_non_down_count_10,price_tier,core_momentum_score,core_trend_score,core_volume_score,core_quality_score,core_raw_score,core_penalty,entry_score,strategy_type,action,action_label,action_sub,note,engine,alpha_reversal_score,alpha_structure_score,alpha_volume_score,alpha_confirm_score,alpha_raw_score,alpha_penalty
2026-10-06,1303,293.0,115482642,293.0,293.0,293.0,0.0244755244755243,0.1535433070866141,0.1862348178137651,0.2310924369747899,0.0,0.0,269.7,253.2,243.3,243.3,0.0356681085120606,85858917.8,70154270.8,1.646124187210567,1.2238587447480105,293.0,221.5,293.0,221.5,0.2440273037534333,269.7,243.3,0.0901023890781907,0.0,96.0943519778049,88.22220547202255,0,11.222847860003952,5.291938602160048,5.930909257843904,0,641631962,0.9644944380924568,3.0,3.0,4.0,4.0,7.0,7.0,100-300,19.0,12.0,20.0,20.0,71.0,0.0,71.0,CORE,TEST,試單,強勢試單,接近60日高｜量能放大｜避開低價,CORE,,,,,,
2026-10-06,1477,203.5,2256316,203.5,203.5,203.5,0.0303797468354429,0.0682414698162729,0.0710526315789474,0.0489690721649485,0.0,0.0,195.1,193.1,194.05,194.05,0.01307535839933,1429228.6,1271293.0,1.7748198094381062,1.1242322580239166,203.5,190.0,203.5,190.0,0.0663390663387403,195.1,193.1,0.0098280098279615,0.0,69.09959186837403,45.53049407653275,0,0.3176914021801735,-0.5815416309292231,0.8992330331093966,0,-1116791,-0.826539566941853,3.0,3.0,4.0,4.0,5.0,5.0,100-300,19.0,12.0,20.0,20.0,71.0,0.0,71.0,CORE,TEST,試單,強勢試單,接近60日高｜量能放大｜避開低價,CORE,,,,,,
2026-10-06,1708,57.1,5833629,57.1,57.1,57.1,0.0052816901408452,0.0652985074626866,0.0980769230769231,0.1262327416173569,0.0,0.0,55.5,53.260000000000005,51.3975,51.3975,0.0206036492843628,7264658.4,3590816.0,1.6245970275280044,2.023121875362034,57.1,47.95,57.1,47.95,0.1602451838851095,55.5,51.3975,0.0718476357255368,0.0,97.30383333236222,91.88956569914448,0,1.5983632949661128,0.8239081670171651,0.7744551279489478,0,31312669,12.744785349860786,3.0,3.0,4.0,4.0,5.0,6.0,50-100,19.0,12.0,20.0,20.0,71.0,0.0,71.0,CORE,TEST,試單,強勢試單,接近60日高｜量能放大｜避開低價,CORE,,,,,,
2026-10-06,1709,63.3,70924328,63.3,63.3,63.3,-0.015552099533437,0.1898496240601501,0.4386363636363635,0.6147959183673468,0.0,0.0,57.54,51.255,44.010000000000005,44.010000000000005,0.064969135675359,39766383.4,32700149.2,2.168929798032848,1.2160918030306724,64.3,33.6,64.3,33.6,0.4849921010981833,57.54,44.010000000000005,0.2137440758260071,0.0,95.54088098947004,92.8577778906735,0,6.396643722217483,4.049582422118733,2.3470613000987504,0,225068296,0.3390144815688083,2.0,2.0,4.0,4.0,8.0,8.0,50-100,19.0,12.0,20.0,20.0,71.0,0.0,71.0,CORE,TEST,試單,強勢試單,接近60日高｜量能放大｜避開低價,CORE,,,,,,
2026-10-06,1773,182.0,1352749,182.0,182.0,182.0,0.0083102493074791,0.0865671641791043,0.0865671641791043,0.1131498470948011,0.0,0.0,173.6,168.85,164.875,164.875,0.0180674331306878,1278987.6,726553.1,1.8618721742430089,1.760349794116904,182.0,156.5,182.0,156.5,0.1401098901091202,173.6,164.875,0.047939560439297,0.0,98.410449704517,93.71855671522042,0,3.968921506499385,1.9507821409781976,2.018139365521187,0,8540268,1.1623761894911309,3.0,3.0,3.0,5.0,6.0,8.0,100-300,19.0,12.0,20.0,20.0,71.0,0.0,71.0,CORE,TEST,試單,強勢試單,接近60日高｜量能放大｜避開低價,CORE,,,,,,
2026-10-06,2243,57.3,619459,57.3,57.3,57.3,0.0513761467889908,0.0977011494252872,0.1346534653465345,0.1670061099796334,0.0,0.0,53.88,52.8,50.41,50.41,0.0398903240736862,460584.0,398667.4,1.5538240648721175,1.1553089116391229,57.3,45.25,57.3,45.25,0.2102966841150035,53.88,50.41,0.0605584642223286,0.0,85.69867919806038,75.50505673571814,0,2.1837595027955103,1.6543774118268435,0.5293820909686666,0,3077942,1.925711385205013,3.0,3.0,4.0,4.0,6.0,6.0,50-100,19.0,12.0,20.0,20.0,71.0,0.0,71.0,CORE,TEST,試單,強勢試單,接近60日高｜量能放大｜避開低價,CORE,,,,,,
2026-10-06,2254,101.5,4343259,101.5,101.5,101.5,0.0706751054852321,0.0786397449521785,0.1056644880174293,0.3216145833333335,0.0,0.0,95.46,90.54,79.88,79.88,0.0218131485986327,2487604.0,2001700.5,2.169784640609321,1.242745355761263,101.5,62.4,101.5,62.4,0.385221674873052,95.46,79.88,0.1534975369443006,0.0,99.9999999943414,99.99999999389856,0,8.665844559796852,6.747435055626297,1.918409504170556,0,37450791,0.4972667762400256,3.0,3.0,5.0,5.0,10.0,10.0,100-300,19.0,12.0,20.0,20.0,71.0,0.0,71.0,CORE,TEST,試單,強勢試單,接近60日高｜量能放大｜避開低價,CORE,,,,,,
2026-10-06,2313,252.0,97517769,252.0,252.0,252.0,0.0140845070422535,0.1224944320712695,0.1150442477876105,0.1028446389496717,0.0,0.0,235.5,229.4,227.575,227.575,0.0309167108818629,35482932.2,24382773.25,3.9994535486237193,1.455245957307174,252.0,218.5,252.0,218.5,0.1329365079359804,235.5,227.575,0.0314484126982879,0.0,82.70032547449955,68.30954969886119,0,0.8804588849465631,-2.3909294248270827,3.271388309773646,0,62753189,-1.621608791175874,3.0,3.0,4.0,4.0,6.0,7.0,100-300,19.0,12.0,20.0,20.0,71.0,0.0,71.0,CORE,TEST,試單,強勢試單,接近60日高｜量能放大｜避開低價,CORE,,,,,,
2026-10-06,2316,174.5,3448947,174.5,174.5,174.5,0.0174927113702623,0.0449101796407185,0.0771604938271603,0.1150159744408945,0.0,0.0,169.9,164.75,161.25,161.25,0.0150390123638162,2620493.0,1719424.55,2.0058728369325647,1.5240523348349295,174.5,155.0,174.5,155.0,0.1117478510022249,169.9,161.25,0.0495702005727818,0.0,97.22932079122532,89.64053624803728,0,3.162904399444699,1.4029213960382017,1.7599830034064972,0,13863610,17.214151048748924,3.0,3.0,5.0,5.0,8.0,8.0,100-300,19.0,12.0,20.0,20.0,71.0,0.0,71.0,CORE,TEST,試單,強勢試單,接近60日高｜量能放大｜避開低價,CORE,,,,,,
2026-10-06,2368,1260.0,21853878,1260.0,1260.0,1260.0,0.0370370370370369,0.1506849315068492,0.125,0.2352941176470588,0.0,0.0,1159.0,1124.5,1078.45,1078.45,0.0451544345896245,12939811.6,9419970.8,2.3199517773452114,1.3736572941393828,1260.0,950.0,1260.0,950.0,0.2460317460315507,1159.0,1078.45,0.0639285714285206,0.0,89.82954968348938,81.58277018378078,0,23.45367330651152,0.5830751336542654,22.870598172857253,0,16866879,-2.634702877270217,3.0,3.0,3.0,4.0,6.0,7.0,1000以上,19.0,12.0,20.0,20.0,71.0,0.0,71.0,CORE,TEST,試單,強勢試單,接近60日高｜量能放大｜避開低價,CORE,,,,,,
2026-10-06,2383,5995.0,5086859,5995.0,5995.0,5995.0,0.0517543859649123,0.2050251256281408,0.2184959349593496,0.2259713701431493,0.0,0.0,5358.0,5153.5,5180.75,5180.75,0.0380470346153123,2342566.8,2219935.3,2.291444710122857,1.055241024366791,5995.0,4695.0,5995.0,4695.0,0.2168473728106393,5358.0,5153.5,0.0341117597998275,0.0,87.88528523970524,71.48055686040303,0,15.651965295341142,-87.45054039886035,103.1025056942015,0,7364369,-2.693556001945514,3.0,3.0,5.0,5.0,8.0,8.0,1000以上,19.0,12.0,20.0,20.0,71.0,0.0,71.0,CORE,TEST,試單,強勢試單,接近60日高｜量能放大｜避開低價,CORE,,,,,,
2026-10-06,2402,59.2,2273084,59.2,59.2,59.2,0.0033898305084745,0.034965034965035,0.0404217926186292,0.0942698706099816,0.0,0.0,58.6,56.64,55.53,55.53,0.0181365059627442,2392921.2,1370903.4,1.6580920289496683,1.7455067950083123,59.2,53.4,59.2,53.4,0.0979729729713181,58.6,55.53,0.0518581081072322,0.0,93.33087012291875,83.91421178222448,0,0.8144709727600628,0.2102488378315484,0.6042221349285144,0,2384070,-2.091887113911992,2.0,2.0,3.0,3.0,6.0,6.0,50-100,19.0,12.0,20.0,20.0,71.0,0.0,71.0,CORE,TEST,試單,強勢試單,接近60日高｜量能放大｜避開低價,CORE,,,,,,
2026-10-06,2413,56.0,35747534,56.0,56.0,56.0,0.0126582278481013,0.0852713178294573,0.0980392156862746,0.054613935969868,0.0,0.0,53.32000000000001,52.80999999999999,51.59,51.59,0.0395470352339919,10045469.0,9132762.85,3.914208064649351,1.0999375725605312,56.0,45.95,56.0,45.95,0.1794642857110809,53.32000000000001,51.59,0.0308928571423056,0.0,73.41821570119001,60.97540433991145,0,1.3186324598578878,1.0131525609988925,0.3054798988589955,0,101116399,0.9869970269048428,3.0,3.0,5.0,5.0,6.0,6.0,50-100,19.0,12.0,20.0,20.0,71.0,0.0,71.0,CORE,TEST,試單,強勢試單,接近60日高｜量能放大｜避開低價,CORE,,,,,,
2026-10-06,2466,170.5,6768665,170.5,170.5,170.5,0.1,0.3268482490272373,0.5022026431718061,0.6084905660377358,0.0,0.0,143.9,129.15,115.955,115.955,0.0476365915406752,4463178.6,2225103.25,3.0419554688080197,2.005829886770422,170.5,98.6,170.5,98.6,0.4217008797629226,143.9,115.955,0.1639002932541707,0.0,97.81540243973318,94.52581517039916,0,12.61777437503551,6.647546615663993,5.970227759371516,0,24773867,9.078978459495504,3.0,3.0,5.0,5.0,8.0,8.0,100-300,19.0,12.0,20.0,20.0,71.0,0.0,71.0,CORE,TEST,試單,強勢試單,接近60日高｜量能放大｜避開低價,CORE,,,,,,
2026-10-06,2476,131.5,2587243,131.5,131.5,131.5,0.0233463035019454,0.0691056910569105,0.0562248995983936,0.0604838709677419,0.0,0.0,126.5,124.95,122.275,122.275,0.0161812931420949,1401035.8,1077936.95,2.4001802702838955,1.299738171142569,131.5,117.0,131.5,117.0,0.1102661596949789,126.5,122.275,0.0321292775662955,0.0,93.59741376186749,86.1074312249792,0,1.7015557385365412,0.6963383569941792,1.005217381542362,0,6349942,1.816047448393796,3.0,3.0,3.0,3.0,6.0,6.0,100-300,19.0,12.0,20.0,20.0,71.0,0.0,71.0,CORE,TEST,試單,強勢試單,接近60日高｜量能放大｜避開低價,CORE,,,,,,
2026-10-06,2492,389.5,56423288,389.5,389.5,389.5,0.0569877883310718,0.1838905775075987,0.2897350993377483,0.258481421647819,0.0,0.0,349.6,328.7,320.65,320.65,0.0432026043722581,55561665.0,34489009.7,1.6359787796400542,1.6109962415070445,389.5,297.0,389.5,297.0,0.2374839537862965,349.6,320.65,0.0743260590498734,0.0,88.04667565936917,72.22248328668145,0,9.931376992488596,1.0895450938341071,8.841831898654487,0,150854702,-2.66395442276937,3.0,3.0,4.0,4.0,6.0,6.0,300-500,19.0,12.0,20.0,20.0,71.0,0.0,71.0,CORE,TEST,試單,強勢試單,接近60日高｜量能放大｜避開低價,CORE,,,,,,
2026-10-06,3013,95.0,6098792,95.0,95.0,95.0,0.021505376344086,0.0106382978723404,0.1309523809523809,0.1473429951690821,0.0,0.0,92.3,88.05,86.10499999999999,86.10499999999999,0.0265297934688149,4308431.6,1703432.2,3.580296298261825,2.5292650919713724,95.0,81.5,95.0,81.5,0.1421052631563988,92.3,86.10499999999999,0.0652105263151031,0.0,92.2586132213852,83.65905742825544,0,1.8103691926141887,0.4743847323976657,1.3359844602165234,0,12999981,20.81069463808455,2.0,2.0,4.0,4.0,7.0,8.0,50-100,19.0,12.0,20.0,20.0,71.0,0.0,71.0,CORE,TEST,試單,強勢試單,接近60日高｜量能放大｜避開低價,CORE,,,,,,
2026-10-06,3030,308.0,5250743,308.0,308.0,308.0,0.0081833060556464,0.0657439446366781,0.1159420289855073,0.1535580524344568,0.0,0.0,296.3,282.85,274.6,274.6,0.0195101185723388,3060866.0,1287381.15,4.078623490797575,2.377591127538257,308.0,258.5,308.0,258.5,0.1607142857137639,296.3,274.6,0.0704545454543166,0.0,97.774028781033,91.622748517007,0,5.742008975668966,0.5759455414886105,5.166063434180356,0,14110070,-12.814906301810328,3.0,3.0,5.0,5.0,8.0,8.0,300-500,19.0,12.0,20.0,20.0,71.0,0.0,71.0,CORE,TEST,試單,強勢試單,接近60日高｜量能放大｜避開低價,CORE,,,,,,
2026-10-06,3044,579.0,3954803,579.0,579.0,579.0,0.0394973070017954,0.0945179584120983,0.1113243761996161,0.1177606177606178,0.0,0.0,546.4,539.7,520.925,520.925,0.0237867117456416,2516298.8,2842872.2,1.3911293655761234,0.885125543103907,579.0,484.0,579.0,484.0,0.1640759930912537,546.4,520.925,0.0439982728842072,0.0,90.7106373956756,84.37827691469607,0,15.365717745331722,10.41772278626232,4.947994959069401,0,24309753,1.0727503545070074,3.0,3.0,5.0,5.0,8.0,8.0,500-1000,19.0,12.0,20.0,20.0,71.0,0.0,71.0,CORE,TEST,試單,強勢試單,接近60日高｜量能放大｜避開低價,CORE,,,,,,
2026-10-06,3054,60.3,266358,60.3,60.3,60.3,0.0033277870216306,0.0117449664429529,0.0255102040816326,0.0432525951557094,0.0,0.0,59.82000000000001,59.16,57.835,57.835,0.0107594281960346,163203.8,102604.8,2.595960422904166,1.5906058975798243,60.3,54.7,60.3,54.7,0.0928689883898362,59.82000000000001,57.835,0.0329187396346117,0.0,99.13982400273164,95.94177404374392,0,0.6834976732758946,0.3460211956912941,0.3374764775846005,0,878119,13.140402576489532,3.0,3.0,5.0,5.0,8.0,9.0,50-100,19.0,12.0,20.0,20.0,71.0,0.0,71.0,CORE,TEST,試單,強勢試單,接近60日高｜量能放大｜避開低價,CORE,,,,,,
2026-10-06,3583,762.0,1630564,762.0,762.0,762.0,0.0241935483870967,0.0777934936350777,0.0687237026647966,0.0854700854700853,0.0,0.0,728.2,714.9,708.3,708.3,0.0199186690617842,1101183.4,798058.45,2.043163630433332,1.3798280063321158,762.0,664.0,762.0,664.0,0.1286089238843456,728.2,708.3,0.0261154855642703,0.0,93.70949060442666,84.74834981886517,0,4.917357074655797,-2.1360847660233118,7.053441840679108,0,2755812,4.660878728557138,3.0,3.0,3.0,4.0,6.0,8.0,500-1000,19.0,12.0,20.0,20.0,71.0,0.0,71.0,CORE,TEST,試單,強勢試單,接近60日高｜量能放大｜避開低價,CORE,,,,,,
2026-10-06,3661,4180.0,4017097,4180.0,4180.0,4180.0,0.0582278481012659,0.1102257636122177,0.1343283582089551,0.1807909604519775,0.0,0.0,3889.0,3804.0,3742.25,3742.25,0.040725030987457,2102419.6,2551359.85,1.574492520135879,0.8240388356036876,4180.0,3295.0,4180.0,3295.0,0.2117224880382268,3889.0,3742.25,0.0351076555023839,0.0,96.12007036652196,87.53716979403579,0,0.4400233169599232,-61.56166577606596,62.00168909302588,0,4541101,-1.760526424649016,3.0,3.0,5.0,5.0,9.0,9.0,1000以上,19.0,12.0,20.0,20.0,71.0,0.0,71.0,CORE,TEST,試單,強勢試單,接近60日高｜量能放大｜避開低價,CORE,,,,,,
2026-10-06,3715,133.0,12113936,133.0,133.0,133.0,0.0,0.0310077519379845,0.0682730923694778,0.1223628691983123,0.0,0.0,130.2,127.1,125.125,125.125,0.0369285287030061,7964387.0,6755917.05,1.7930853665528648,1.178875782674093,135.0,118.5,135.0,118.5,0.124060150375007,130.2,125.125,0.0381578947365551,0.0,92.25651366469228,79.20590309181426,0,2.622012934728957,1.5943677748401237,1.0276451598888334,0,43900213,1.7111927374477631,2.0,3.0,4.0,5.0,6.0,8.0,100-300,19.0,12.0,20.0,20.0,71.0,0.0,71.0,CORE,TEST,試單,強勢試單,接近60日高｜量能放大｜避開低價,CORE,,,,,,
2026-10-06,4566,76.5,2770788,76.5,76.5,76.5,-0.0129032258064516,0.0172872340425531,0.0450819672131146,0.186046511627907,0.0,0.0,75.82,72.51,68.17,68.17,0.0275347452069191,3233490.4,2006648.55,1.3808038283534996,1.611388501489211,77.5,62.7,77.5,62.7,0.1934640522850527,75.82,68.17,0.0999999999986926,0.0,95.9059102093461,94.71110370257476,0,3.367031587567084,2.21706520196484,1.1499663856022435,0,15905726,2.012533689404055,2.0,2.0,4.0,4.0,7.0,7.0,50-100,19.0,12.0,20.0,20.0,71.0,0.0,71.0,CORE,TEST,試單,強勢試單,接近60日高｜量能放大｜避開低價,CORE,,,,,,
2026-10-06,4755,133.0,1101751,133.0,133.0,133.0,0.0991735537190081,0.1176470588235294,0.1271186440677967,0.1769911504424779,0.0,0.0,122.6,119.2,116.275,116.275,0.0252990101283838,533263.2,262757.85,4.193027915245904,2.029485322703006,133.0,111.0,133.0,111.0,0.1654135338333427,122.6,116.275,0.0475563909770859,0.0,95.37866362375782,91.89862911877594,0,2.371451932034645,0.7369362369632286,1.6345156950714168,0,1204683,-2.741004730131065,2.0,2.0,3.0,4.0,6.0,8.0,100-300,19.0,12.0,20.0,20.0,71.0,0.0,71.0,CORE,TEST,試單,強勢試單,接近60日高｜量能放大｜避開低價,CORE,,,,,,
2026-10-06,4949,82.3,2966315,82.3,82.3,82.3,-0.0024242424242424,0.0843214756258232,0.0828947368421051,0.1032171581769436,0.0,0.0,78.94,77.15,75.97999999999999,75.97999999999999,0.0241019563197444,1408804.2,751358.6,3.947935113805839,1.8750090835454576,82.5,71.5,82.5,71.5,0.1336573511526894,78.94,75.97999999999999,0.0359659781283601,0.0,90.28381618288726,79.5360947978854,0,0.8407841673202512,-0.0607811646358983,0.9015653319561496,0,189499,-1.49455852263237,2.0,2.0,3.0,3.0,6.0,6.0,50-100,19.0,12.0,20.0,20.0,71.0,0.0,71.0,CORE,TEST,試單,強勢試單,接近60日高｜量能放大｜避開低價,CORE,,,,,,
2026-10-06,5243,97.8,2724650,97.8,97.8,97.8,0.0219435736677116,0.0493562231759656,0.1025930101465613,0.0830564784053156,0.0,0.0,94.42,91.57,90.69,90.69,0.0213267596944965,1720801.6,1085879.0,2.509165385830279,1.5847084251560244,97.8,85.3,97.8,85.3,0.1278118609393884,94.42,90.69,0.0381390593043135,0.0,94.92779630369714,85.12564524479994,0,0.3005135792525806,-0.816024981214605,1.1165385604671856,0,5563359,-2.82966169393442,3.0,3.0,5.0,5.0,6.0,6.0,50-100,19.0,12.0,20.0,20.0,71.0,0.0,71.0,CORE,TEST,試單,強勢試單,接近60日高｜量能放大｜避開低價,CORE,,,,,,
2026-10-06,5285,97.2,2709229,97.2,97.2,97.2,-0.028,0.0318471337579617,0.0740331491712706,0.0418006430868167,0.0,0.0,96.1,93.83,89.955,89.955,0.0327800840511088,2944418.4,1808079.8,1.498401232069513,1.6284781235872434,100.0,82.5,100.0,82.5,0.1800411522615222,96.1,89.955,0.063220164608403,0.0,85.13945602878977,84.06242334424988,0,2.6015350575562195,1.5325028831096217,1.069032174446598,0,8012965,26.706102422781825,2.0,2.0,3.0,3.0,5.0,5.0,50-100,19.0,12.0,20.0,20.0,71.0,0.0,71.0,CORE,TEST,試單,強勢試單,接近60日高｜量能放大｜避開低價,CORE,,,,,,
2026-10-06,5292,249.0,262421,249.0,249.0,249.0,0.0080971659919029,0.0506329113924051,0.1395881006864989,0.1318181818181818,0.0,0.0,240.6,229.35,223.075,223.075,0.0209057874393666,339873.6,147592.5,1.7780104002574535,2.3027836780324047,249.0,209.0,249.0,209.0,0.1606425702804793,240.6,223.075,0.070381526104135,0.0,96.80862959279862,89.62637804074552,0,5.982924792408539,2.3220950528901128,3.6608297395184266,0,1642709,-29.99290492243068,3.0,3.0,5.0,5.0,7.0,8.0,100-300,19.0,12.0,20.0,20.0,71.0,0.0,71.0,CORE,TEST,試單,強勢試單,接近60日高｜量能放大｜避開低價,CORE,,,,,,
2026-10-06,5434,619.0,1136747,619.0,619.0,619.0,-0.0016129032258064,0.091710758377425,0.1462962962962963,0.1462962962962963,0.0,0.0,588.8,563.9,549.2,549.2,0.0196437053519558,1112617.6,665766.2,1.70742672127242,1.6711836677800682,620.0,527.0,620.0,527.0,0.1502423263325521,588.8,549.2,0.0639741518577317,0.0,97.41062387757287,92.7304208916938,0,14.939168371259711,5.673083344234474,9.266085027025238,0,2688399,-5.471758747161903,2.0,2.0,4.0,4.0,5.0,6.0,500-1000,19.0,12.0,20.0,20.0,71.0,0.0,71.0,CORE,TEST,試單,強勢試單,接近60日高｜量能放大｜避開低價,CORE,,,,,,
2026-10-06,2881,154.5,16607313,154.5,154.5,154.5,0.0164473684210526,0.0265780730897009,0.0198019801980198,0.0265780730897009,0.0,0.0,151.7,152.2,151.225,151.225,0.0148596446491756,13587033.0,15482860.65,1.072625619736492,0.8775531413182356,154.5,147.0,154.5,147.0,0.0485436893200741,152.2,151.225,0.0063106796116096,0.0,53.61667177687859,41.71844546522543,1,0.655020868276722,0.5654883395459858,0.0895325287307362,1,-30760813,0.0648277780054766,2.0,3.0,2.0,3.0,4.0,6.0,100-300,,,,,,,85.0,ALPHA,TEST,試單,小倉試單,短線轉強｜靠近MA20｜均線收斂｜量能回溫｜低點不破,ALPHA,31.0,22.0,16.0,16.0,85.0,0.0
2026-10-06,1312,14.85,21589004,14.85,14.85,14.85,0.0241379310344826,0.0171232876712328,0.0276816608996539,0.0102040816326531,0.0,0.0,14.739999999999998,14.665,14.5925,14.5925,0.0233518257352248,12101774.2,15095235.85,1.430186597581382,0.8016949400628277,15.0,13.9,15.0,13.9,0.0740740740690859,14.739999999999998,14.5925,0.0099326599319908,0.0,48.78226073673465,47.3695613810021,1,0.1281899264393118,0.1320575172011238,-0.0038675907618119,0,54679427,1.0436566333835184,2.0,2.0,3.0,3.0,4.0,5.0,50以下,,,,,,,84.0,ALPHA,BUY,買進,反轉確認,短線轉強｜靠近MA20｜均線收斂｜量能回溫｜低點不破,ALPHA,31.0,22.0,20.0,11.0,84.0,0.0
2026-10-06,1315,69.0,48145,69.0,69.0,69.0,0.0043668122270741,0.0043668122270741,0.0132158590308371,0.0117302052785923,0.0,0.0,68.75999999999999,68.49000000000001,67.455,67.455,0.0060392217910317,40191.8,46162.4,1.0429483735680762,0.8706609708333868,69.0,65.8,69.0,65.8,0.0463768115935308,68.75999999999999,67.455,0.0189130434779866,0.0,90.90592147524018,89.75973723745756,1,0.7185504737089303,0.5889084383481381,0.1296420353607922,0,508388,0.3557338709462361,2.0,2.0,3.0,3.0,5.0,5.0,50-100,,,,,,,84.0,ALPHA,TEST,試單,小倉試單,短線轉強｜靠近MA20｜均線收斂｜量能回溫｜低點不破,ALPHA,31.0,22.0,20.0,11.0,84.0,0.0
2026-10-06,2414,53.9,155267,53.9,53.9,53.9,0.015065913370998,0.013157894736842,0.015065913370998,0.0112570356472796,0.0,0.0,53.260000000000005,53.14,52.84,52.84,0.0085858344365641,105929.6,122376.35,1.2687663915454148,0.8656051598204975,53.9,51.7,53.9,51.7,0.0408163265298549,53.260000000000005,52.84,0.0077922077920633,0.0,71.95869524021725,69.4737453068941,1,0.2930585596244626,0.2370867686202297,0.0559717910042328,0,408459,1.4727366286285073,2.0,2.0,3.0,3.0,5.0,6.0,50-100,,,,,,,84.0,ALPHA,TEST,試單,小倉試單,短線轉強｜靠近MA20｜均線收斂｜量能回溫｜低點不破,ALPHA,31.0,22.0,20.0,11.0,84.0,0.0
2026-10-06,6668,51.5,8358122,51.5,51.5,51.5,0.0673575129533678,0.0934182590233545,0.0807974816369361,0.0456852791878172,0.0,0.0,48.25,48.31,45.4275,45.4275,0.038338136973246,4025267.8,4223222.0,1.979086583655796,0.953127209509706,51.5,39.3,51.5,39.3,0.2368932038788953,48.31,45.4275,0.0559708737853211,0.0,61.14209920292261,56.550053731658046,1,2.0307566129360595,1.7093232927857889,0.3214333201502708,0,54471490,0.4415083179000187,3.0,3.0,4.0,4.0,7.0,7.0,50-100,,,,,,,84.0,ALPHA,BUY,買進,反轉確認,短線轉強｜靠近MA20｜均線收斂｜量能回溫｜低點不破,ALPHA,31.0,22.0,20.0,11.0,84.0,0.0
2026-10-06,1443,23.55,26006,23.55,23.55,23.55,0.0216919739696312,0.0085653104925054,0.0239130434782608,0.0021276595744681,0.0,0.0,23.25,23.26,23.37,23.37,0.0123547942518493,14992.6,13168.2,1.974909251074408,1.1385458908581934,23.85,22.85,23.85,22.85,0.0424628450088126,23.37,23.25,0.0050955414010575,0.0,48.48399809893405,33.94068451989492,1,-0.1293331998893379,-0.1371661729700407,0.0078329730807028,1,-53535,-0.3942222825717971,2.0,2.0,3.0,3.0,4.0,4.0,50以下,,,,,,,83.0,ALPHA,TEST,試單,小倉試單,短線轉強｜靠近MA20｜均線收斂｜量能回溫｜低點不破,ALPHA,31.0,22.0,20.0,10.0,83.0,0.0
2026-10-06,2910,24.0,25545,24.0,24.0,24.0,0.0278372591006423,0.0169491525423728,0.0389610389610388,0.0147991543340382,0.0,0.0,23.55,23.57,23.58,23.58,0.0130408262796684,15180.4,13747.45,1.8581627865530077,1.1042338761005783,24.05,23.1,24.05,23.1,0.039583333331684,23.58,23.55,0.0012499999999479,0.0,58.67280295203293,48.356945957780816,1,-0.0386170666873084,-0.0582332716305499,0.0196162049432414,1,14457,-1.3576429260569478,2.0,2.0,3.0,4.0,4.0,5.0,50以下,,,,,,,83.0,ALPHA,BUY,買進,反轉確認,短線轉強｜靠近MA20｜均線收斂｜量能回溫｜低點不破,ALPHA,31.0,22.0,20.0,10.0,83.0,0.0
2026-10-06,4555,42.65,388152,42.65,42.65,42.65,0.0301932367149757,0.0082742316784869,0.0252403846153845,-0.0046674445740957,0.0,0.0,42.14,42.16,42.405,42.405,0.0171755573805863,178000.8,140626.6,2.7601605955060937,1.2657690650275175,44.9,41.4,44.9,41.4,0.0820633059769739,42.405,42.14,0.0062133645953994,0.0,47.17084926608505,33.28875871534211,1,-0.5596604889023311,-0.6248987100582205,0.0652382211558894,1,-10204,-0.949145784741742,1.0,1.0,3.0,3.0,4.0,4.0,50以下,,,,,,,83.0,ALPHA,BUY,買進,反轉確認,短線轉強｜靠近MA20｜均線收斂｜量能回溫｜低點不破,ALPHA,31.0,22.0,20.0,10.0,83.0,0.0
2026-10-06,6614,35.9,48000,35.9,35.9,35.9,0.0169971671388102,0.0169971671388102,0.0213371266002844,0.0013947001394698,0.0,0.0,35.44,35.485,35.572500000000005,35.572500000000005,0.0066111612211597,35467.4,27480.9,1.7466676855560863,1.290620030639415,35.9,35.15,35.9,35.15,0.020891364901925,35.572500000000005,35.44,0.0036908077993402,0.0,51.04763790170246,36.22502834665735,1,-0.0791909182957368,-0.0924584705169346,0.0132675522211977,1,-31490,-0.5632030849042209,2.0,2.0,3.0,4.0,5.0,6.0,50以下,,,,,,,83.0,ALPHA,TEST,試單,小倉試單,短線轉強｜靠近MA20｜均線收斂｜量能回溫｜低點不破,ALPHA,31.0,22.0,20.0,10.0,83.0,0.0
2026-10-06,2605,36.95,18807859,36.95,36.95,36.95,0.051209103840683,0.0437853107344634,0.0437853107344634,0.0235457063711912,0.0,0.0,35.760000000000005,36.215,36.260000000000005,36.260000000000005,0.0228711539329268,9401764.8,10601248.7,1.7741173263862773,0.8868544702663187,37.3,35.05,37.3,35.05,0.06089309878049,36.260000000000005,35.760000000000005,0.0135317997289977,0.0,41.26421045798148,34.3640772681368,1,-0.1154538153385189,-0.0786750346932958,-0.0367787806452231,0,27134895,46.6454521989686,2.0,2.0,3.0,3.0,4.0,4.0,50以下,,,,,,,81.0,ALPHA,BUY,買進,反轉確認,短線轉強｜靠近MA20｜均線收斂｜量能回溫｜低點不破,ALPHA,31.0,22.0,20.0,8.0,81.0,0.0
2026-10-06,2637,100.0,3342915,100.0,100.0,100.0,0.0235414534288638,0.0493179433368311,0.0526315789473683,-0.0196078431372549,0.0,0.0,97.64,98.72,99.545,99.545,0.0253002373444587,2048411.8,3042959.7,1.0985735368102307,0.6731642880449581,102.5,95.0,102.5,95.0,0.07499999999925,99.545,97.64,0.0190499999998093,0.0,53.74880143984621,45.03683804771162,1,-0.405019178928228,-0.2035471133167636,-0.2014720656114644,0,5890738,1.2424223044721394,2.0,2.0,3.0,3.0,4.0,6.0,100-300,,,,,,,81.0,ALPHA,TEST,試單,小倉試單,短線轉強｜靠近MA20｜均線收斂｜量能回溫｜低點不破,ALPHA,31.0,22.0,20.0,8.0,81.0,0.0
2026-10-06,3356,67.5,371891,67.5,67.5,67.5,0.0014836795252224,0.0273972602739724,0.0289634146341464,0.1363636363636364,0.0,0.0,66.67999999999999,66.51,67.5,67.5,0.0471842191223773,267035.2,364593.3846153846,1.020015764664279,0.7324192134799675,68.6,59.4,68.6,59.4,0.136296296294277,66.67999999999999,66.51,0.002518518518481,0.0,80.39301442292273,74.87987672327594,1,1.78603536268389,1.3604580350060689,0.4255773276778212,0,-644832,-0.585521215915504,3.0,3.0,4.0,4.0,6.0,6.0,50-100,,,,,,,81.0,ALPHA,TEST,試單,小倉試單,短線轉強｜靠近MA20｜均線收斂｜量能回溫｜低點不破,ALPHA,31.0,22.0,20.0,8.0,81.0,0.0
2026-10-06,9906,40.8,154794,40.8,40.8,40.8,0.05019305019305,0.0136645962732917,0.0381679389312976,-0.0133010882708586,0.0,0.0,39.78,39.945,39.795,39.795,0.0327199600174283,71472.8,92049.75,1.681634116333812,0.7764583825594228,42.55,36.95,42.55,36.95,0.1372549019574201,39.945,39.78,0.0040441176469596,0.0,52.25714323844326,46.32202472186029,1,-0.4824999784112762,-0.6277674528809769,0.1452674744697006,0,174925,0.6571301357534649,1.0,1.0,3.0,3.0,4.0,4.0,50以下,,,,,,,81.0,ALPHA,BUY,買進,反轉確認,短線轉強｜靠近MA20｜均線收斂｜量能回溫｜低點不破,ALPHA,31.0,22.0,20.0,8.0,81.0,0.0
2026-10-06,3005,118.5,2273822,118.5,118.5,118.5,0.0128205128205127,0.0085106382978723,0.0128205128205127,0.0,0.0,0.0,117.4,117.55,116.475,116.475,0.0100546648031525,1292760.4,1712529.65,1.3277562814751844,0.754883513987626,119.0,112.5,119.0,112.5,0.0548523206746425,117.55,116.475,0.0090717299577293,0.0,58.21366182396832,52.686233156510085,1,1.035873565654697,1.0363016973032526,-0.0004281316485557,0,8865405,0.090650507323079,1.0,2.0,2.0,3.0,4.0,5.0,100-300,,,,,,,80.0,ALPHA,TEST,試單,小倉試單,短線轉強｜靠近MA20｜均線收斂｜量能回溫｜低點不破,ALPHA,31.0,22.0,16.0,11.0,80.0,0.0
2026-10-06,8213,34.3,489258,34.3,34.3,34.3,0.0132939438700145,0.0088235294117646,0.0457317073170731,0.0393939393939393,0.0,0.0,34.18,33.64,33.1225,33.1225,0.0159869916259426,514003.4,361582.6,1.3531016149560258,1.4215379832989714,34.5,32.25,34.5,32.25,0.0655976676365715,34.18,33.1225,0.0308309037891885,0.0,79.34509262634016,77.9256806843201,1,0.331702646624521,0.1777577989522991,0.1539448476722218,0,1443117,6.193500952077123,2.0,2.0,3.0,3.0,5.0,5.0,50以下,,,,,,,80.0,ALPHA,BUY,買進,反轉確認,短線轉強｜靠近MA20｜均線收斂｜量能回溫｜低點不破,ALPHA,31.0,22.0,16.0,11.0,80.0,0.0
2026-10-06,1303,293.0,115482642,293.0,293.0,293.0,0.0244755244755243,0.1535433070866141,0.1862348178137651,0.2310924369747899,0.0,0.0,269.7,253.2,243.3,243.3,0.0356681085120606,85858917.8,70154270.8,1.646124187210567,1.2238587447480105,293.0,221.5,293.0,221.5,0.2440273037534333,269.7,243.3,0.0901023890781907,0.0,96.0943519778049,88.22220547202255,0,11.222847860003952,5.291938602160048,5.930909257843904,0,641631962,0.9644944380924568,3.0,3.0,4.0,4.0,7.0,7.0,100-300,,,,,,,79.0,ALPHA,BUY,買進,反轉確認,短線轉強｜靠近MA20｜均線收斂｜量能回溫｜低點不破,ALPHA,31.0,22.0,20.0,6.0,79.0,0.0
2026-10-06,1445,10.35,144400,10.35,10.35,10.35,0.037074148296593,0.0349999999999999,0.0349999999999999,0.0147058823529411,0.0,0.0,10.086,10.083,10.1615,10.1615,0.0125489217394802,80954.4,76902.15,1.877710831231612,1.0526935852898645,10.4,9.98,10.4,9.98,0.0405797101410067,10.1615,10.083,0.0075845410620691,0.0,38.10586677101608,21.85202113394321,1,-0.0669226852708106,-0.079493439317191,0.0125707540463803,1,-314029,-0.1583586829797784,1.0,2.0,2.0,3.0,3.0,6.0,50以下,,,,,,,79.0,ALPHA,BUY,買進,反轉確認,短線轉強｜靠近MA20｜均線收斂｜量能回溫｜低點不破,ALPHA,31.0,22.0,16.0,10.0,79.0,0.0
2026-10-06,1514,103.5,1070656,103.5,103.5,103.5,0.0147058823529411,0.0147058823529411,0.0147058823529411,0.0197044334975369,0.0,0.0,102.5,102.6,101.92,101.92,0.0128836129264466,828286.6,932465.95,1.1481984945402015,0.8882754378323402,105.0,99.6,105.0,99.6,0.0521739130429742,102.6,101.92,0.0065700483091151,0.0,34.144115628044375,37.93892016279485,0,0.1452713956531823,-0.0071118953384906,0.152383290991673,0,906517,58.04109678259737,2.0,2.0,3.0,3.0,5.0,6.0,100-300,,,,,,,79.0,ALPHA,TEST,試單,小倉試單,短線轉強｜靠近MA20｜均線收斂｜量能回溫｜低點不破,ALPHA,31.0,22.0,20.0,6.0,79.0,0.0
2026-10-06,2243,57.3,619459,57.3,57.3,57.3,0.0513761467889908,0.0977011494252872,0.1346534653465345,0.1670061099796334,0.0,0.0,53.88,52.8,50.41,50.41,0.0398903240736862,460584.0,398667.4,1.5538240648721175,1.1553089116391229,57.3,45.25,57.3,45.25,0.2102966841150035,53.88,50.41,0.0605584642223286,0.0,85.69867919806038,75.50505673571814,0,2.1837595027955103,1.6543774118268435,0.5293820909686666,0,3077942,1.925711385205013,3.0,3.0,4.0,4.0,6.0,6.0,50-100,,,,,,,79.0,ALPHA,BUY,買進,反轉確認,短線轉強｜靠近MA20｜均線收斂｜量能回溫｜低點不破,ALPHA,31.0,22.0,20.0,6.0,79.0,0.0
2026-10-06,2308,2050.0,15043571,2050.0,2050.0,2050.0,0.0224438902743142,0.0761154855643044,0.11716621253406,0.1815561959654179,0.0,0.0,1947.0,1915.5,1816.0,1816.0,0.0349560030070924,11232240.4,12137661.75,1.239412607621892,0.9254039724743522,2050.0,1620.0,2050.0,1620.0,0.2097560975608733,1947.0,1816.0,0.063902439024359,0.0,94.57894873035744,88.71991285777658,0,43.19635488613176,14.6785337327599,28.51782115337186,0,51349747,6.017520792668069,2.0,2.0,4.0,4.0,7.0,8.0,1000以上,,,,,,,79.0,ALPHA,TEST,試單,小倉試單,短線轉強｜靠近MA20｜均線收斂｜量能回溫｜低點不破,ALPHA,31.0,22.0,20.0,6.0,79.0,0.0
2026-10-06,2328,48.1,1999099,48.1,48.1,48.1,-0.0041407867494822,0.0073298429319372,0.0234042553191489,0.0366379310344828,0.0,0.0,47.93,47.55,46.735,46.735,0.0108616468826601,1741995.0,1527054.75,1.309120710963375,1.1407547764741237,48.3,44.9,48.3,44.9,0.070686070684601,47.93,46.735,0.0248440748435583,0.0,90.88613967314052,87.69492200025789,0,0.5346988181164676,0.3582852478790954,0.1764135702373721,0,6784619,2.2730999275390986,2.0,2.0,4.0,4.0,6.0,7.0,50以下,,,,,,,79.0,ALPHA,TEST,試單,小倉試單,短線轉強｜靠近MA20｜均線收斂｜量能回溫｜低點不破,ALPHA,31.0,22.0,20.0,6.0,79.0,0.0
2026-10-06,2376,380.0,6692268,380.0,380.0,380.0,-0.0218790218790219,0.0312075983717774,0.0497237569060773,0.0674157303370786,0.0,0.0,373.8,369.2,360.575,360.575,0.0184025004799652,7273198.6,5827885.25,1.1483184230506251,1.2479996238772886,388.5,343.0,388.5,343.0,0.119736842104948,373.8,360.575,0.0348026315788558,0.0,84.05531344176806,81.99559346338825,0,4.268398697960549,1.1616745814817409,3.1067241164788086,0,19668339,2.061621305079981,2.0,2.0,3.0,3.0,5.0,5.0,300-500,,,,,,,79.0,ALPHA,TEST,試單,小倉試單,短線轉強｜靠近MA20｜均線收斂｜量能回溫｜低點不破,ALPHA,31.0,22.0,20.0,6.0,79.0,0.0
2026-10-06,2476,131.5,2587243,131.5,131.5,131.5,0.0233463035019454,0.0691056910569105,0.0562248995983936,0.0604838709677419,0.0,0.0,126.5,124.95,122.275,122.275,0.0161812931420949,1401035.8,1077936.95,2.4001802702838955,1.299738171142569,131.5,117.0,131.5,117.0,0.1102661596949789,126.5,122.275,0.0321292775662955,0.0,93.59741376186749,86.1074312249792,0,1.7015557385365412,0.6963383569941792,1.005217381542362,0,6349942,1.816047448393796,3.0,3.0,3.0,3.0,6.0,6.0,100-300,,,,,,,79.0,ALPHA,BUY,買進,反轉確認,短線轉強｜靠近MA20｜均線收斂｜量能回溫｜低點不破,ALPHA,31.0,22.0,20.0,6.0,79.0,0.0
2026-10-06,2480,168.0,472563,168.0,168.0,168.0,0.0090090090090089,0.05,0.0532915360501566,0.018181818181818,0.0,0.0,163.2,162.45,160.6,160.6,0.0119514507709869,318304.6,267697.25,1.7652889598230772,1.189046955095724,168.0,155.5,168.0,155.5,0.074404761904319,163.2,160.6,0.0154761904760983,0.0,68.14224636207777,51.92686608408908,0,1.720383272798216,1.149673685103561,0.5707095876946551,0,2051869,2.7460022747645363,3.0,3.0,4.0,5.0,4.0,6.0,100-300,,,,,,,79.0,ALPHA,BUY,買進,反轉確認,短線轉強｜靠近MA20｜均線收斂｜量能回溫｜低點不破,ALPHA,31.0,22.0,20.0,6.0,79.0,0.0
2026-10-06,3014,145.0,1916248,145.0,145.0,145.0,-0.0102389078498293,0.0211267605633802,0.0104529616724737,0.070110701107011,0.0,0.0,143.5,142.3,137.025,137.025,0.0148638785704757,2308657.6,1869766.0,1.0248597952898917,1.2347307631008366,146.5,130.0,146.5,130.0,0.113793103447491,143.5,137.025,0.0446551724134851,0.0,87.75994289575192,88.31764897955215,0,3.34898596411486,2.450516105918851,0.8984698581960089,0,14350602,0.3971363314199372,2.0,2.0,3.0,3.0,6.0,6.0,100-300,,,,,,,79.0,ALPHA,TEST,試單,小倉試單,短線轉強｜靠近MA20｜均線收斂｜量能回溫｜低點不破,ALPHA,31.0,22.0,20.0,6.0,79.0,0.0
2026-10-06,3017,3685.0,3260797,3685.0,3685.0,3685.0,0.0278940027894003,0.0498575498575497,0.0838235294117646,0.0743440233236152,0.0,0.0,3531.0,3488.5,3400.75,3400.75,0.0333374147288246,3619786.6,2983530.55,1.0929323314621326,1.2132560868196909,3685.0,3115.0,3685.0,3115.0,0.1546811397557246,3531.0,3400.75,0.0353459972862862,0.0,83.51446813226882,76.02015451267333,0,46.82525396606843,14.789558992882762,32.03569497318567,0,12106983,20.695624670721347,2.0,2.0,4.0,4.0,6.0,6.0,1000以上,,,,,,,79.0,ALPHA,TEST,試單,小倉試單,短線轉強｜靠近MA20｜均線收斂｜量能回溫｜低點不破,ALPHA,31.0,22.0,20.0,6.0,79.0,0.0
2026-10-06,3044,579.0,3954803,579.0,579.0,579.0,0.0394973070017954,0.0945179584120983,0.1113243761996161,0.1177606177606178,0.0,0.0,546.4,539.7,520.925,520.925,0.0237867117456416,2516298.8,2842872.2,1.3911293655761234,0.885125543103907,579.0,484.0,579.0,484.0,0.1640759930912537,546.4,520.925,0.0439982728842072,0.0,90.7106373956756,84.37827691469607,0,15.365717745331722,10.41772278626232,4.947994959069401,0,24309753,1.0727503545070074,3.0,3.0,5.0,5.0,8.0,8.0,500-1000,,,,,,,79.0,ALPHA,BUY,買進,反轉確認,短線轉強｜靠近MA20｜均線收斂｜量能回溫｜低點不破,ALPHA,31.0,22.0,20.0,6.0,79.0,0.0
2026-10-06,3058,8.16,437019,8.16,8.16,8.16,0.0049261083743843,0.0012269938650306,0.0012269938650306,0.0012269938650306,0.0,0.0,8.162,8.2,8.115,8.115,0.0093468185545459,396574.2,427572.5,1.022093329201478,0.9275016517666572,8.32,7.94,8.32,7.94,0.0465686274452734,8.2,8.115,0.01041666666539,0.0,27.48294239598029,41.98060608718037,0,0.0412744942176157,0.0434790649901474,-0.0022045707725317,0,1433295,0.522349394903038,2.0,2.0,3.0,3.0,5.0,5.0,50以下,,,,,,,79.0,ALPHA,TEST,試單,小倉試單,短線轉強｜靠近MA20｜均線收斂｜量能回溫｜低點不破,ALPHA,31.0,22.0,20.0,6.0,79.0,0.0
2026-10-06,3338,70.7,1176175,70.7,70.7,70.7,0.0085592011412269,0.0412371134020617,0.0412371134020617,0.0397058823529412,0.0,0.0,69.14000000000001,68.29,67.405,67.405,0.0142130710796898,681848.8,526650.8,2.233310952912248,1.294688624796542,70.7,64.7,70.7,64.7,0.0848656294188845,69.14000000000001,67.405,0.0245403111736276,0.0,96.9385640450021,90.5774228212493,0,0.8779028763030112,0.5034011901122173,0.3745016861907939,0,4293319,1.741948957427907,3.0,3.0,4.0,4.0,7.0,7.0,50-100,,,,,,,79.0,ALPHA,BUY,買進,反轉確認,短線轉強｜靠近MA20｜均線收斂｜量能回溫｜低點不破,ALPHA,31.0,22.0,20.0,6.0,79.0,0.0
2026-10-06,3715,133.0,12113936,133.0,133.0,133.0,0.0,0.0310077519379845,0.0682730923694778,0.1223628691983123,0.0,0.0,130.2,127.1,125.125,125.125,0.0369285287030061,7964387.0,6755917.05,1.7930853665528648,1.178875782674093,135.0,118.5,135.0,118.5,0.124060150375007,130.2,125.125,0.0381578947365551,0.0,92.25651366469228,79.20590309181426,0,2.622012934728957,1.5943677748401237,1.0276451598888334,0,43900213,1.7111927374477631,2.0,3.0,4.0,5.0,6.0,8.0,100-300,,,,,,,79.0,ALPHA,BUY,買進,反轉確認,短線轉強｜靠近MA20｜均線收斂｜量能回溫｜低點不破,ALPHA,31.0,22.0,20.0,6.0,79.0,0.0
