stock_id,stock_name
1101,台泥
1301,台塑
1303,南亞
1307,三芳
1310,台苯
1313,聯成
1315,達新
1338,廣華-KY
1416,廣豐
1418,東華
1456,怡華
1459,聯發
1468,昶和
1558,伸興
1560,中砂
1568,倉佑
1597,直得
1605,華新
1609,大亞
1617,榮星
1702,南僑
1708,東鹼
1710,東聯
1721,國慶科技
1727,中華化
1809,中釉
2002,中鋼
2010,春源
2014,中鴻
2017,官田鋼
2024,志聯
2025,千興
2027,大成鋼
2028,威致
2029,盛餘
2031,新光鋼
2032,新鋼
2034,允強
2038,海光
2072,世紀風電
2103,台橡
2233,宇隆
2241,艾姆勒
2258,鴻華先進-創
2302,麗正
2314,台揚
2316,楠梓電
2317,鴻海
2327,國巨*
2328,廣宇
2329,華泰
2330,台積電
2340,台亞
2342,茂矽
2344,華邦電
2347,聯強
2367,燿華
2371,大同
2375,凱美
2376,技嘉
2393,億光
2397,友通
2399,映泰
2401,凌陽
2404,漢唐
2405,輔信
2406,國碩
2408,南亞科
2409,友達
2420,新巨
2425,承啟
2426,鼎元
2428,興勤
2436,偉詮電
2444,兆勁
2451,創見
2458,義隆
2466,冠西電
2472,立隆電
2478,大毅
2481,強茂
2483,百容
2484,希華
2486,一詮
2492,華新科
2498,宏達電
2614,東森
2753,八方雲集
2901,欣欣
2939,永邑-KY
3004,豐達科
3013,晟銘電
3014,聯陽
3015,全漢
3017,奇鋐
3018,隆銘綠能
3025,星通
3026,禾伸堂
3030,德律
3032,偉訓
3035,智原
3036,文曄
3037,欣興
3038,全台
3041,揚智
3042,晶技
3048,益登
3050,鈺德
3051,力特
3052,夆典
3054,立萬利
3060,銘異
3090,日電貿
3092,鴻碩
3149,正達
3164,景岳
3167,大量
3168,眾福科
3189,景碩
3231,緯創
3308,聯德
3311,閎暉
3413,京鼎
3416,融程電
3481,群創
3528,安馳
3532,台勝科
3533,嘉澤
3535,晶彩科
3543,州巧
3550,聯穎
3583,辛耘
3588,通嘉
3591,艾笛森
3592,瑞鼎
3593,力銘
3605,宏致
3645,達邁
3652,精聯
3653,健策
3665,貿聯-KY
3673,TPK-KY
3686,達能
3701,大眾控
3702,大聯大
3711,日月光投控
3717,聯嘉投控
4142,國光生
4164,承業醫
4178,永笙-KY
4526,東台
4540,全球傳動
4545,銘鈺
4551,智伸科
4564,元翎
4566,時碩工業
4722,國精化
4739,康普
4746,台耀
4755,三福化
4906,正文
4912,聯德控股-KY
4919,新唐
4935,茂林-KY
4952,凌通
4956,光鋐
4958,臻鼎-KY
4960,誠美材
4961,天鈺
4968,立積
5234,達興材料
5243,乙盛-KY
5285,界霖
5292,華懋
5434,崇越
5469,瀚宇博
6108,競國
6120,達運
6133,金橋
6136,富爾特
6139,亞翔
6142,友勁
6153,嘉聯益
6155,鈞寶
6189,豐藝
6196,帆宣
6197,佳必琪
6202,盛群
6205,詮欣
6209,今國光
6213,聯茂
6226,光鼎
6243,迅杰
6257,矽格
6278,台表科
6405,悅城
6414,樺漢
6438,迅得
6449,鈺邦
6456,GIS-KY
6472,保瑞
6491,晶碩
6505,台塑化
6525,捷敏-KY
6552,易華電
6558,興能高
6579,研揚
6666,羅麗芬-KY
6672,騰輝電子-KY
6691,洋基工程
6695,芯鼎
6706,惠特
6742,澤米
6743,安普新
6770,力積電
6771,平和環保-創
6789,采鈺
6799,來頡
6834,天二科技
6862,三集瑞-KY
6901,鑽石投資
6933,AMA-KY
6944,兆聯實業
6962,奕力-KY
7631,聚賢研發-創
7711,永擎
7730,暉盛-創
7749,意騰-KY
7768,頌勝科技
7795,長廣
7822,倍利科
7827,漢康-KY創
8016,矽創
8021,尖點
8028,昇陽半導體
8033,雷虎
8039,台虹
8046,南電
8081,致新
8104,錸寶
8150,南茂
8162,微矽電子-創
8163,達方
8213,志超
8215,明基材
8261,富鼎
8438,昶昕
8476,台境*
9928,中視
