signal_date,trade_date,action,action_label,action_sub,stock_id,price_tier,ref_price,target_weight,suggested_amount,suggested_shares,estimated_total_cost,entry_score,trend_score,volume_score,structure_score,confirm_score,source,note
2026-10-07,2026-10-08,BUY,🟢 買進,可分批進場,2515,50以下,12.1621,0.02,20000.0,1644.45,20030.0,95.0,28.0,25.0,22.0,20.0,V265_CLEAN,趨勢轉強｜量能回溫｜結構收斂｜KD/MACD確認
2026-10-07,2026-10-08,BUY,🟢 買進,可分批進場,1795,100-300,182.6825,0.02,20000.0,109.48,20030.0,92.0,28.0,25.0,22.0,17.0,V265_CLEAN,趨勢轉強｜量能回溫｜結構收斂｜KD/MACD確認
2026-10-07,2026-10-08,BUY,🟢 買進,可分批進場,2543,50以下,39.1891,0.02,20000.0,510.35,20030.0,92.0,28.0,25.0,22.0,17.0,V265_CLEAN,趨勢轉強｜量能回溫｜結構收斂｜KD/MACD確認
2026-10-07,2026-10-08,BUY,🟢 買進,可分批進場,6141,50-100,53.4534,0.02,20000.0,374.16,20030.0,91.0,28.0,25.0,25.0,13.0,V265_CLEAN,趨勢轉強｜量能回溫｜結構收斂｜KD/MACD確認
2026-10-07,2026-10-08,BUY,🟢 買進,可分批進場,6472,300-500,428.428,0.02,20000.0,46.68,20030.0,90.0,28.0,17.0,25.0,20.0,V265_CLEAN,趨勢轉強｜量能回溫｜結構收斂｜KD/MACD確認
2026-10-07,2026-10-08,BUY,🟢 買進,可分批進場,2607,50-100,55.7557,0.02,20000.0,358.71,20030.0,90.0,28.0,20.0,22.0,20.0,V265_CLEAN,趨勢轉強｜量能回溫｜結構收斂｜KD/MACD確認
2026-10-07,2026-10-08,BUY,🟢 買進,可分批進場,9904,50以下,24.9749,0.02,20000.0,800.8,20030.0,89.0,22.0,25.0,22.0,20.0,V265_CLEAN,趨勢轉強｜量能回溫｜結構收斂｜KD/MACD確認
2026-10-07,2026-10-08,BUY,🟢 買進,可分批進場,1312,50以下,15.065,0.02,20000.0,1327.58,20030.0,88.0,28.0,25.0,22.0,13.0,V265_CLEAN,趨勢轉強｜量能回溫｜結構收斂｜KD/MACD確認
2026-10-07,2026-10-08,TEST,🟠 試單,小倉測試,1102,50以下,35.9359,0.005,5000.0,139.14,5007.5,75.0,28.0,9.0,18.0,20.0,V265_CLEAN,趨勢轉強｜量能正常｜結構收斂｜KD/MACD確認
2026-10-07,2026-10-08,TEST,🟠 試單,小倉測試,1402,50以下,28.6286,0.005,5000.0,174.65,5007.5,74.0,25.0,17.0,22.0,10.0,V265_CLEAN,趨勢轉強｜量能回溫｜結構收斂｜KD/MACD確認
2026-10-07,2026-10-08,TEST,🟠 試單,小倉測試,1216,50-100,75.5755,0.005,5000.0,66.16,5007.5,73.0,28.0,20.0,22.0,3.0,V265_CLEAN,趨勢轉強｜量能回溫｜結構收斂
2026-10-07,2026-10-08,TEST,🟠 試單,小倉測試,1309,50以下,14.4144,0.005,5000.0,346.88,5007.5,73.0,28.0,17.0,22.0,6.0,V265_CLEAN,趨勢轉強｜量能回溫｜結構收斂｜指標初轉強
2026-10-07,2026-10-08,TEST,🟠 試單,小倉測試,2301,300-500,300.3,0.005,5000.0,16.65,5007.5,73.0,28.0,17.0,22.0,6.0,V265_CLEAN,趨勢轉強｜量能回溫｜結構收斂｜指標初轉強
2026-10-07,2026-10-08,TEST,🟠 試單,小倉測試,2328,50以下,48.2482,0.005,5000.0,103.63,5007.5,73.0,28.0,17.0,22.0,6.0,V265_CLEAN,趨勢轉強｜量能回溫｜結構收斂｜指標初轉強
2026-10-07,2026-10-08,TEST,🟠 試單,小倉測試,2329,50以下,45.4454,0.005,5000.0,110.02,5007.5,73.0,28.0,17.0,22.0,6.0,V265_CLEAN,趨勢轉強｜量能回溫｜結構收斂｜指標初轉強
2026-10-07,2026-10-08,TEST,🟠 試單,小倉測試,2397,50-100,63.4634,0.005,5000.0,78.79,5007.5,73.0,28.0,17.0,22.0,6.0,V265_CLEAN,趨勢轉強｜量能回溫｜結構收斂｜指標初轉強
2026-10-07,2026-10-08,WATCH,🟡 觀察,觀察等待確認,3054,50-100,58.9589,0.0,0.0,0.0,0.0,73.0,22.0,20.0,25.0,6.0,V265_CLEAN,趨勢轉強｜量能回溫｜結構收斂｜指標初轉強
2026-10-07,2026-10-08,WATCH,🟡 觀察,觀察等待確認,6491,300-500,411.9115,0.0,0.0,0.0,0.0,73.0,22.0,20.0,25.0,6.0,V265_CLEAN,趨勢轉強｜量能回溫｜結構收斂｜指標初轉強
2026-10-07,2026-10-08,WATCH,🟡 觀察,觀察等待確認,3021,50以下,27.9779,0.0,0.0,0.0,0.0,72.0,22.0,25.0,19.0,6.0,V265_CLEAN,趨勢轉強｜量能回溫｜結構收斂｜指標初轉強
2026-10-07,2026-10-08,WATCH,🟡 觀察,觀察等待確認,1612,50以下,35.085,0.0,0.0,0.0,0.0,71.0,22.0,25.0,18.0,6.0,V265_CLEAN,趨勢轉強｜量能回溫｜結構收斂｜指標初轉強
2026-10-07,2026-10-08,WATCH,🟡 觀察,觀察等待確認,4557,50-100,50.2502,0.0,0.0,0.0,0.0,71.0,22.0,25.0,18.0,6.0,V265_CLEAN,趨勢轉強｜量能回溫｜結構收斂｜指標初轉強
2026-10-07,2026-10-08,WATCH,🟡 觀察,觀察等待確認,1568,50以下,31.3813,0.0,0.0,0.0,0.0,70.0,22.0,17.0,25.0,6.0,V265_CLEAN,趨勢轉強｜量能回溫｜結構收斂｜指標初轉強
2026-10-07,2026-10-08,WATCH,🟡 觀察,觀察等待確認,2034,50以下,24.1741,0.0,0.0,0.0,0.0,70.0,22.0,17.0,25.0,6.0,V265_CLEAN,趨勢轉強｜量能回溫｜結構收斂｜指標初轉強
2026-10-07,2026-10-08,WATCH,🟡 觀察,觀察等待確認,2436,50-100,72.4724,0.0,0.0,0.0,0.0,70.0,22.0,17.0,25.0,6.0,V265_CLEAN,趨勢轉強｜量能回溫｜結構收斂｜指標初轉強
2026-10-07,2026-10-08,WATCH,🟡 觀察,觀察等待確認,2915,50-100,58.5585,0.0,0.0,0.0,0.0,70.0,22.0,17.0,25.0,6.0,V265_CLEAN,趨勢轉強｜量能回溫｜結構收斂｜指標初轉強
2026-10-07,2026-10-08,WATCH,🟡 觀察,觀察等待確認,3041,50以下,24.024,0.0,0.0,0.0,0.0,70.0,22.0,17.0,25.0,6.0,V265_CLEAN,趨勢轉強｜量能回溫｜結構收斂｜指標初轉強
2026-10-07,2026-10-08,WATCH,🟡 觀察,觀察等待確認,4916,100-300,102.6025,0.0,0.0,0.0,0.0,70.0,22.0,20.0,25.0,3.0,V265_CLEAN,趨勢轉強｜量能回溫｜結構收斂
2026-10-07,2026-10-08,WATCH,🟡 觀察,觀察等待確認,2482,50以下,16.2662,0.0,0.0,0.0,0.0,70.0,22.0,20.0,22.0,6.0,V265_CLEAN,趨勢轉強｜量能回溫｜結構收斂｜指標初轉強
2026-10-07,2026-10-08,WATCH,🟡 觀察,觀察等待確認,3530,50-100,58.6586,0.0,0.0,0.0,0.0,70.0,22.0,20.0,22.0,6.0,V265_CLEAN,趨勢轉強｜量能回溫｜結構收斂｜指標初轉強
2026-10-07,2026-10-08,WATCH,🟡 觀察,觀察等待確認,6698,50以下,31.9319,0.0,0.0,0.0,0.0,69.0,22.0,20.0,21.0,6.0,V265_CLEAN,趨勢轉強｜量能回溫｜結構收斂｜指標初轉強
